Price,Close,High,Low,Open,Volume
Ticker,SPY,SPY,SPY,SPY,SPY
Datetime,,,,,
2025-12-10 14:30:00+00:00,682.666015625,683.0700073242188,681.3099975585938,682.5599975585938,4637194
2025-12-10 14:45:00+00:00,683.1243896484375,683.3300170898438,682.3099975585938,682.6599731445312,2822926
2025-12-10 15:00:00+00:00,683.0200805664062,683.4349975585938,682.719970703125,683.125,1892174
2025-12-10 15:15:00+00:00,682.989990234375,683.4600219726562,682.7760009765625,683.030029296875,1775050
2025-12-10 15:30:00+00:00,682.364990234375,683.0670166015625,681.6699829101562,682.989990234375,2409766
2025-12-10 15:45:00+00:00,682.25,683.22998046875,682.030029296875,682.360107421875,1495472
2025-12-10 16:00:00+00:00,683.1179809570312,683.125,681.4500122070312,682.25,1899297
2025-12-10 16:15:00+00:00,683.719970703125,683.8699951171875,683.010009765625,683.1151733398438,1973051
2025-12-10 16:30:00+00:00,683.27001953125,683.8400268554688,683.1649780273438,683.719970703125,1230994
2025-12-10 16:45:00+00:00,683.5999755859375,683.72998046875,683.0098876953125,683.280029296875,1232425
2025-12-10 17:00:00+00:00,683.25,683.7000122070312,683.0700073242188,683.5700073242188,917021
2025-12-10 17:15:00+00:00,683.1400146484375,683.4400024414062,682.9500122070312,683.260009765625,917664
2025-12-10 17:30:00+00:00,683.0800170898438,683.5399780273438,682.9201049804688,683.1199951171875,688606
2025-12-10 17:45:00+00:00,683.8400268554688,684.219970703125,683.02001953125,683.0700073242188,1205937
2025-12-10 18:00:00+00:00,683.8300170898438,684.0599975585938,683.6199951171875,683.8300170898438,1019575
2025-12-10 18:15:00+00:00,682.8900146484375,683.9400024414062,682.7000122070312,683.8250122070312,1193614
2025-12-10 18:30:00+00:00,682.6950073242188,683.3800048828125,682.6799926757812,682.8800048828125,2008885
2025-12-10 18:45:00+00:00,682.8699951171875,683.1099853515625,682.4450073242188,682.6900024414062,1271568
2025-12-10 19:00:00+00:00,684.75,685.739990234375,682.6699829101562,682.8599853515625,5527735
2025-12-10 19:15:00+00:00,684.2100219726562,685.5700073242188,683.239990234375,684.760009765625,2920928
2025-12-10 19:30:00+00:00,684.3499755859375,686.8200073242188,683.3599853515625,684.2100219726562,6823108
2025-12-10 19:45:00+00:00,687.8800048828125,688.0599975585938,684.239990234375,684.3109741210938,5775089
2025-12-10 20:00:00+00:00,688.47998046875,688.6199951171875,687.0800170898438,687.8699951171875,4930296
2025-12-10 20:15:00+00:00,688.1199951171875,688.8300170898438,687.7949829101562,688.4650268554688,4256048
2025-12-10 20:30:00+00:00,688.375,688.969970703125,687.9500122070312,688.0999755859375,3892055
2025-12-10 20:45:00+00:00,687.4600219726562,688.7000122070312,687.219970703125,688.364990234375,10019435
2025-12-11 14:30:00+00:00,685.5850219726562,685.8200073242188,684.47998046875,685.1400146484375,6154642
2025-12-11 14:45:00+00:00,682.6199951171875,685.7000122070312,682.2899780273438,685.594970703125,5438597
2025-12-11 15:00:00+00:00,685.030029296875,685.3900146484375,682.1649780273438,682.6500244140625,4519432
2025-12-11 15:15:00+00:00,686.260009765625,686.7994995117188,684.5750122070312,685.0,3150610
2025-12-11 15:30:00+00:00,685.77001953125,686.4500122070312,685.3699951171875,686.27001953125,2567224
2025-12-11 15:45:00+00:00,685.739990234375,686.1699829101562,684.0700073242188,685.7698974609375,2787762
2025-12-11 16:00:00+00:00,685.3699951171875,686.1400146484375,684.8900146484375,685.739990234375,2169629
2025-12-11 16:15:00+00:00,684.60498046875,685.780029296875,684.4000244140625,685.3699951171875,1453153
2025-12-11 16:30:00+00:00,686.469970703125,686.72998046875,684.5399780273438,684.6099853515625,2692460
2025-12-11 16:45:00+00:00,685.5,686.969970703125,684.844970703125,686.47998046875,2611603
2025-12-11 17:00:00+00:00,686.719970703125,687.0,685.39501953125,685.52001953125,2029789
2025-12-11 17:15:00+00:00,687.35498046875,687.9099731445312,686.5900268554688,686.719970703125,2418724
2025-12-11 17:30:00+00:00,687.780029296875,688.0350952148438,687.3400268554688,687.3499755859375,1878049
2025-12-11 17:45:00+00:00,687.2899780273438,687.9149780273438,686.97998046875,687.7899780273438,1815982
2025-12-11 18:00:00+00:00,688.010009765625,688.1900024414062,687.0900268554688,687.280029296875,1258671
2025-12-11 18:15:00+00:00,687.625,688.1243896484375,687.4099731445312,688.02001953125,1545286
2025-12-11 18:30:00+00:00,688.530029296875,688.625,687.2999877929688,687.6199951171875,1626404
2025-12-11 18:45:00+00:00,687.9600219726562,688.619873046875,687.760009765625,688.5399780273438,1605525
2025-12-11 19:00:00+00:00,688.25,688.4099731445312,687.8499755859375,687.969970703125,1785473
2025-12-11 19:15:00+00:00,688.6799926757812,688.7899780273438,688.239990234375,688.260009765625,1939762
2025-12-11 19:30:00+00:00,689.0150146484375,689.0499877929688,688.5900268554688,688.6799926757812,2090322
2025-12-11 19:45:00+00:00,688.8300170898438,689.25,688.8200073242188,689.02001953125,2065621
2025-12-11 20:00:00+00:00,688.7100219726562,689.1599731445312,688.6599731445312,688.8300170898438,2044488
2025-12-11 20:15:00+00:00,688.4349975585938,688.9299926757812,688.4099731445312,688.7100219726562,1888945
2025-12-11 20:30:00+00:00,688.4000244140625,688.5499877929688,687.989990234375,688.4400024414062,4030775
2025-12-11 20:45:00+00:00,689.1500244140625,689.1799926757812,688.0900268554688,688.3900146484375,8632586
2025-12-12 14:30:00+00:00,687.9400024414062,688.8800048828125,687.7000122070312,688.1699829101562,5269209
2025-12-12 14:45:00+00:00,687.489990234375,688.1500244140625,687.1699829101562,687.9400024414062,2959743
2025-12-12 15:00:00+00:00,685.9099731445312,687.5399780273438,685.5800170898438,687.4600219726562,5221110
2025-12-12 15:15:00+00:00,683.75,686.1300048828125,683.6300048828125,685.9099731445312,5825571
2025-12-12 15:30:00+00:00,685.2000122070312,685.2100219726562,683.3099975585938,683.75,4705216
2025-12-12 15:45:00+00:00,681.739990234375,685.6099853515625,681.3099975585938,685.2000122070312,5735314
2025-12-12 16:00:00+00:00,681.030029296875,682.4600219726562,680.1799926757812,681.72998046875,7343780
2025-12-12 16:15:00+00:00,681.27001953125,681.7100219726562,679.7000122070312,681.030029296875,4962185
2025-12-12 16:30:00+00:00,680.7000122070312,681.2899780273438,679.1743774414062,681.27001953125,3768948
2025-12-12 16:45:00+00:00,680.5994262695312,680.75,679.6599731445312,680.7000122070312,3196302
2025-12-12 17:00:00+00:00,681.8800048828125,682.1199951171875,680.3300170898438,680.5900268554688,2525923
2025-12-12 17:15:00+00:00,681.4600219726562,683.02001953125,681.3800048828125,681.8800048828125,2427208
2025-12-12 17:30:00+00:00,682.469970703125,682.8499755859375,680.9450073242188,681.4400024414062,2059712
2025-12-12 17:45:00+00:00,682.6699829101562,683.239990234375,682.3699951171875,682.4600219726562,1417831
2025-12-12 18:00:00+00:00,683.6500244140625,684.2100219726562,682.3800048828125,682.6799926757812,2907394
2025-12-12 18:15:00+00:00,683.8800048828125,684.3400268554688,683.0999755859375,683.6500244140625,1900320
2025-12-12 18:30:00+00:00,682.97998046875,683.9000244140625,682.7999877929688,683.8800048828125,2876959
2025-12-12 18:45:00+00:00,682.5399780273438,683.5399780273438,682.469970703125,682.989990234375,1753986
2025-12-12 19:00:00+00:00,681.739990234375,682.6699829101562,681.5499877929688,682.5499877929688,2913771
2025-12-12 19:15:00+00:00,681.4749755859375,682.0700073242188,681.2100219726562,681.72998046875,2212109
2025-12-12 19:30:00+00:00,681.7899780273438,682.27001953125,681.4600219726562,681.489990234375,2327615
2025-12-12 19:45:00+00:00,681.9699096679688,682.2100219726562,681.5499877929688,681.780029296875,1975266
2025-12-12 20:00:00+00:00,681.8200073242188,682.5150146484375,681.4600219726562,681.9600219726562,2873762
2025-12-12 20:15:00+00:00,681.3599853515625,682.0656127929688,681.0999755859375,681.8200073242188,3231818
2025-12-12 20:30:00+00:00,680.8397216796875,681.489990234375,680.0700073242188,681.369873046875,5686810
2025-12-12 20:45:00+00:00,681.72998046875,681.8699951171875,680.72998046875,680.8400268554688,10043487
2025-12-15 14:30:00+00:00,683.6199951171875,685.760009765625,683.5549926757812,685.739990234375,7297117
2025-12-15 14:45:00+00:00,682.4299926757812,683.8712158203125,682.2999877929688,683.6199951171875,5433477
2025-12-15 15:00:00+00:00,681.364990234375,682.5850219726562,681.1400146484375,682.4299926757812,4611252
2025-12-15 15:15:00+00:00,679.8200073242188,681.5,679.25,681.3400268554688,4962594
2025-12-15 15:30:00+00:00,681.7999877929688,681.8200073242188,679.5900268554688,679.8200073242188,4212108
2025-12-15 15:45:00+00:00,681.1500244140625,682.1599731445312,680.7349853515625,681.7999877929688,3238518
2025-12-15 16:00:00+00:00,681.030029296875,681.8892211914062,680.5599975585938,681.1400146484375,2392027
2025-12-15 16:15:00+00:00,682.7899780273438,683.0599975585938,680.969970703125,681.0399780273438,2641367
2025-12-15 16:30:00+00:00,680.5499877929688,682.9199829101562,680.4099731445312,682.7899780273438,3604415
2025-12-15 16:45:00+00:00,680.8800048828125,681.739990234375,680.1400146484375,680.5700073242188,2944774
2025-12-15 17:00:00+00:00,680.8300170898438,681.3300170898438,680.5700073242188,680.8800048828125,1806846
2025-12-15 17:15:00+00:00,680.6500244140625,681.0999755859375,680.2100219726562,680.8099975585938,1798014
2025-12-15 17:30:00+00:00,681.1900024414062,681.4500122070312,680.0700073242188,680.6500244140625,2083109
2025-12-15 17:45:00+00:00,680.50439453125,681.4000244140625,679.4199829101562,681.1799926757812,2714082
2025-12-15 18:00:00+00:00,680.97998046875,681.0999755859375,680.0050048828125,680.5,1508907
2025-12-15 18:15:00+00:00,679.97998046875,681.1900024414062,679.510009765625,680.97998046875,1655294
2025-12-15 18:30:00+00:00,680.280029296875,680.4000244140625,679.6199951171875,679.97998046875,1640748
2025-12-15 18:45:00+00:00,681.02001953125,681.4000244140625,680.1900024414062,680.2899780273438,1573908
2025-12-15 19:00:00+00:00,680.7999877929688,681.5496826171875,680.7899780273438,681.02001953125,1956889
2025-12-15 19:15:00+00:00,680.8355102539062,681.159912109375,680.4400024414062,680.7999877929688,2038507
2025-12-15 19:30:00+00:00,680.60498046875,681.0900268554688,680.510009765625,680.8350219726562,1594274
2025-12-15 19:45:00+00:00,681.689697265625,681.780029296875,680.4400024414062,680.5999755859375,2323931
2025-12-15 20:00:00+00:00,681.280029296875,681.739990234375,681.02001953125,681.6900024414062,2272820
2025-12-15 20:15:00+00:00,681.0700073242188,681.5850219726562,680.6900024414062,681.280029296875,3146357
2025-12-15 20:30:00+00:00,680.6900024414062,681.3350219726562,680.5499877929688,681.0900268554688,3473704
2025-12-15 20:45:00+00:00,680.7100219726562,681.5999755859375,680.6099853515625,680.6898803710938,10040345
2025-12-16 14:30:00+00:00,678.6500854492188,680.5001220703125,678.1500244140625,679.22998046875,7781025
2025-12-16 14:45:00+00:00,680.7899780273438,681.02001953125,677.6799926757812,678.72998046875,4327822
2025-12-16 15:00:00+00:00,679.3150024414062,681.0800170898438,678.97998046875,680.8200073242188,3366682
2025-12-16 15:15:00+00:00,677.6900024414062,679.530029296875,676.4400024414062,679.280029296875,4501206
2025-12-16 15:30:00+00:00,678.1099853515625,678.6900024414062,677.02001953125,677.7100219726562,3743138
2025-12-16 15:45:00+00:00,679.0,679.4149780273438,677.5800170898438,678.1400146484375,2681185
2025-12-16 16:00:00+00:00,677.739990234375,679.32177734375,677.469970703125,678.989990234375,3024357
2025-12-16 16:15:00+00:00,677.135009765625,677.8599853515625,676.8099975585938,677.739990234375,2074689
2025-12-16 16:30:00+00:00,677.375,677.739990234375,676.6099853515625,677.1400146484375,1940482
2025-12-16 16:45:00+00:00,678.280029296875,678.489990234375,677.0399780273438,677.364990234375,1904708
2025-12-16 17:00:00+00:00,678.5800170898438,678.760009765625,677.4600219726562,678.2999877929688,1865160
2025-12-16 17:15:00+00:00,677.3800048828125,678.9400024414062,677.02001953125,678.5800170898438,1580573
2025-12-16 17:30:00+00:00,676.7100219726562,678.280029296875,676.3049926757812,677.3748168945312,1879466
2025-12-16 17:45:00+00:00,675.5999755859375,677.1300048828125,675.4199829101562,676.739990234375,2394088
2025-12-16 18:00:00+00:00,676.0499877929688,676.0700073242188,674.97998046875,675.6099853515625,3486242
2025-12-16 18:15:00+00:00,675.5900268554688,676.2000122070312,675.3400268554688,676.0399780273438,1863518
2025-12-16 18:30:00+00:00,677.8400268554688,677.9299926757812,675.5599975585938,675.5900268554688,2848087
2025-12-16 18:45:00+00:00,677.8599853515625,678.6099853515625,677.6400146484375,677.8599853515625,2680636
2025-12-16 19:00:00+00:00,676.1500244140625,677.9000244140625,676.010009765625,677.8499755859375,4147051
2025-12-16 19:15:00+00:00,677.0499877929688,677.0800170898438,675.8599853515625,676.155029296875,2837582
2025-12-16 19:30:00+00:00,677.9349975585938,678.1300048828125,676.9299926757812,677.0399780273438,2196476
2025-12-16 19:45:00+00:00,677.9400024414062,678.5800170898438,677.4901123046875,677.9500122070312,4060091
2025-12-16 20:00:00+00:00,678.3200073242188,679.010009765625,677.6300048828125,677.9400024414062,3907056
2025-12-16 20:15:00+00:00,679.2000122070312,679.260009765625,678.260009765625,678.3300170898438,2582893
2025-12-16 20:30:00+00:00,679.989990234375,680.5599975585938,679.1699829101562,679.1950073242188,5446733
2025-12-16 20:45:00+00:00,678.8599853515625,680.4099731445312,678.8200073242188,680.0,11654079
2025-12-17 14:30:00+00:00,678.52001953125,680.4349975585938,678.1099853515625,679.8900146484375,7388264
2025-12-17 14:45:00+00:00,679.2650146484375,679.52001953125,677.5999755859375,678.52001953125,4030126
2025-12-17 15:00:00+00:00,678.8699951171875,679.6799926757812,678.2100219726562,679.260009765625,2754651
2025-12-17 15:15:00+00:00,678.9299926757812,679.3699951171875,678.1099853515625,678.8800048828125,2251524
2025-12-17 15:30:00+00:00,676.0399780273438,679.1699829101562,675.594970703125,678.9199829101562,4194726
2025-12-17 15:45:00+00:00,674.5599975585938,676.4199829101562,674.02001953125,676.030029296875,5652376
2025-12-17 16:00:00+00:00,673.7100219726562,675.7000122070312,673.6699829101562,674.5499877929688,3777166
2025-12-17 16:15:00+00:00,674.635009765625,675.389892578125,673.4299926757812,673.7000122070312,3321691
2025-12-17 16:30:00+00:00,674.3399047851562,674.760009765625,673.5045166015625,674.6300048828125,2861748
2025-12-17 16:45:00+00:00,674.22998046875,674.739990234375,673.0700073242188,674.3099975585938,2614504
2025-12-17 17:00:00+00:00,673.4000244140625,674.489990234375,673.0800170898438,674.219970703125,2862678
2025-12-17 17:15:00+00:00,674.1500244140625,675.0499877929688,673.1799926757812,673.39501953125,2013076
2025-12-17 17:30:00+00:00,673.5999755859375,675.0700073242188,673.469970703125,674.1599731445312,1535325
2025-12-17 17:45:00+00:00,673.7999877929688,674.0999755859375,673.0,673.6099853515625,1981526
2025-12-17 18:00:00+00:00,673.4398803710938,674.8765258789062,673.375,673.8099975585938,1606628
2025-12-17 18:15:00+00:00,673.3699951171875,673.7664794921875,673.02001953125,673.4199829101562,2260086
2025-12-17 18:30:00+00:00,672.7100219726562,673.6199951171875,672.0800170898438,673.3599853515625,3133511
2025-12-17 18:45:00+00:00,672.5549926757812,673.010009765625,672.1599731445312,672.7100219726562,3364669
2025-12-17 19:00:00+00:00,672.6500244140625,672.8699951171875,672.0549926757812,672.5549926757812,2909373
2025-12-17 19:15:00+00:00,672.469970703125,673.0,672.3300170898438,672.6400146484375,2605566
2025-12-17 19:30:00+00:00,672.7100219726562,672.9199829101562,672.219970703125,672.4600219726562,2781369
2025-12-17 19:45:00+00:00,673.1300048828125,673.2977905273438,672.5900268554688,672.7100219726562,2781855
2025-12-17 20:00:00+00:00,672.7899780273438,673.3200073242188,672.4149780273438,673.1199951171875,3044575
2025-12-17 20:15:00+00:00,672.52001953125,673.239990234375,672.239990234375,672.760009765625,2741923
2025-12-17 20:30:00+00:00,672.7899780273438,672.9000244140625,671.9500122070312,672.530029296875,3547906
2025-12-17 20:45:00+00:00,671.2999877929688,673.0,671.1950073242188,672.7899780273438,13790617
2025-12-18 14:30:00+00:00,676.280029296875,678.5900268554688,676.0800170898438,677.5,9461589
2025-12-18 14:45:00+00:00,678.0599975585938,678.3099975585938,675.6900024414062,676.280029296875,4668338
2025-12-18 15:00:00+00:00,676.739990234375,678.4401245117188,676.2799072265625,678.0599975585938,3550257
2025-12-18 15:15:00+00:00,679.010009765625,679.1099853515625,676.1400146484375,676.739990234375,4190668
2025-12-18 15:30:00+00:00,680.4600219726562,680.5999755859375,678.6799926757812,679.010009765625,4357820
2025-12-18 15:45:00+00:00,680.0300903320312,680.52001953125,679.6649780273438,680.4600219726562,2986968
2025-12-18 16:00:00+00:00,679.9349975585938,680.739990234375,679.8300170898438,680.030029296875,2330278
2025-12-18 16:15:00+00:00,679.7449951171875,680.3900146484375,679.52001953125,679.9349975585938,2072581
2025-12-18 16:30:00+00:00,680.27001953125,680.7100219726562,679.739990234375,679.739990234375,2611758
2025-12-18 16:45:00+00:00,679.5599975585938,680.375,679.3250122070312,680.260009765625,2123329
2025-12-18 17:00:00+00:00,676.4400024414062,679.5706787109375,675.989990234375,679.5499877929688,5535354
2025-12-18 17:15:00+00:00,675.780029296875,676.5499877929688,674.9000244140625,676.4199829101562,5433874
2025-12-18 17:30:00+00:00,678.260009765625,678.260009765625,675.47998046875,675.7899780273438,3460079
2025-12-18 17:45:00+00:00,678.3699951171875,678.6900024414062,677.3201293945312,678.260009765625,3076631
2025-12-18 18:00:00+00:00,678.3300170898438,678.8699951171875,677.5800170898438,678.3599853515625,2212008
2025-12-18 18:15:00+00:00,678.8250122070312,679.0900268554688,678.2999877929688,678.3099975585938,2017263
2025-12-18 18:30:00+00:00,678.8900146484375,679.7000122070312,678.8300170898438,678.8300170898438,1693773
2025-12-18 18:45:00+00:00,678.2750244140625,678.9400024414062,678.0399780273438,678.8800048828125,2234846
2025-12-18 19:00:00+00:00,677.4650268554688,678.3099975585938,676.5900268554688,678.22998046875,3954899
2025-12-18 19:15:00+00:00,677.1500244140625,677.47998046875,676.6699829101562,677.469970703125,2877699
2025-12-18 19:30:00+00:00,676.3200073242188,677.2999877929688,676.1900024414062,677.1599731445312,2532027
2025-12-18 19:45:00+00:00,675.719970703125,677.3099975585938,675.3200073242188,676.3150024414062,3235339
2025-12-18 20:00:00+00:00,677.3699951171875,677.4199829101562,675.4500122070312,675.7100219726562,3462380
2025-12-18 20:15:00+00:00,677.6300048828125,677.8499755859375,676.8699951171875,677.3699951171875,3713895
2025-12-18 20:30:00+00:00,678.1699829101562,678.3900146484375,677.3900146484375,677.6199951171875,4274442
2025-12-18 20:45:00+00:00,676.47998046875,678.5499877929688,676.4099731445312,678.1500244140625,11568108
2025-12-19 14:30:00+00:00,679.4099731445312,679.4149780273438,676.469970703125,676.5900268554688,10558523
2025-12-19 14:45:00+00:00,679.8200073242188,679.9099731445312,678.7999877929688,679.4099731445312,4598015
2025-12-19 15:00:00+00:00,679.5800170898438,680.52001953125,679.2100219726562,679.8099975585938,4375476
2025-12-19 15:15:00+00:00,679.1900024414062,679.97998046875,678.4500122070312,679.5900268554688,3155219
2025-12-19 15:30:00+00:00,679.25,680.114990234375,678.7000122070312,679.1900024414062,3559706
2025-12-19 15:45:00+00:00,678.97998046875,679.4400024414062,678.6599731445312,679.27001953125,3122763
2025-12-19 16:00:00+00:00,679.6500244140625,680.2750244140625,678.5599975585938,678.969970703125,7429216
2025-12-19 16:15:00+00:00,680.1699829101562,680.219970703125,679.4500122070312,679.6699829101562,1935668
2025-12-19 16:30:00+00:00,679.7849731445312,680.530029296875,679.7849731445312,680.1900024414062,2158479
2025-12-19 16:45:00+00:00,679.6950073242188,680.1749877929688,679.3400268554688,679.7949829101562,1852708
2025-12-19 17:00:00+00:00,680.1400146484375,680.2249755859375,679.6300048828125,679.7000122070312,1677978
2025-12-19 17:15:00+00:00,680.6799926757812,680.8350219726562,680.1500244140625,680.1500244140625,2185285
2025-12-19 17:30:00+00:00,680.4749755859375,680.8200073242188,680.3099975585938,680.6900024414062,1644309
2025-12-19 17:45:00+00:00,680.655029296875,681.0579833984375,680.3499755859375,680.47998046875,1546943
2025-12-19 18:00:00+00:00,680.9199829101562,680.9949951171875,680.469970703125,680.655029296875,1323849
2025-12-19 18:15:00+00:00,680.75,681.0900268554688,680.6400146484375,680.9249877929688,1202114
2025-12-19 18:30:00+00:00,680.3599853515625,680.8599853515625,680.1799926757812,680.77001953125,1659157
2025-12-19 18:45:00+00:00,680.2249755859375,680.60498046875,680.1699829101562,680.3790283203125,1063326
2025-12-19 19:00:00+00:00,680.5899047851562,680.760009765625,680.219970703125,680.219970703125,1706706
2025-12-19 19:15:00+00:00,680.6400146484375,680.7999877929688,680.469970703125,680.5900268554688,1118940
2025-12-19 19:30:00+00:00,680.7901000976562,680.9398803710938,680.52001953125,680.6400146484375,1528485
2025-12-19 19:45:00+00:00,680.5900268554688,681.0,680.5449829101562,680.7999877929688,2128167
2025-12-19 20:00:00+00:00,680.4400024414062,680.8300170898438,680.3599853515625,680.5900268554688,2522573
2025-12-19 20:15:00+00:00,680.4849853515625,680.7449951171875,680.3400268554688,680.4299926757812,2722883
2025-12-19 20:30:00+00:00,679.9400024414062,680.6649780273438,679.6099853515625,680.489990234375,3765502
2025-12-19 20:45:00+00:00,680.5900268554688,680.719970703125,679.6799926757812,679.9400024414062,15295204
2025-12-22 14:30:00+00:00,683.22998046875,684.530029296875,682.9400024414062,683.9400024414062,6061395
2025-12-22 14:45:00+00:00,683.969970703125,684.135009765625,683.0800170898438,683.219970703125,2839055
2025-12-22 15:00:00+00:00,682.969970703125,684.1199951171875,682.8900146484375,683.9749755859375,2160221
2025-12-22 15:15:00+00:00,683.77001953125,683.9299926757812,682.9400024414062,682.989990234375,1969174
2025-12-22 15:30:00+00:00,683.719970703125,683.989990234375,682.6799926757812,683.77001953125,2472551
2025-12-22 15:45:00+00:00,683.6500244140625,683.97998046875,683.5800170898438,683.719970703125,1733643
2025-12-22 16:00:00+00:00,684.64501953125,684.6699829101562,683.6400146484375,683.6400146484375,1689658
2025-12-22 16:15:00+00:00,684.6699829101562,684.9749755859375,684.530029296875,684.6400146484375,2366225
2025-12-22 16:30:00+00:00,684.3699951171875,684.780029296875,684.3599853515625,684.6699829101562,1415417
2025-12-22 16:45:00+00:00,684.9500122070312,684.9500122070312,684.3599853515625,684.3699951171875,1290052
2025-12-22 17:00:00+00:00,684.8049926757812,685.0800170898438,684.6749877929688,684.9600219726562,1513556
2025-12-22 17:15:00+00:00,684.6500244140625,684.9650268554688,684.52001953125,684.8099975585938,1368101
2025-12-22 17:30:00+00:00,684.7899780273438,684.9299926757812,684.5599975585938,684.6500244140625,1098202
2025-12-22 17:45:00+00:00,685.2100219726562,685.3599853515625,684.6849975585938,684.7899780273438,1549098
2025-12-22 18:00:00+00:00,684.8099975585938,685.219970703125,684.780029296875,685.2100219726562,1371365
2025-12-22 18:15:00+00:00,684.7150268554688,684.8400268554688,684.3499755859375,684.8099975585938,1606040
2025-12-22 18:30:00+00:00,684.75,684.9099731445312,684.6300048828125,684.7100219726562,893837
2025-12-22 18:45:00+00:00,684.5050048828125,684.780029296875,684.3699951171875,684.739990234375,1037896
2025-12-22 19:00:00+00:00,684.2999877929688,684.5700073242188,684.2150268554688,684.5,1194610
2025-12-22 19:15:00+00:00,684.719970703125,684.75,684.2050170898438,684.2999877929688,1548126
2025-12-22 19:30:00+00:00,684.739990234375,685.010009765625,684.719970703125,684.72998046875,1631046
2025-12-22 19:45:00+00:00,684.7899780273438,684.8599853515625,684.6649780273438,684.739990234375,1713411
2025-12-22 20:00:00+00:00,684.760009765625,684.9600219726562,684.6649780273438,684.7899780273438,2141376
2025-12-22 20:15:00+00:00,684.9249877929688,685.0399780273438,684.7100219726562,684.760009765625,2382772
2025-12-22 20:30:00+00:00,684.9149780273438,685.14990234375,684.875,684.9249877929688,3374306
2025-12-22 20:45:00+00:00,684.7899780273438,685.0449829101562,684.6099853515625,684.915771484375,7413300
2025-12-23 14:30:00+00:00,685.7750244140625,685.7999877929688,683.8699951171875,683.9199829101562,4341829
2025-12-23 14:45:00+00:00,685.4099731445312,686.25,685.0999755859375,685.780029296875,2626459
2025-12-23 15:00:00+00:00,684.760009765625,685.489990234375,684.3599853515625,685.4100952148438,3380846
2025-12-23 15:15:00+00:00,685.239990234375,685.5650024414062,684.739990234375,684.75,1838655
2025-12-23 15:30:00+00:00,686.0999755859375,686.1849975585938,685.2302856445312,685.239990234375,1951443
2025-12-23 15:45:00+00:00,686.3200073242188,686.4849853515625,685.8599853515625,686.0999755859375,2093188
2025-12-23 16:00:00+00:00,686.4500122070312,686.6300048828125,686.2550048828125,686.3300170898438,2300424
2025-12-23 16:15:00+00:00,686.4920043945312,686.739990234375,686.4500122070312,686.4500122070312,1599880
2025-12-23 16:30:00+00:00,686.6900024414062,686.7849731445312,686.3599853515625,686.4949951171875,1229980
2025-12-23 16:45:00+00:00,686.8900146484375,687.0087890625,686.655029296875,686.6950073242188,1543733
2025-12-23 17:00:00+00:00,686.9400024414062,687.0200805664062,686.6599731445312,686.9000244140625,1399738
2025-12-23 17:15:00+00:00,687.0700073242188,687.219970703125,686.8699951171875,686.9450073242188,1948681
2025-12-23 17:30:00+00:00,687.0449829101562,687.19970703125,686.8900146484375,687.0599975585938,1360885
2025-12-23 17:45:00+00:00,686.9849853515625,687.1199951171875,686.7899780273438,687.0399780273438,3371197
2025-12-23 18:00:00+00:00,687.3400268554688,687.3599853515625,686.9199829101562,686.989990234375,1405364
2025-12-23 18:15:00+00:00,687.5449829101562,687.7299194335938,687.2650146484375,687.3400268554688,1602562
2025-12-23 18:30:00+00:00,687.6599731445312,687.7000122070312,687.5250244140625,687.5499877929688,1253008
2025-12-23 18:45:00+00:00,687.530029296875,687.7000122070312,687.510009765625,687.6599731445312,1354510
2025-12-23 19:00:00+00:00,687.7097778320312,687.8250122070312,687.4949951171875,687.530029296875,1375106
2025-12-23 19:15:00+00:00,687.875,687.9199829101562,687.7000122070312,687.7050170898438,1576064
2025-12-23 19:30:00+00:00,687.8200073242188,687.9149780273438,687.7100219726562,687.8699951171875,1243584
2025-12-23 19:45:00+00:00,687.8350219726562,687.9299926757812,687.760009765625,687.8200073242188,1451375
2025-12-23 20:00:00+00:00,687.885009765625,688.030029296875,687.8200073242188,687.8350219726562,2011428
2025-12-23 20:15:00+00:00,687.8499755859375,688.0,687.7750244140625,687.8900146484375,2201245
2025-12-23 20:30:00+00:00,687.7449951171875,688.0,687.72998046875,687.8400268554688,2215211
2025-12-23 20:45:00+00:00,687.9099731445312,688.2000122070312,687.6400146484375,687.739990234375,7508657
2025-12-24 14:30:00+00:00,688.280029296875,688.6900024414062,687.7999877929688,687.9500122070312,3053993
2025-12-24 14:45:00+00:00,688.5999755859375,688.72998046875,688.219970703125,688.2750244140625,1784665
2025-12-24 15:00:00+00:00,689.0349731445312,689.0800170898438,688.510009765625,688.5900268554688,2036398
2025-12-24 15:15:00+00:00,689.1649780273438,689.2150268554688,688.8200073242188,689.0349731445312,1802216
2025-12-24 15:30:00+00:00,689.25,689.280029296875,689.0125122070312,689.1599731445312,2024058
2025-12-24 15:45:00+00:00,689.469970703125,689.489990234375,689.1900024414062,689.2249755859375,1453694
2025-12-24 16:00:00+00:00,689.8900146484375,689.9039916992188,689.3699951171875,689.4650268554688,3453185
2025-12-24 16:15:00+00:00,689.9650268554688,689.97998046875,689.6500244140625,689.89501953125,1529374
2025-12-24 16:30:00+00:00,690.47998046875,690.47998046875,689.8892211914062,689.9650268554688,2315794
2025-12-24 16:45:00+00:00,690.3699951171875,690.4849853515625,690.25,690.469970703125,1211440
2025-12-24 17:00:00+00:00,690.5900268554688,690.6400146484375,690.3699951171875,690.3699951171875,2617514
2025-12-24 17:15:00+00:00,690.5349731445312,690.6400146484375,690.27001953125,690.5800170898438,3076332
2025-12-24 17:30:00+00:00,690.3499755859375,690.8300170898438,690.3300170898438,690.5349731445312,2351078
2025-12-24 17:45:00+00:00,690.4550170898438,690.4749755859375,690.344970703125,690.3599853515625,209762
2025-12-26 14:30:00+00:00,691.5499877929688,691.5700073242188,690.27001953125,690.6400146484375,3745329
2025-12-26 14:45:00+00:00,690.7750244140625,691.6599731445312,690.4550170898438,691.5499877929688,2356469
2025-12-26 15:00:00+00:00,689.9099731445312,690.8200073242188,689.75,690.77001953125,2131435
2025-12-26 15:15:00+00:00,690.7349853515625,690.760009765625,689.6500244140625,689.9099731445312,2012779
2025-12-26 15:30:00+00:00,690.510009765625,691.0001220703125,690.489990234375,690.72998046875,1309195
2025-12-26 15:45:00+00:00,690.8250122070312,690.8699951171875,690.4000244140625,690.52001953125,1005971
2025-12-26 16:00:00+00:00,689.9299926757812,690.9600219726562,689.9099731445312,690.8250122070312,1318144
2025-12-26 16:15:00+00:00,690.2640991210938,690.3800048828125,689.77001953125,689.9199829101562,1338692
2025-12-26 16:30:00+00:00,690.2249755859375,690.3300170898438,690.1099853515625,690.27001953125,1387510
2025-12-26 16:45:00+00:00,689.989990234375,690.2899780273438,689.77001953125,690.239990234375,1045731
2025-12-26 17:00:00+00:00,689.489990234375,690.010009765625,689.4149780273438,689.97998046875,937100
2025-12-26 17:15:00+00:00,690.1400146484375,690.1500244140625,689.3900146484375,689.47998046875,1192865
2025-12-26 17:30:00+00:00,689.6300048828125,690.2000122070312,689.510009765625,690.1300048828125,1029137
2025-12-26 17:45:00+00:00,689.7899780273438,689.9100952148438,689.5499877929688,689.6300048828125,807052
2025-12-26 18:00:00+00:00,689.9000244140625,690.0499877929688,689.780029296875,689.7899780273438,643098
2025-12-26 18:15:00+00:00,689.6970825195312,689.9000244140625,689.27001953125,689.9000244140625,957869
2025-12-26 18:30:00+00:00,689.9149780273438,690.0999755859375,689.6500244140625,689.6900024414062,843520
2025-12-26 18:45:00+00:00,690.2100219726562,690.2899780273438,689.8049926757812,689.9099731445312,757457
2025-12-26 19:00:00+00:00,690.239990234375,690.4600219726562,690.0700073242188,690.2050170898438,888948
2025-12-26 19:15:00+00:00,690.0418090820312,690.2999877929688,689.9749755859375,690.2349853515625,761700
2025-12-26 19:30:00+00:00,690.1799926757812,690.3200073242188,690.0374755859375,690.0399780273438,766729
2025-12-26 19:45:00+00:00,690.155029296875,690.219970703125,690.0800170898438,690.1900024414062,892402
2025-12-26 20:00:00+00:00,690.1801147460938,690.3400268554688,690.0399780273438,690.1500244140625,968561
2025-12-26 20:15:00+00:00,690.2000122070312,690.2750244140625,690.068603515625,690.1799926757812,1035385
2025-12-26 20:30:00+00:00,690.4500122070312,690.5,690.1699829101562,690.2000122070312,1757051
2025-12-26 20:45:00+00:00,690.2449951171875,690.4600219726562,690.0050048828125,690.4500122070312,6038719
2025-12-29 14:30:00+00:00,688.4299926757812,689.2000122070312,687.1900024414062,687.5399780273438,5387326
2025-12-29 14:45:00+00:00,687.5599975585938,688.4400024414062,687.3300170898438,688.4400024414062,2882399
2025-12-29 15:00:00+00:00,687.0996704101562,687.8699951171875,686.8200073242188,687.5599975585938,2220804
2025-12-29 15:15:00+00:00,687.9500122070312,688.0599975585938,687.0900268554688,687.0999755859375,1624112
2025-12-29 15:30:00+00:00,688.1900024414062,688.4000244140625,687.6900024414062,687.9400024414062,1306695
2025-12-29 15:45:00+00:00,687.3499755859375,688.2296752929688,686.8900146484375,688.1900024414062,1870529
2025-12-29 16:00:00+00:00,687.47998046875,687.6375732421875,687.02001953125,687.3499755859375,1771294
2025-12-29 16:15:00+00:00,687.169921875,687.489990234375,686.9450073242188,687.47998046875,1143670
2025-12-29 16:30:00+00:00,686.8743896484375,687.489990234375,686.6900024414062,687.1599731445312,1450785
2025-12-29 16:45:00+00:00,687.0800170898438,687.3900146484375,686.8400268554688,686.8800048828125,1165095
2025-12-29 17:00:00+00:00,686.8400268554688,687.22998046875,686.5999755859375,687.0800170898438,857632
2025-12-29 17:15:00+00:00,686.27001953125,686.9299926757812,686.0700073242188,686.8300170898438,1107945
2025-12-29 17:30:00+00:00,686.5050048828125,686.5650024414062,686.1799926757812,686.27001953125,1131096
2025-12-29 17:45:00+00:00,686.989990234375,687.0955810546875,686.469970703125,686.5,1095533
2025-12-29 18:00:00+00:00,686.905029296875,687.1300048828125,686.7899780273438,686.989990234375,1008902
2025-12-29 18:15:00+00:00,687.3300170898438,687.5449829101562,686.9000244140625,686.9099731445312,1198188
2025-12-29 18:30:00+00:00,687.4650268554688,687.8900146484375,687.3167724609375,687.3300170898438,1613161
2025-12-29 18:45:00+00:00,687.2249755859375,687.5050048828125,687.1699829101562,687.4650268554688,1191814
2025-12-29 19:00:00+00:00,687.0,687.2899780273438,686.8699951171875,687.219970703125,2354135
2025-12-29 19:15:00+00:00,687.4600219726562,687.469970703125,686.9299926757812,687.0,1460742
2025-12-29 19:30:00+00:00,687.9249877929688,688.0800170898438,687.4299926757812,687.4500122070312,2209214
2025-12-29 19:45:00+00:00,688.2999877929688,688.4600219726562,687.8599853515625,687.9299926757812,2502037
2025-12-29 20:00:00+00:00,688.47998046875,688.4949951171875,688.1099853515625,688.2999877929688,2112368
2025-12-29 20:15:00+00:00,688.1799926757812,688.6199951171875,688.1599731445312,688.4868774414062,1895028
2025-12-29 20:30:00+00:00,687.97998046875,688.405029296875,687.8400268554688,688.1799926757812,2965948
2025-12-29 20:45:00+00:00,687.8400268554688,688.1900024414062,687.4000244140625,687.97998046875,7967857
2025-12-30 14:30:00+00:00,687.1199951171875,687.8699951171875,687.0999755859375,687.4450073242188,2930126
2025-12-30 14:45:00+00:00,688.0900268554688,688.530029296875,686.8800048828125,687.1300048828125,2303223
2025-12-30 15:00:00+00:00,686.9201049804688,688.1699829101562,686.8099975585938,688.0800170898438,1723597
2025-12-30 15:15:00+00:00,686.9400024414062,687.419921875,686.75,686.9299926757812,1648707
2025-12-30 15:30:00+00:00,686.780029296875,687.030029296875,686.5800170898438,686.9400024414062,1172286
2025-12-30 15:45:00+00:00,687.6104736328125,687.72998046875,686.6900024414062,686.8099975585938,1504324
2025-12-30 16:00:00+00:00,687.7899780273438,688.02001953125,687.510009765625,687.5999755859375,1340399
2025-12-30 16:15:00+00:00,688.2471923828125,688.5549926757812,687.77001953125,687.7899780273438,1491726
2025-12-30 16:30:00+00:00,687.6298828125,688.27001953125,687.3900146484375,688.239990234375,1350153
2025-12-30 16:45:00+00:00,687.22998046875,687.6710815429688,687.2000122070312,687.6300048828125,951848
2025-12-30 17:00:00+00:00,687.0599975585938,687.3200073242188,687.030029296875,687.219970703125,1040334
2025-12-30 17:15:00+00:00,687.3800048828125,687.4299926757812,686.8699951171875,687.0599975585938,1465388
2025-12-30 17:30:00+00:00,687.4099731445312,687.7100219726562,687.3499755859375,687.3800048828125,936539
2025-12-30 17:45:00+00:00,687.635009765625,687.6998901367188,687.1950073242188,687.4000244140625,723925
2025-12-30 18:00:00+00:00,687.7000122070312,687.7899780273438,687.219970703125,687.635009765625,858132
2025-12-30 18:15:00+00:00,687.7692260742188,687.7899780273438,687.5349731445312,687.7000122070312,522312
2025-12-30 18:30:00+00:00,687.6599731445312,687.9299926757812,687.469970703125,687.760009765625,842848
2025-12-30 18:45:00+00:00,687.7650146484375,687.8800048828125,687.6179809570312,687.6599731445312,623308
2025-12-30 19:00:00+00:00,687.8599853515625,687.8699951171875,687.4199829101562,687.760009765625,1342018
2025-12-30 19:15:00+00:00,687.8099975585938,687.8699951171875,687.6599731445312,687.85498046875,1020602
2025-12-30 19:30:00+00:00,687.7899780273438,687.9400024414062,687.6599731445312,687.8099975585938,1185098
2025-12-30 19:45:00+00:00,687.5599975585938,687.85498046875,687.4000244140625,687.7899780273438,1158073
2025-12-30 20:00:00+00:00,687.280029296875,687.6500244140625,687.0399780273438,687.5599975585938,1477645
2025-12-30 20:15:00+00:00,687.510009765625,687.72998046875,687.22998046875,687.27001953125,1452410
2025-12-30 20:30:00+00:00,687.6699829101562,687.8150024414062,687.47998046875,687.510009765625,2108325
2025-12-30 20:45:00+00:00,686.9400024414062,687.6900024414062,686.7000122070312,687.6799926757812,7516565
2025-12-31 14:30:00+00:00,685.85498046875,687.3599853515625,685.7100219726562,687.1400146484375,4745741
2025-12-31 14:45:00+00:00,685.9600219726562,686.469970703125,685.280029296875,685.8499755859375,3464341
2025-12-31 15:00:00+00:00,685.4450073242188,686.0599975585938,685.25,685.9600219726562,2591018
2025-12-31 15:15:00+00:00,685.5499877929688,685.6500244140625,684.9149780273438,685.4500122070312,2002503
2025-12-31 15:30:00+00:00,685.1199951171875,685.655029296875,684.9400024414062,685.5399780273438,2082178
2025-12-31 15:45:00+00:00,684.3300170898438,685.1400146484375,684.1799926757812,685.114990234375,2343441
2025-12-31 16:00:00+00:00,684.5499877929688,684.667724609375,684.2999877929688,684.3200073242188,2166857
2025-12-31 16:15:00+00:00,685.1199951171875,685.1300048828125,684.5140991210938,684.5449829101562,2060430
2025-12-31 16:30:00+00:00,684.9199829101562,685.1500244140625,684.739990234375,685.125,1177456
2025-12-31 16:45:00+00:00,685.3499755859375,685.4299926757812,684.785400390625,684.9299926757812,964055
2025-12-31 17:00:00+00:00,684.9600219726562,685.4299926757812,684.6099853515625,685.35498046875,1241534
2025-12-31 17:15:00+00:00,685.0,685.2150268554688,684.8408813476562,684.9609985351562,888550
2025-12-31 17:30:00+00:00,685.0883178710938,685.3099975585938,684.8900146484375,684.989990234375,854177
2025-12-31 17:45:00+00:00,684.8049926757812,685.1500244140625,684.6500244140625,685.0900268554688,810412
2025-12-31 18:00:00+00:00,685.3099975585938,685.3099975585938,684.719970703125,684.7999877929688,949275
2025-12-31 18:15:00+00:00,685.3698120117188,685.3900146484375,684.9500122070312,685.3200073242188,896296
2025-12-31 18:30:00+00:00,685.72998046875,685.730712890625,685.25,685.3687744140625,1239790
2025-12-31 18:45:00+00:00,685.8400268554688,686.0499877929688,685.655029296875,685.739990234375,1388679
2025-12-31 19:00:00+00:00,685.905029296875,686.239990234375,685.8200073242188,685.8300170898438,1388315
2025-12-31 19:15:00+00:00,685.0349731445312,685.9199829101562,685.010009765625,685.905029296875,1487678
2025-12-31 19:30:00+00:00,684.5601196289062,685.1400146484375,684.0900268554688,685.0399780273438,2638610
2025-12-31 19:45:00+00:00,684.1400146484375,684.639892578125,684.0399780273438,684.5599975585938,1998578
2025-12-31 20:00:00+00:00,683.239990234375,684.2000122070312,682.9400024414062,684.1400146484375,3218831
2025-12-31 20:15:00+00:00,682.719970703125,683.530029296875,682.5449829101562,683.239990234375,3490630
2025-12-31 20:30:00+00:00,683.4199829101562,683.719970703125,682.530029296875,682.719970703125,3944392
2025-12-31 20:45:00+00:00,681.8400268554688,683.47998046875,681.7100219726562,683.4199829101562,11210319
2026-01-02 14:30:00+00:00,684.93017578125,686.1500244140625,684.1199951171875,685.7100219726562,7248463
2026-01-02 14:45:00+00:00,686.1900024414062,686.8400268554688,684.760009765625,684.9600219726562,4186242
2026-01-02 15:00:00+00:00,684.3499755859375,686.8699951171875,684.1199951171875,686.2100219726562,4166316
2026-01-02 15:15:00+00:00,682.4500122070312,684.418701171875,681.5800170898438,684.3400268554688,6423791
2026-01-02 15:30:00+00:00,684.125,684.5900268554688,682.0999755859375,682.4500122070312,4010105
2026-01-02 15:45:00+00:00,681.4550170898438,684.4299926757812,681.0999755859375,684.1500244140625,4274416
2026-01-02 16:00:00+00:00,681.8400268554688,681.8699951171875,680.4199829101562,681.4600219726562,4372376
2026-01-02 16:15:00+00:00,681.8099975585938,682.4000244140625,681.1849975585938,681.8300170898438,2424396
2026-01-02 16:30:00+00:00,681.4500122070312,682.6500244140625,681.4199829101562,681.8099975585938,2420371
2026-01-02 16:45:00+00:00,681.1580200195312,681.6599731445312,680.280029296875,681.4400024414062,2766393
2026-01-02 17:00:00+00:00,682.2999877929688,682.375,680.6400146484375,681.1500244140625,2097713
2026-01-02 17:15:00+00:00,682.4500122070312,682.5,681.8499755859375,682.3049926757812,2211738
2026-01-02 17:30:00+00:00,682.0250244140625,682.8009033203125,681.7100219726562,682.4500122070312,1361295
2026-01-02 17:45:00+00:00,681.1799926757812,682.280029296875,680.97998046875,682.030029296875,1710887
2026-01-02 18:00:00+00:00,680.8300170898438,681.5800170898438,680.760009765625,681.1799926757812,1323526
2026-01-02 18:15:00+00:00,680.97998046875,681.78857421875,680.6400146484375,680.8300170898438,1372794
2026-01-02 18:30:00+00:00,681.125,681.3599853515625,680.75439453125,680.97998046875,1259122
2026-01-02 18:45:00+00:00,680.5250244140625,681.3499755859375,679.8200073242188,681.130126953125,2147837
2026-01-02 19:00:00+00:00,682.3800048828125,682.5399780273438,680.3499755859375,680.5250244140625,3099084
2026-01-02 19:15:00+00:00,682.9500122070312,683.1199951171875,681.9000244140625,682.3699951171875,2402851
2026-01-02 19:30:00+00:00,683.5650024414062,683.9500122070312,682.9000244140625,682.9400024414062,3020986
2026-01-02 19:45:00+00:00,683.1300048828125,683.760009765625,682.8900146484375,683.5599975585938,2374668
2026-01-02 20:00:00+00:00,683.2100219726562,683.6799926757812,682.8499755859375,683.1300048828125,2256715
2026-01-02 20:15:00+00:00,683.239990234375,683.7000122070312,683.0,683.2100219726562,2439355
2026-01-02 20:30:00+00:00,682.6298828125,683.4199829101562,682.5701293945312,683.239990234375,2571659
2026-01-02 20:45:00+00:00,683.1699829101562,683.3499755859375,682.0700073242188,682.6099853515625,8350775
2026-01-05 14:30:00+00:00,687.4000244140625,687.6400146484375,686.5599975585938,687.2974853515625,8232553
2026-01-05 14:45:00+00:00,687.0599975585938,687.8800048828125,686.510009765625,687.4000244140625,3793890
2026-01-05 15:00:00+00:00,687.6099853515625,687.9500122070312,686.6300048828125,687.0800170898438,2877375
2026-01-05 15:15:00+00:00,688.5255737304688,688.6099853515625,687.280029296875,687.6099853515625,2786929
2026-01-05 15:30:00+00:00,688.0499877929688,688.8200073242188,687.9600219726562,688.52001953125,2674822
2026-01-05 15:45:00+00:00,688.3200073242188,688.5900268554688,688.0399780273438,688.0499877929688,2440500
2026-01-05 16:00:00+00:00,688.3602294921875,688.719970703125,687.9600219726562,688.3200073242188,2050255
2026-01-05 16:15:00+00:00,688.6400146484375,688.8699951171875,688.2249755859375,688.364990234375,1716086
2026-01-05 16:30:00+00:00,688.8599853515625,688.9500122070312,688.4249877929688,688.6300048828125,2222626
2026-01-05 16:45:00+00:00,688.9099731445312,689.4299926757812,688.781982421875,688.8699951171875,3149872
2026-01-05 17:00:00+00:00,688.97998046875,689.1300048828125,688.7899780273438,688.9099731445312,2380195
2026-01-05 17:15:00+00:00,688.3499755859375,689.0399780273438,688.2100219726562,688.9849853515625,1446238
2026-01-05 17:30:00+00:00,688.3599853515625,688.6099853515625,688.2030029296875,688.3599243164062,1259092
2026-01-05 17:45:00+00:00,688.5800170898438,688.7899780273438,688.280029296875,688.3599853515625,1099881
2026-01-05 18:00:00+00:00,688.4199829101562,688.75,688.0999755859375,688.5700073242188,1024180
2026-01-05 18:15:00+00:00,688.3800048828125,688.4199829101562,687.6500244140625,688.4199829101562,1974845
2026-01-05 18:30:00+00:00,688.5900268554688,688.6699829101562,688.2999877929688,688.3599853515625,1158513
2026-01-05 18:45:00+00:00,688.5399780273438,688.7750244140625,688.4500122070312,688.594970703125,977419
2026-01-05 19:00:00+00:00,688.27001953125,688.7150268554688,688.1599731445312,688.5399780273438,1208413
2026-01-05 19:15:00+00:00,688.1849975585938,688.3900146484375,688.1300048828125,688.27880859375,1260812
2026-01-05 19:30:00+00:00,687.6599731445312,688.2999267578125,687.2899780273438,688.1900024414062,2075916
2026-01-05 19:45:00+00:00,687.6198120117188,688.0,687.52001953125,687.6500244140625,1720460
2026-01-05 20:00:00+00:00,688.1300048828125,688.239990234375,687.5100708007812,687.614990234375,1773009
2026-01-05 20:15:00+00:00,687.9660034179688,688.2249755859375,687.780029296875,688.1300048828125,1841042
2026-01-05 20:30:00+00:00,687.8099975585938,688.1199951171875,687.7899780273438,687.9650268554688,2332113
2026-01-05 20:45:00+00:00,687.72998046875,688.0399780273438,687.1599731445312,687.8074951171875,9295039
2026-01-06 14:30:00+00:00,688.5,688.6199951171875,687.780029296875,688.4600219726562,4994315
2026-01-06 14:45:00+00:00,690.0750122070312,690.1599731445312,688.47998046875,688.5,4305183
2026-01-06 15:00:00+00:00,690.60498046875,690.6400146484375,689.989990234375,690.0750122070312,3638617
2026-01-06 15:15:00+00:00,690.5349731445312,690.7999267578125,690.1199951171875,690.6099853515625,2489971
2026-01-06 15:30:00+00:00,689.7899780273438,690.5549926757812,689.6799926757812,690.5549926757812,3096624
2026-01-06 15:45:00+00:00,689.1599731445312,689.98876953125,688.8200073242188,689.780029296875,3287757
2026-01-06 16:00:00+00:00,688.864990234375,689.0700073242188,688.4299926757812,688.864990234375,2994560
2026-01-06 16:15:00+00:00,689.0449829101562,689.4450073242188,688.8250122070312,688.864990234375,1656123
2026-01-06 16:30:00+00:00,688.75,689.260009765625,688.7366943359375,689.0499877929688,2040468
2026-01-06 16:45:00+00:00,689.4299926757812,689.5260009765625,688.7902221679688,688.8499755859375,2596768
2026-01-06 17:00:00+00:00,689.9600219726562,689.9600219726562,689.2050170898438,689.4299926757812,1042472
2026-01-06 17:15:00+00:00,690.469970703125,690.5700073242188,689.9849853515625,689.9949951171875,1879230
2026-01-06 17:30:00+00:00,690.7872924804688,690.9000244140625,690.5399780273438,690.6300048828125,2330544
2026-01-06 17:45:00+00:00,690.9450073242188,690.9749755859375,690.6699829101562,690.7899780273438,1161076
2026-01-06 18:00:00+00:00,690.8699951171875,690.97998046875,690.5499877929688,690.9500122070312,1164011
2026-01-06 18:15:00+00:00,690.8701782226562,691.2000122070312,690.8300170898438,691.0250244140625,1384481
2026-01-06 18:30:00+00:00,691.3699951171875,691.385009765625,690.6771850585938,690.8800048828125,1234724
2026-01-06 18:45:00+00:00,691.6099853515625,691.6849975585938,691.3599853515625,691.3699951171875,1497899
2026-01-06 19:00:00+00:00,692.0399780273438,692.0399780273438,691.7050170898438,691.8400268554688,1745534
2026-01-06 19:15:00+00:00,691.9400024414062,692.1199951171875,691.9349975585938,692.02001953125,1577782
2026-01-06 19:30:00+00:00,692.0800170898438,692.1599731445312,691.9000244140625,691.947998046875,1642068
2026-01-06 19:45:00+00:00,691.9000244140625,692.125,691.8200073242188,692.0800170898438,1052134
2026-01-06 20:00:00+00:00,692.0599975585938,692.176025390625,691.905029296875,691.905029296875,1818040
2026-01-06 20:15:00+00:00,692.02001953125,692.239990234375,691.969970703125,692.0599975585938,1762844
2026-01-06 20:30:00+00:00,692.2100219726562,692.22998046875,691.9450073242188,691.9500122070312,2673032
2026-01-06 20:45:00+00:00,692.0499877929688,692.3150024414062,692.0,692.0900268554688,4277840
2026-01-07 14:30:00+00:00,692.7412719726562,692.7949829101562,691.7100219726562,692.1900024414062,4738486
2026-01-07 14:45:00+00:00,692.5665283203125,693.0900268554688,692.3800048828125,692.7421264648438,2698972
2026-01-07 15:00:00+00:00,691.6199951171875,692.77001953125,691.530029296875,692.5999755859375,3340478
2026-01-07 15:15:00+00:00,691.6719970703125,691.9395141601562,691.0999755859375,691.6199951171875,2875253
2026-01-07 15:30:00+00:00,691.72998046875,692.52001953125,690.9600219726562,691.6699829101562,4069584
2026-01-07 15:45:00+00:00,692.5050048828125,692.5999755859375,691.6699829101562,691.72998046875,1799332
2026-01-07 16:00:00+00:00,692.5850219726562,692.8250122070312,692.4199829101562,692.510009765625,1514585
2026-01-07 16:15:00+00:00,692.25,692.7050170898438,691.9199829101562,692.5850219726562,1606116
2026-01-07 16:30:00+00:00,693.2000732421875,693.25,692.1682739257812,692.25,1924608
2026-01-07 16:45:00+00:00,693.5050048828125,693.5599975585938,693.0399780273438,693.2100219726562,1994381
2026-01-07 17:00:00+00:00,693.710205078125,693.9600219726562,693.469970703125,693.52001953125,1774866
2026-01-07 17:15:00+00:00,693.6596069335938,693.9498901367188,693.5599975585938,693.7150268554688,1338610
2026-01-07 17:30:00+00:00,693.75,693.780029296875,693.3400268554688,693.6599731445312,1410263
2026-01-07 17:45:00+00:00,692.989990234375,693.7899780273438,692.780029296875,693.75,2295985
2026-01-07 18:00:00+00:00,692.7799072265625,693.010009765625,692.5900268554688,692.989990234375,1617255
2026-01-07 18:15:00+00:00,692.1300048828125,692.780029296875,692.0399780273438,692.780029296875,2091569
2026-01-07 18:30:00+00:00,692.72998046875,692.8400268554688,692.1300048828125,692.1300048828125,1776710
2026-01-07 18:45:00+00:00,692.8250122070312,693.14501953125,692.5823974609375,692.72998046875,1839954
2026-01-07 19:00:00+00:00,691.9650268554688,692.8900146484375,691.719970703125,692.8300170898438,2783974
2026-01-07 19:15:00+00:00,691.6799926757812,692.02001953125,691.4500122070312,691.9650268554688,2156204
2026-01-07 19:30:00+00:00,691.9600219726562,692.1599731445312,691.5800170898438,691.6799926757812,1717675
2026-01-07 19:45:00+00:00,691.739990234375,692.02001953125,691.719970703125,691.9550170898438,2566239
2026-01-07 20:00:00+00:00,690.780029296875,691.8150024414062,690.7000122070312,691.75,2851802
2026-01-07 20:15:00+00:00,690.3599853515625,691.1199951171875,690.1174926757812,690.780029296875,3962128
2026-01-07 20:30:00+00:00,689.6500244140625,690.3699951171875,689.3200073242188,690.3599853515625,5210006
2026-01-07 20:45:00+00:00,689.5900268554688,689.9600219726562,689.3499755859375,689.6599731445312,8445507
2026-01-08 14:30:00+00:00,687.8250122070312,689.2999877929688,687.5800170898438,688.8200073242188,6419508
2026-01-08 14:45:00+00:00,688.280029296875,689.1599731445312,687.489990234375,687.8300170898438,3891656
2026-01-08 15:00:00+00:00,689.6799926757812,689.8499755859375,687.8499755859375,688.280029296875,4655616
2026-01-08 15:15:00+00:00,689.6300048828125,690.02001953125,689.3980102539062,689.6799926757812,2251026
2026-01-08 15:30:00+00:00,689.7100219726562,689.969970703125,688.719970703125,689.6500244140625,2638889
2026-01-08 15:45:00+00:00,689.8400268554688,689.9299926757812,688.510009765625,689.6950073242188,2934606
2026-01-08 16:00:00+00:00,688.9099731445312,689.9749755859375,688.8499755859375,689.8499755859375,2370051
2026-01-08 16:15:00+00:00,689.0800170898438,689.5650024414062,688.6500244140625,688.9099731445312,1794702
2026-01-08 16:30:00+00:00,689.5999755859375,689.7050170898438,688.4400024414062,689.0800170898438,1958598
2026-01-08 16:45:00+00:00,689.9000244140625,690.0850219726562,689.1500244140625,689.6099853515625,1850640
2026-01-08 17:00:00+00:00,689.510009765625,689.9400024414062,689.260009765625,689.8900146484375,1273414
2026-01-08 17:15:00+00:00,689.3499755859375,690.0,689.1199951171875,689.5,1147970
2026-01-08 17:30:00+00:00,690.059326171875,690.219970703125,689.3242797851562,689.3499755859375,1240376
2026-01-08 17:45:00+00:00,690.0900268554688,690.614990234375,689.9299926757812,690.0599975585938,1439350
2026-01-08 18:00:00+00:00,688.9349975585938,690.1900024414062,688.8300170898438,690.0900268554688,2021749
2026-01-08 18:15:00+00:00,689.5,689.7265014648438,688.7899780273438,688.9249877929688,1459545
2026-01-08 18:30:00+00:00,689.4199829101562,689.5599975585938,689.2449951171875,689.5,961858
2026-01-08 18:45:00+00:00,688.8900146484375,689.8049926757812,688.760009765625,689.4099731445312,1161952
2026-01-08 19:00:00+00:00,688.6699829101562,689.3400268554688,688.6099853515625,688.8900146484375,1437180
2026-01-08 19:15:00+00:00,688.9199829101562,689.2899780273438,688.280029296875,688.6699829101562,1571236
2026-01-08 19:30:00+00:00,688.6900024414062,689.3300170898438,688.5899047851562,688.9299926757812,1290444
2026-01-08 19:45:00+00:00,688.8599853515625,689.1400146484375,688.5700073242188,688.7000122070312,1343903
2026-01-08 20:00:00+00:00,689.2650146484375,689.3150024414062,688.7100219726562,688.8499755859375,1530167
2026-01-08 20:15:00+00:00,689.5750122070312,689.6500244140625,688.8499755859375,689.27001953125,1717622
2026-01-08 20:30:00+00:00,689.4400024414062,690.0549926757812,689.2550048828125,689.5700073242188,3216243
2026-01-08 20:45:00+00:00,689.4400024414062,689.8699951171875,689.280029296875,689.4299926757812,5399887
2026-01-09 14:30:00+00:00,691.3800048828125,692.2949829101562,690.4600219726562,690.5,7012490
2026-01-09 14:45:00+00:00,691.510009765625,691.8699951171875,690.510009765625,691.3699951171875,3650212
2026-01-09 15:00:00+00:00,691.280029296875,691.97998046875,689.1799926757812,691.5599975585938,5099258
2026-01-09 15:15:00+00:00,693.125,693.3400268554688,690.8900146484375,691.280029296875,3665712
2026-01-09 15:30:00+00:00,691.6699829101562,693.4500122070312,691.6400146484375,693.1300048828125,3820398
2026-01-09 15:45:00+00:00,691.9299926757812,692.1199951171875,691.280029296875,691.6799926757812,2589866
2026-01-09 16:00:00+00:00,693.4550170898438,693.6500244140625,691.9299926757812,691.9299926757812,2967882
2026-01-09 16:15:00+00:00,692.8599243164062,693.5549926757812,692.8200073242188,693.4550170898438,2088821
2026-01-09 16:30:00+00:00,693.1649780273438,693.25,692.5449829101562,692.8499755859375,1512289
2026-01-09 16:45:00+00:00,693.8900146484375,694.030029296875,693.1400146484375,693.1500244140625,2209310
2026-01-09 17:00:00+00:00,694.1799926757812,694.2750244140625,693.719970703125,693.8800048828125,1552325
2026-01-09 17:15:00+00:00,694.219970703125,694.3800048828125,693.760009765625,694.1699829101562,1258776
2026-01-09 17:30:00+00:00,694.0900268554688,694.5,694.010009765625,694.22998046875,1243472
2026-01-09 17:45:00+00:00,693.9749755859375,694.3900146484375,693.9500122070312,694.0850219726562,1342662
2026-01-09 18:00:00+00:00,693.6749877929688,694.0100708007812,693.469970703125,693.9600219726562,1431820
2026-01-09 18:15:00+00:00,693.8699951171875,693.8900146484375,693.3599853515625,693.6699829101562,1078561
2026-01-09 18:30:00+00:00,694.52001953125,694.889892578125,693.85498046875,693.8699951171875,1712167
2026-01-09 18:45:00+00:00,694.530029296875,694.6699829101562,694.4199829101562,694.52001953125,1254600
2026-01-09 19:00:00+00:00,694.5700073242188,694.77001953125,694.3599853515625,694.52001953125,1137359
2026-01-09 19:15:00+00:00,694.8099975585938,694.844970703125,694.5700073242188,694.5700073242188,1052552
2026-01-09 19:30:00+00:00,694.8099975585938,694.8900146484375,694.7100219726562,694.8049926757812,1422909
2026-01-09 19:45:00+00:00,694.89990234375,695.22998046875,694.7550048828125,694.8099975585938,1724784
2026-01-09 20:00:00+00:00,694.8165283203125,695.1500244140625,694.760009765625,694.8900146484375,1391840
2026-01-09 20:15:00+00:00,695.0250244140625,695.3099975585938,694.760009765625,694.8200073242188,2262203
2026-01-09 20:30:00+00:00,694.8200073242188,695.1199951171875,694.6799926757812,695.02001953125,3375952
2026-01-09 20:45:00+00:00,693.989990234375,694.9197998046875,693.9000244140625,694.8099975585938,8246704
2026-01-12 14:30:00+00:00,692.7498779296875,693.22998046875,691.2100219726562,691.3300170898438,7624292
2026-01-12 14:45:00+00:00,693.6300048828125,693.9000244140625,692.5399780273438,692.760009765625,3698735
2026-01-12 15:00:00+00:00,693.3198852539062,693.7899780273438,693.0,693.6400146484375,3130988
2026-01-12 15:15:00+00:00,693.5700073242188,693.8099975585938,693.0700073242188,693.3200073242188,2479031
2026-01-12 15:30:00+00:00,693.39501953125,693.6099853515625,692.9600219726562,693.5650024414062,2462231
2026-01-12 15:45:00+00:00,693.9099731445312,694.0599975585938,693.0599975585938,693.3900146484375,1858525
2026-01-12 16:00:00+00:00,694.47998046875,694.47998046875,693.6599731445312,693.9149780273438,2046778
2026-01-12 16:15:00+00:00,694.22998046875,694.6799926757812,694.0,694.469970703125,2461723
2026-01-12 16:30:00+00:00,694.3350219726562,694.5999755859375,694.0700073242188,694.239990234375,1150096
2026-01-12 16:45:00+00:00,694.5599975585938,694.8599853515625,694.2000122070312,694.3400268554688,1831392
2026-01-12 17:00:00+00:00,694.5900268554688,694.8399047851562,694.3599853515625,694.5599975585938,1145969
2026-01-12 17:15:00+00:00,694.5349731445312,694.6400146484375,694.25,694.5800170898438,1453237
2026-01-12 17:30:00+00:00,694.4400024414062,694.5499877929688,694.0999755859375,694.530029296875,1070179
2026-01-12 17:45:00+00:00,694.6600952148438,694.760009765625,694.4099731445312,694.4500122070312,998021
2026-01-12 18:00:00+00:00,694.9450073242188,695.0549926757812,694.5850219726562,694.6699829101562,1316171
2026-01-12 18:15:00+00:00,695.125,695.2000122070312,694.8099975585938,694.9500122070312,1256453
2026-01-12 18:30:00+00:00,695.094970703125,695.1599731445312,694.9299926757812,695.125,1269864
2026-01-12 18:45:00+00:00,695.2150268554688,695.3900146484375,695.0850219726562,695.0900268554688,1219348
2026-01-12 19:00:00+00:00,695.2650146484375,695.280029296875,694.9450073242188,695.2100219726562,1488835
2026-01-12 19:15:00+00:00,695.3200073242188,695.4600219726562,695.2224731445312,695.2550048828125,1548085
2026-01-12 19:30:00+00:00,695.625,695.864990234375,695.2949829101562,695.3200073242188,1817167
2026-01-12 19:45:00+00:00,695.9450073242188,696.030029296875,695.6199951171875,695.6300048828125,1521702
2026-01-12 20:00:00+00:00,695.614990234375,696.0900268554688,695.530029296875,695.9450073242188,2042485
2026-01-12 20:15:00+00:00,695.3200073242188,695.6229248046875,695.1799926757812,695.6099853515625,2628141
2026-01-12 20:30:00+00:00,695.3250122070312,695.4500122070312,695.1799926757812,695.3200073242188,2403362
2026-01-12 20:45:00+00:00,695.1599731445312,695.739990234375,695.1400146484375,695.3200073242188,6831996
2026-01-13 14:30:00+00:00,695.1500244140625,696.0900268554688,694.9000244140625,695.489990234375,7529562
2026-01-13 14:45:00+00:00,694.2449951171875,695.2050170898438,694.22998046875,695.1400146484375,4338894
2026-01-13 15:00:00+00:00,693.4598999023438,694.510009765625,693.1699829101562,694.22998046875,3211745
2026-01-13 15:15:00+00:00,692.72998046875,693.4600219726562,692.0900268554688,693.4600219726562,3602892
2026-01-13 15:30:00+00:00,693.0850219726562,693.760009765625,692.565185546875,692.719970703125,2817837
2026-01-13 15:45:00+00:00,693.760009765625,694.0399780273438,692.6400146484375,693.0850219726562,1967949
2026-01-13 16:00:00+00:00,693.844970703125,693.989990234375,693.5399780273438,693.760009765625,1400004
2026-01-13 16:15:00+00:00,693.5,694.2800903320312,692.4099731445312,693.8400268554688,2282235
2026-01-13 16:30:00+00:00,694.594970703125,694.8400268554688,693.25,693.4801025390625,2273344
2026-01-13 16:45:00+00:00,694.9199829101562,695.2000122070312,694.3599853515625,694.5900268554688,2194966
2026-01-13 17:00:00+00:00,694.8800048828125,695.1199951171875,694.5900268554688,694.9199829101562,1261122
2026-01-13 17:15:00+00:00,694.5599975585938,694.9400024414062,693.9299926757812,694.8800048828125,1587605
2026-01-13 17:30:00+00:00,693.6900024414062,694.7150268554688,693.4500122070312,694.5499877929688,2381559
2026-01-13 17:45:00+00:00,692.9400024414062,694.0800170898438,692.5250244140625,693.7000122070312,2032518
2026-01-13 18:00:00+00:00,693.35009765625,693.3699951171875,692.4199829101562,692.9199829101562,2391133
2026-01-13 18:15:00+00:00,692.9199829101562,693.489990234375,692.6799926757812,693.3599853515625,1099962
2026-01-13 18:30:00+00:00,693.1099853515625,693.6500244140625,692.760009765625,692.9099731445312,1354757
2026-01-13 18:45:00+00:00,692.7999877929688,693.3900146484375,692.5399780273438,693.125,1437867
2026-01-13 19:00:00+00:00,692.3699951171875,693.0549926757812,692.22998046875,692.7999877929688,2006956
2026-01-13 19:15:00+00:00,693.010009765625,693.0800170898438,692.3400268554688,692.3800048828125,2134941
2026-01-13 19:30:00+00:00,692.8599853515625,693.1599731445312,692.7100219726562,693.0050048828125,1425636
2026-01-13 19:45:00+00:00,692.9199829101562,693.2050170898438,692.5700073242188,692.8599853515625,1918225
2026-01-13 20:00:00+00:00,692.375,692.9199829101562,692.3200073242188,692.9199829101562,2307472
2026-01-13 20:15:00+00:00,692.0,692.5800170898438,691.9400024414062,692.3800048828125,2458136
2026-01-13 20:30:00+00:00,692.239990234375,692.3099975585938,691.3499755859375,692.0,4193067
2026-01-13 20:45:00+00:00,693.75,693.9600219726562,692.02001953125,692.260009765625,8814124
2026-01-14 14:30:00+00:00,689.5700073242188,691.719970703125,689.4500122070312,691.0,7502478
2026-01-14 14:45:00+00:00,688.719970703125,690.489990234375,688.6599731445312,689.5599975585938,4642917
2026-01-14 15:00:00+00:00,690.5900268554688,690.6342163085938,687.6799926757812,688.719970703125,5425668
2026-01-14 15:15:00+00:00,688.760009765625,690.8499755859375,688.72998046875,690.5900268554688,2811069
2026-01-14 15:30:00+00:00,687.8150024414062,689.010009765625,687.6599731445312,688.75,3147972
2026-01-14 15:45:00+00:00,687.1599731445312,688.02001953125,686.510009765625,687.8099975585938,4189505
2026-01-14 16:00:00+00:00,687.3800048828125,687.6599731445312,686.989990234375,687.1599731445312,1842709
2026-01-14 16:15:00+00:00,689.1500244140625,689.3300170898438,687.2615966796875,687.3900146484375,2735159
2026-01-14 16:30:00+00:00,687.5255737304688,689.469970703125,687.52001953125,689.1599731445312,2582251
2026-01-14 16:45:00+00:00,686.5999755859375,687.530029296875,686.1300048828125,687.530029296875,3089116
2026-01-14 17:00:00+00:00,687.219970703125,687.3499755859375,686.3300170898438,686.5900268554688,1697827
2026-01-14 17:15:00+00:00,687.0999145507812,687.3150024414062,686.0399780273438,687.219970703125,1833440
2026-01-14 17:30:00+00:00,686.9199829101562,687.0900268554688,686.25,687.0900268554688,1643356
2026-01-14 17:45:00+00:00,686.6376953125,687.4500122070312,686.1900024414062,686.9149780273438,1708626
2026-01-14 18:00:00+00:00,687.3200073242188,687.4349975585938,686.510009765625,686.6300048828125,1376297
2026-01-14 18:15:00+00:00,687.5999755859375,687.6500244140625,686.8599853515625,687.3200073242188,1299604
2026-01-14 18:30:00+00:00,686.89501953125,687.8300170898438,686.260009765625,687.5900268554688,1775096
2026-01-14 18:45:00+00:00,688.1099853515625,688.239990234375,686.780029296875,686.8900146484375,1943275
2026-01-14 19:00:00+00:00,687.989990234375,688.2100219726562,687.6099853515625,688.1099853515625,2017807
2026-01-14 19:15:00+00:00,688.125,688.3150024414062,687.75,687.989990234375,1660317
2026-01-14 19:30:00+00:00,688.125,688.3699951171875,687.6199951171875,688.1300048828125,2050185
2026-01-14 19:45:00+00:00,688.0700073242188,688.5900268554688,687.9299926757812,688.1300048828125,1675106
2026-01-14 20:00:00+00:00,688.75,689.6900024414062,687.3200073242188,688.0599975585938,6096288
2026-01-14 20:15:00+00:00,689.1500244140625,689.1710205078125,688.1799926757812,688.75,2818733
2026-01-14 20:30:00+00:00,689.1400146484375,690.4400024414062,689.0999755859375,689.1500244140625,5563897
2026-01-14 20:45:00+00:00,690.4400024414062,690.6400146484375,688.6199951171875,689.155029296875,12282198
2026-01-15 14:30:00+00:00,694.0599975585938,694.6900024414062,693.5399780273438,694.5700073242188,7761058
2026-01-15 14:45:00+00:00,693.6099853515625,694.5535278320312,693.1799926757812,694.0700073242188,3460300
2026-01-15 15:00:00+00:00,694.0,694.2000122070312,693.27001953125,693.6099853515625,2774515
2026-01-15 15:15:00+00:00,693.9400024414062,694.719970703125,693.614990234375,694.0,2609096
2026-01-15 15:30:00+00:00,693.9099731445312,694.9000244140625,693.864990234375,693.9400024414062,2910227
2026-01-15 15:45:00+00:00,694.4500122070312,694.5900268554688,692.989990234375,693.9099731445312,4152582
2026-01-15 16:00:00+00:00,694.489990234375,694.8800048828125,694.3400268554688,694.4500122070312,2493707
2026-01-15 16:15:00+00:00,694.8150024414062,695.1599731445312,694.3599853515625,694.47998046875,2121690
2026-01-15 16:30:00+00:00,694.9550170898438,695.030029296875,694.47998046875,694.8099975585938,1292346
2026-01-15 16:45:00+00:00,695.030029296875,695.344970703125,694.7249755859375,694.9600219726562,1576102
2026-01-15 17:00:00+00:00,695.010009765625,695.4500122070312,694.89501953125,695.0399169921875,1467084
2026-01-15 17:15:00+00:00,694.4500122070312,695.094970703125,694.3900146484375,695.010009765625,1389366
2026-01-15 17:30:00+00:00,694.7244873046875,694.739990234375,694.2000122070312,694.4500122070312,1532973
2026-01-15 17:45:00+00:00,693.97998046875,695.0198974609375,693.905029296875,694.719970703125,1510739
2026-01-15 18:00:00+00:00,694.5700073242188,694.7999877929688,693.8800048828125,693.97998046875,1600454
2026-01-15 18:15:00+00:00,694.885009765625,694.905029296875,694.3699951171875,694.5700073242188,1236260
2026-01-15 18:30:00+00:00,694.97998046875,695.25,694.7899780273438,694.8800048828125,1221651
2026-01-15 18:45:00+00:00,694.7158203125,695.0599975585938,694.614990234375,694.97998046875,964729
2026-01-15 19:00:00+00:00,694.35498046875,694.7100219726562,693.7899780273438,694.7100219726562,1815140
2026-01-15 19:15:00+00:00,693.6099853515625,694.489990234375,693.52001953125,694.3599853515625,1755332
2026-01-15 19:30:00+00:00,693.3900146484375,693.7376098632812,692.6300048828125,693.6099853515625,3137590
2026-01-15 19:45:00+00:00,692.780029296875,693.6199951171875,692.5800170898438,693.3800048828125,2142225
2026-01-15 20:00:00+00:00,692.469970703125,693.030029296875,692.3699951171875,692.77001953125,2414802
2026-01-15 20:15:00+00:00,691.8300170898438,692.489990234375,691.2907104492188,692.4600219726562,4238477
2026-01-15 20:30:00+00:00,691.6699829101562,692.25,691.4099731445312,691.8350219726562,3763224
2026-01-15 20:45:00+00:00,692.1699829101562,692.22998046875,691.25,691.6699829101562,8133303
2026-01-16 14:30:00+00:00,693.135009765625,694.25,693.1099853515625,693.6599731445312,5631085
2026-01-16 14:45:00+00:00,691.9600219726562,693.8599853515625,691.9299926757812,693.1400146484375,3445961
2026-01-16 15:00:00+00:00,692.280029296875,692.8099975585938,691.5900268554688,691.9600219726562,4054961
2026-01-16 15:15:00+00:00,691.6500244140625,692.5750122070312,691.5,692.27001953125,3138001
2026-01-16 15:30:00+00:00,690.6900024414062,691.739990234375,690.0999755859375,691.6500244140625,4252548
2026-01-16 15:45:00+00:00,691.8599853515625,691.8800048828125,690.4299926757812,690.7000122070312,7149973
2026-01-16 16:00:00+00:00,692.2899780273438,692.6599731445312,691.5549926757812,691.8499755859375,3129121
2026-01-16 16:15:00+00:00,692.7150268554688,692.8200073242188,692.1300048828125,692.2899780273438,3167777
2026-01-16 16:30:00+00:00,693.1500244140625,693.2100219726562,692.6649780273438,692.719970703125,1365825
2026-01-16 16:45:00+00:00,692.6649780273438,693.469970703125,692.1300048828125,693.1599731445312,2476371
2026-01-16 17:00:00+00:00,692.739990234375,692.9600219726562,692.4600219726562,692.6500244140625,1069742
2026-01-16 17:15:00+00:00,692.52001953125,692.9699096679688,692.4301147460938,692.75,1262549
2026-01-16 17:30:00+00:00,692.6749877929688,692.9099731445312,692.25,692.52001953125,1168792
2026-01-16 17:45:00+00:00,691.9299926757812,692.6699829101562,691.8900146484375,692.6699829101562,1062126
2026-01-16 18:00:00+00:00,692.5650024414062,692.719970703125,691.8200073242188,691.9400024414062,1119350
2026-01-16 18:15:00+00:00,693.0,693.2000122070312,692.5599975585938,692.5650024414062,936703
2026-01-16 18:30:00+00:00,692.864990234375,693.25,692.7650146484375,693.0,1236797
2026-01-16 18:45:00+00:00,692.6400146484375,693.0050048828125,692.584228515625,692.8699951171875,777274
2026-01-16 19:00:00+00:00,692.5399780273438,693.7100219726562,692.4650268554688,692.6300048828125,2404155
2026-01-16 19:15:00+00:00,692.0399780273438,692.6799926757812,691.9600219726562,692.5349731445312,1840815
2026-01-16 19:30:00+00:00,692.7000122070312,693.0,692.010009765625,692.0499877929688,1815122
2026-01-16 19:45:00+00:00,692.6799926757812,692.9650268554688,692.5900268554688,692.7100219726562,1499115
2026-01-16 20:00:00+00:00,692.760009765625,692.8699951171875,692.5,692.6699829101562,1308193
2026-01-16 20:15:00+00:00,692.155029296875,692.7899780273438,692.155029296875,692.760009765625,1812009
2026-01-16 20:30:00+00:00,692.0150146484375,692.4099731445312,691.7949829101562,692.1500244140625,2965227
2026-01-16 20:45:00+00:00,691.5800170898438,692.488525390625,691.469970703125,692.010009765625,8439310
2026-01-20 14:30:00+00:00,683.1849975585938,683.27001953125,681.3900146484375,681.489990234375,13164525
2026-01-20 14:45:00+00:00,682.1799926757812,683.3099975585938,681.8200073242188,683.1900024414062,5813237
2026-01-20 15:00:00+00:00,681.6749877929688,682.2899780273438,680.9099731445312,682.1599731445312,5315037
2026-01-20 15:15:00+00:00,683.8787841796875,684.010009765625,681.2000122070312,681.6699829101562,4596473
2026-01-20 15:30:00+00:00,684.27001953125,684.77001953125,683.6699829101562,683.8499755859375,4030669
2026-01-20 15:45:00+00:00,683.7999877929688,684.3800048828125,682.9299926757812,684.260009765625,4309697
2026-01-20 16:00:00+00:00,683.9299926757812,684.5599975585938,682.9400024414062,683.8099975585938,2949486
2026-01-20 16:15:00+00:00,683.8400268554688,684.0,682.5800170898438,683.9199829101562,2266154
2026-01-20 16:30:00+00:00,682.9600219726562,684.344970703125,682.8900146484375,683.8300170898438,1655421
2026-01-20 16:45:00+00:00,683.6900024414062,683.8699951171875,682.3200073242188,682.9600219726562,2661135
2026-01-20 17:00:00+00:00,683.010009765625,683.905029296875,682.5800170898438,683.6699829101562,2630952
2026-01-20 17:15:00+00:00,682.39501953125,683.2000122070312,682.1199951171875,683.0050048828125,1628050
2026-01-20 17:30:00+00:00,681.3400268554688,682.3900146484375,681.2999877929688,682.3900146484375,3218824
2026-01-20 17:45:00+00:00,681.0800170898438,681.344970703125,680.4500122070312,681.3400268554688,2823921
2026-01-20 18:00:00+00:00,681.135009765625,681.47998046875,680.8599853515625,681.0800170898438,1472823
2026-01-20 18:15:00+00:00,680.2899780273438,681.1500244140625,680.2249755859375,681.1300048828125,1433727
2026-01-20 18:30:00+00:00,679.1300048828125,680.4199829101562,679.072998046875,680.280029296875,2473105
2026-01-20 18:45:00+00:00,678.719970703125,679.280029296875,678.0250244140625,679.1300048828125,3232887
2026-01-20 19:00:00+00:00,678.469970703125,679.27001953125,678.1380004882812,678.72998046875,2848963
2026-01-20 19:15:00+00:00,678.0399780273438,678.469970703125,677.6900024414062,678.469970703125,2840057
2026-01-20 19:30:00+00:00,677.844970703125,678.47998046875,677.2899780273438,678.0399780273438,2716271
2026-01-20 19:45:00+00:00,677.8300170898438,678.2000122070312,677.5499877929688,677.8300170898438,2099226
2026-01-20 20:00:00+00:00,677.0399780273438,677.8900146484375,676.9528198242188,677.8499755859375,3224352
2026-01-20 20:15:00+00:00,677.3900146484375,678.1500244140625,676.9299926757812,677.0499877929688,5551714
2026-01-20 20:30:00+00:00,676.9500122070312,677.739990234375,676.6400146484375,677.4000244140625,4818126
2026-01-20 20:45:00+00:00,677.6099853515625,677.6599731445312,676.5700073242188,676.9600219726562,12398742
2026-01-21 14:30:00+00:00,680.0023193359375,680.7000122070312,678.969970703125,680.2899780273438,12885344
2026-01-21 14:45:00+00:00,682.489990234375,682.6749877929688,680.0,680.010009765625,4525983
2026-01-21 15:00:00+00:00,682.2899780273438,682.8099975585938,681.6500244140625,682.47998046875,3689459
2026-01-21 15:15:00+00:00,683.02001953125,683.4199829101562,682.030029296875,682.2999877929688,2999773
2026-01-21 15:30:00+00:00,684.47998046875,684.60498046875,682.9400024414062,683.02001953125,3356869
2026-01-21 15:45:00+00:00,684.7321166992188,685.1300048828125,684.47998046875,684.9249877929688,2630386
2026-01-21 16:00:00+00:00,684.1799926757812,684.8400268554688,684.0499877929688,684.5999755859375,2739291
2026-01-21 16:15:00+00:00,684.22998046875,684.6099853515625,683.8300170898438,684.1799926757812,2205162
2026-01-21 16:30:00+00:00,681.25,684.2999877929688,681.1799926757812,684.25,5508561
2026-01-21 16:45:00+00:00,680.0449829101562,681.9199829101562,679.9099731445312,681.25,4247333
2026-01-21 17:00:00+00:00,678.3699951171875,680.739990234375,678.1599731445312,680.0499877929688,3742538
2026-01-21 17:15:00+00:00,679.8499755859375,680.3300170898438,678.1300048828125,678.3800048828125,4158603
2026-01-21 17:30:00+00:00,679.280029296875,680.030029296875,679.010009765625,679.864990234375,2328702
2026-01-21 17:45:00+00:00,680.6300048828125,680.969970703125,678.989990234375,679.2750244140625,2692746
2026-01-21 18:00:00+00:00,680.2000122070312,680.77001953125,678.6300048828125,680.6199951171875,2614042
2026-01-21 18:15:00+00:00,680.5700073242188,680.760009765625,679.510009765625,680.2100219726562,2195645
2026-01-21 18:30:00+00:00,680.0499877929688,680.8599853515625,679.780029296875,680.5700073242188,1759864
2026-01-21 18:45:00+00:00,680.9949951171875,681.5,679.719970703125,680.0499877929688,2115871
2026-01-21 19:00:00+00:00,680.0700073242188,681.239990234375,679.9299926757812,680.8800048828125,1757941
2026-01-21 19:15:00+00:00,684.4041137695312,685.02001953125,680.0399780273438,680.0700073242188,5791635
2026-01-21 19:30:00+00:00,687.239990234375,687.3300170898438,684.3400268554688,684.4099731445312,10077510
2026-01-21 19:45:00+00:00,688.4749755859375,688.7100219726562,687.1400146484375,687.719970703125,7071918
2026-01-21 20:00:00+00:00,687.1199951171875,688.7349853515625,686.9400024414062,688.1099853515625,4232915
2026-01-21 20:15:00+00:00,685.35498046875,687.260009765625,685.3150024414062,687.1199951171875,4896930
2026-01-21 20:30:00+00:00,685.4500122070312,686.1599731445312,684.75,685.0800170898438,5404318
2026-01-21 20:45:00+00:00,685.3300170898438,685.6400146484375,684.6300048828125,685.4400024414062,10618767
2026-01-22 14:30:00+00:00,689.4000244140625,690.6699829101562,688.9199829101562,689.8499755859375,8874303
2026-01-22 14:45:00+00:00,687.8900146484375,689.5399780273438,687.47998046875,689.4000244140625,4794298
2026-01-22 15:00:00+00:00,687.3212890625,688.0150146484375,686.9199829101562,687.8900146484375,3976662
2026-01-22 15:15:00+00:00,688.4400024414062,688.6099853515625,687.1300048828125,687.3499755859375,2898720
2026-01-22 15:30:00+00:00,689.2249755859375,689.239990234375,688.0499877929688,688.5999755859375,1992067
2026-01-22 15:45:00+00:00,688.6300048828125,689.489990234375,688.5800170898438,689.219970703125,1933257
2026-01-22 16:00:00+00:00,689.6699829101562,689.72998046875,688.5800170898438,688.6199951171875,1737634
2026-01-22 16:15:00+00:00,689.7999877929688,690.046875,689.22998046875,689.6699829101562,2072013
2026-01-22 16:30:00+00:00,690.0750122070312,690.219970703125,689.6199951171875,689.7999877929688,1120542
2026-01-22 16:45:00+00:00,689.7150268554688,690.5,689.6500244140625,690.0900268554688,1311380
2026-01-22 17:00:00+00:00,690.344970703125,690.5579833984375,689.405029296875,689.7100219726562,1802187
2026-01-22 17:15:00+00:00,690.22998046875,690.4400024414062,689.7949829101562,690.3800048828125,1257362
2026-01-22 17:30:00+00:00,690.75,690.9199829101562,690.239990234375,690.469970703125,1398004
2026-01-22 17:45:00+00:00,690.9550170898438,691.0800170898438,690.6699829101562,690.75,1018193
2026-01-22 18:00:00+00:00,690.4600219726562,691.125,690.3699951171875,690.9500122070312,1516684
2026-01-22 18:15:00+00:00,690.4500122070312,690.760009765625,690.27001953125,690.469970703125,1012167
2026-01-22 18:30:00+00:00,690.3599853515625,690.8400268554688,690.2899780273438,690.4400024414062,1182000
2026-01-22 18:45:00+00:00,690.0250244140625,690.6199951171875,689.8300170898438,690.3599853515625,1160129
2026-01-22 19:00:00+00:00,690.7000122070312,690.9600219726562,690.114990234375,690.2899780273438,2129198
2026-01-22 19:15:00+00:00,690.6599731445312,690.8699951171875,690.5,690.7000122070312,1816634
2026-01-22 19:30:00+00:00,689.7449951171875,690.7349853515625,689.6900024414062,690.6599731445312,2335858
2026-01-22 19:45:00+00:00,688.77001953125,689.8499755859375,688.739990234375,689.75,2511743
2026-01-22 20:00:00+00:00,689.1900024414062,689.2249755859375,688.6099853515625,688.760009765625,2568876
2026-01-22 20:15:00+00:00,688.1644897460938,689.510009765625,688.1300048828125,689.1900024414062,2785234
2026-01-22 20:30:00+00:00,688.1699829101562,688.2899780273438,687.594970703125,688.1599731445312,4058400
2026-01-22 20:45:00+00:00,688.9299926757812,689.0449829101562,688.1699829101562,688.1699829101562,6326210
2026-01-23 14:30:00+00:00,687.9409790039062,688.6799926757812,687.1599731445312,688.1500244140625,5926902
2026-01-23 14:45:00+00:00,688.77001953125,688.8099975585938,687.27001953125,688.0,2670130
2026-01-23 15:00:00+00:00,688.6300048828125,689.4400024414062,688.489990234375,688.8300170898438,2456814
2026-01-23 15:15:00+00:00,689.3250122070312,689.85009765625,688.3099975585938,688.6300048828125,2677215
2026-01-23 15:30:00+00:00,689.6900024414062,689.8870239257812,689.2100219726562,689.3200073242188,1544984
2026-01-23 15:45:00+00:00,690.47998046875,690.7100219726562,689.5302734375,689.6900024414062,2154806
2026-01-23 16:00:00+00:00,690.5800170898438,690.9600219726562,690.2100219726562,690.47998046875,2220078
2026-01-23 16:15:00+00:00,690.0700073242188,690.8099975585938,689.9199829101562,690.594970703125,1267313
2026-01-23 16:30:00+00:00,690.4202270507812,690.60498046875,689.4199829101562,690.0599975585938,1763513
2026-01-23 16:45:00+00:00,689.7481079101562,690.614990234375,689.6599731445312,690.4199829101562,1595589
2026-01-23 17:00:00+00:00,690.2449951171875,690.260009765625,689.3499755859375,689.75,1386676
2026-01-23 17:15:00+00:00,690.1900024414062,690.3499755859375,689.75,690.2449951171875,1032165
2026-01-23 17:30:00+00:00,688.8049926757812,690.280029296875,688.719970703125,690.197998046875,1797044
2026-01-23 17:45:00+00:00,687.989990234375,689.1799926757812,687.72998046875,688.8099975585938,2538998
2026-01-23 18:00:00+00:00,688.469970703125,689.0399780273438,687.8599853515625,687.97998046875,1952211
2026-01-23 18:15:00+00:00,688.9199829101562,689.135009765625,688.3900146484375,688.47998046875,1258761
2026-01-23 18:30:00+00:00,688.739990234375,689.280029296875,688.4180297851562,688.9400024414062,1195566
2026-01-23 18:45:00+00:00,688.969970703125,689.1300048828125,688.3699951171875,688.739990234375,961883
2026-01-23 19:00:00+00:00,689.5,689.844970703125,688.9099731445312,688.969970703125,1919846
2026-01-23 19:15:00+00:00,689.5479125976562,690.1995239257812,689.4500122070312,689.510009765625,1662365
2026-01-23 19:30:00+00:00,689.4600219726562,689.8599853515625,688.9400024414062,689.5499877929688,1986703
2026-01-23 19:45:00+00:00,689.5399780273438,689.6599731445312,689.135009765625,689.469970703125,1177525
2026-01-23 20:00:00+00:00,689.1500244140625,689.5850219726562,688.510009765625,689.530029296875,2277316
2026-01-23 20:15:00+00:00,688.844970703125,689.5499877929688,688.8099975585938,689.1599731445312,1624333
2026-01-23 20:30:00+00:00,689.219970703125,689.3499755859375,688.5499877929688,688.8400268554688,3511179
2026-01-23 20:45:00+00:00,689.1799926757812,689.6099853515625,688.8400268554688,689.2249755859375,5263281
2026-01-26 14:30:00+00:00,692.1849975585938,692.2899780273438,689.9199829101562,690.489990234375,6384026
2026-01-26 14:45:00+00:00,692.2650146484375,692.6300048828125,692.0700073242188,692.1900024414062,2967019
2026-01-26 15:00:00+00:00,692.5850219726562,692.6699829101562,691.75,692.260009765625,1840935
2026-01-26 15:15:00+00:00,692.5499877929688,693.4000244140625,692.489990234375,692.5800170898438,2892702
2026-01-26 15:30:00+00:00,692.3099975585938,693.0700073242188,692.22998046875,692.5399780273438,1910480
2026-01-26 15:45:00+00:00,692.9749755859375,693.3388061523438,692.2999877929688,692.2999877929688,1971259
2026-01-26 16:00:00+00:00,692.8300170898438,693.0800170898438,692.6199951171875,692.97998046875,1313707
2026-01-26 16:15:00+00:00,693.1099853515625,693.280029296875,692.22998046875,692.8200073242188,1617222
2026-01-26 16:30:00+00:00,692.9249877929688,693.3599853515625,692.8400268554688,693.1099853515625,1256796
2026-01-26 16:45:00+00:00,693.1199951171875,693.22998046875,692.7750244140625,692.9099731445312,926983
2026-01-26 17:00:00+00:00,693.4949951171875,693.7098999023438,693.030029296875,693.0999755859375,1200516
2026-01-26 17:15:00+00:00,693.5068359375,693.6793823242188,693.4299926757812,693.4949951171875,887986
2026-01-26 17:30:00+00:00,693.5599975585938,693.5800170898438,693.239990234375,693.5,1193227
2026-01-26 17:45:00+00:00,693.239990234375,693.5599975585938,693.030029296875,693.5599975585938,933393
2026-01-26 18:00:00+00:00,693.0549926757812,693.3599853515625,692.9000244140625,693.239990234375,845751
2026-01-26 18:15:00+00:00,693.7899780273438,693.8699951171875,692.9349975585938,693.0499877929688,1240983
2026-01-26 18:30:00+00:00,693.5349731445312,694.1300048828125,693.469970703125,693.780029296875,1328424
2026-01-26 18:45:00+00:00,693.5900268554688,693.6950073242188,693.3300170898438,693.530029296875,875736
2026-01-26 19:00:00+00:00,693.81787109375,693.97998046875,693.47998046875,693.5800170898438,1325652
2026-01-26 19:15:00+00:00,693.8200073242188,693.9099731445312,693.4600219726562,693.8099975585938,1013220
2026-01-26 19:30:00+00:00,693.8599853515625,694.0,693.5700073242188,693.8250122070312,1165596
2026-01-26 19:45:00+00:00,693.5900268554688,693.9400024414062,693.5399780273438,693.8599853515625,1466927
2026-01-26 20:00:00+00:00,693.6500244140625,693.75,693.4199829101562,693.5999755859375,1666753
2026-01-26 20:15:00+00:00,693.5700073242188,693.739990234375,693.4400024414062,693.6500244140625,2136561
2026-01-26 20:30:00+00:00,693.5800170898438,693.8699951171875,693.4299926757812,693.5750122070312,2882857
2026-01-26 20:45:00+00:00,692.7100219726562,693.7866821289062,692.6199951171875,693.5800170898438,9318082
2026-01-27 14:30:00+00:00,694.0900268554688,694.4000244140625,693.5700073242188,694.1799926757812,4356015
2026-01-27 14:45:00+00:00,695.1699829101562,695.47998046875,694.0999755859375,694.0999755859375,2941538
2026-01-27 15:00:00+00:00,695.1500244140625,695.4400024414062,694.510009765625,695.1799926757812,2500700
2026-01-27 15:15:00+00:00,694.780029296875,695.4099731445312,694.77001953125,695.1300048828125,1405183
2026-01-27 15:30:00+00:00,695.8200073242188,695.905029296875,694.7150268554688,694.77001953125,1988259
2026-01-27 15:45:00+00:00,696.0,696.1400146484375,695.7412719726562,695.8099975585938,1597153
2026-01-27 16:00:00+00:00,696.2150268554688,696.27001953125,695.97998046875,696.0,2085323
2026-01-27 16:15:00+00:00,696.1900024414062,696.47998046875,696.10498046875,696.2150268554688,1309476
2026-01-27 16:30:00+00:00,696.3292846679688,696.530029296875,696.135009765625,696.1900024414062,1372624
2026-01-27 16:45:00+00:00,696.010009765625,696.4199829101562,696.010009765625,696.3300170898438,1851354
2026-01-27 17:00:00+00:00,695.77001953125,696.1400146484375,695.75,696.010009765625,1559544
2026-01-27 17:15:00+00:00,695.9732055664062,696.1199951171875,695.3800048828125,695.77001953125,1797887
2026-01-27 17:30:00+00:00,695.6699829101562,696.0800170898438,695.5599975585938,695.9849853515625,965379
2026-01-27 17:45:00+00:00,695.4249877929688,695.7899780273438,695.3800048828125,695.6699829101562,850006
2026-01-27 18:00:00+00:00,695.4299926757812,695.4641723632812,694.9099731445312,695.4199829101562,1929499
2026-01-27 18:15:00+00:00,695.7949829101562,695.969970703125,695.4000244140625,695.4199829101562,859087
2026-01-27 18:30:00+00:00,695.760009765625,696.1649780273438,695.7100219726562,695.7999877929688,955215
2026-01-27 18:45:00+00:00,696.030029296875,696.2100219726562,695.719970703125,695.760009765625,753608
2026-01-27 19:00:00+00:00,695.9650268554688,696.0499877929688,695.739990234375,696.02001953125,1264518
2026-01-27 19:15:00+00:00,696.1699829101562,696.2000122070312,695.9199829101562,695.9600219726562,710899
2026-01-27 19:30:00+00:00,696.1599731445312,696.3599853515625,696.0349731445312,696.1699829101562,1250574
2026-01-27 19:45:00+00:00,696.0750122070312,696.1900024414062,696.0,696.1599731445312,742364
2026-01-27 20:00:00+00:00,696.3674926757812,696.4000244140625,696.0,696.0700073242188,1340596
2026-01-27 20:15:00+00:00,695.9998779296875,696.3800048828125,695.9400024414062,696.3699951171875,1628466
2026-01-27 20:30:00+00:00,695.9749755859375,696.0900268554688,695.8099975585938,695.989990234375,1722084
2026-01-27 20:45:00+00:00,695.5399780273438,696.1799926757812,695.4000244140625,695.9600219726562,7090070
2026-01-28 14:30:00+00:00,697.6500244140625,697.7000122070312,696.9500122070312,697.0499877929688,5903802
2026-01-28 14:45:00+00:00,697.1199951171875,697.8400268554688,696.9000244140625,697.64501953125,2832085
2026-01-28 15:00:00+00:00,696.1099853515625,697.3200073242188,696.103515625,697.1099853515625,2840107
2026-01-28 15:15:00+00:00,696.513916015625,697.0999755859375,696.030029296875,696.1199951171875,1899526
2026-01-28 15:30:00+00:00,695.8201293945312,696.7899780273438,695.780029296875,696.52001953125,1511739
2026-01-28 15:45:00+00:00,695.5549926757812,696.0601806640625,695.5399780273438,695.8200073242188,1570501
2026-01-28 16:00:00+00:00,696.010009765625,696.3300170898438,695.5499877929688,695.5599975585938,1339114
2026-01-28 16:15:00+00:00,696.1242065429688,696.1500244140625,695.4500122070312,696.010009765625,1266961
2026-01-28 16:30:00+00:00,694.8499755859375,696.1199951171875,694.780029296875,696.1199951171875,1554976
2026-01-28 16:45:00+00:00,694.7218017578125,695.1749877929688,694.4949951171875,694.8499755859375,1775981
2026-01-28 17:00:00+00:00,695.4550170898438,695.52001953125,694.6900024414062,694.719970703125,1306307
2026-01-28 17:15:00+00:00,694.85498046875,695.6799926757812,694.6799926757812,695.4600219726562,1469408
2026-01-28 17:30:00+00:00,694.8599853515625,695.0,694.52001953125,694.8350219726562,1216941
2026-01-28 17:45:00+00:00,694.8499755859375,695.4349975585938,694.7050170898438,694.8400268554688,1014758
2026-01-28 18:00:00+00:00,695.1799926757812,695.260009765625,694.5599975585938,694.8400268554688,972852
2026-01-28 18:15:00+00:00,695.1500244140625,695.4299926757812,695.0800170898438,695.1799926757812,691911
2026-01-28 18:30:00+00:00,695.0,695.3099975585938,694.8800048828125,695.1599731445312,665189
2026-01-28 18:45:00+00:00,695.1099853515625,695.219970703125,694.7650146484375,695.010009765625,1099545
2026-01-28 19:00:00+00:00,694.9149780273438,695.64990234375,694.0460205078125,695.0900268554688,2192338
2026-01-28 19:15:00+00:00,694.1799926757812,695.3599853515625,694.1300048828125,694.9080200195312,1323924
2026-01-28 19:30:00+00:00,694.6900024414062,696.0700073242188,693.9400024414062,694.1799926757812,4248799
2026-01-28 19:45:00+00:00,694.9099731445312,695.8400268554688,694.5499877929688,694.6799926757812,1852914
2026-01-28 20:00:00+00:00,695.7899780273438,696.1900024414062,694.780029296875,694.9099731445312,1690831
2026-01-28 20:15:00+00:00,695.4500122070312,696.2849731445312,695.4099731445312,695.77001953125,2004345
2026-01-28 20:30:00+00:00,695.1500244140625,695.6649780273438,695.0800170898438,695.4400024414062,2372244
2026-01-28 20:45:00+00:00,695.4299926757812,696.135009765625,694.75,695.1400146484375,8328952
2026-01-29 14:30:00+00:00,693.2050170898438,697.0599975585938,693.1699829101562,696.3900146484375,7541381
2026-01-29 14:45:00+00:00,691.5599975585938,694.02001953125,691.469970703125,693.2100219726562,5300196
2026-01-29 15:00:00+00:00,689.1699829101562,691.6400146484375,688.9600219726562,691.5599975585938,5807040
2026-01-29 15:15:00+00:00,688.969970703125,690.7899780273438,688.8599853515625,689.1699829101562,4244430
2026-01-29 15:30:00+00:00,686.5599975585938,689.3099975585938,686.2999877929688,688.969970703125,5326635
2026-01-29 15:45:00+00:00,686.0499877929688,687.2899780273438,685.1934814453125,686.5599975585938,5135579
2026-01-29 16:00:00+00:00,687.5999755859375,687.6400146484375,684.8300170898438,686.0700073242188,4635909
2026-01-29 16:15:00+00:00,687.9099731445312,688.6500244140625,687.280029296875,687.5999755859375,4221402
2026-01-29 16:30:00+00:00,688.469970703125,689.02001953125,687.8200073242188,687.9099731445312,2479362
2026-01-29 16:45:00+00:00,688.7050170898438,689.0399780273438,688.1500244140625,688.47998046875,2674666
2026-01-29 17:00:00+00:00,690.5800170898438,690.8400268554688,688.6400146484375,688.7050170898438,2268453
2026-01-29 17:15:00+00:00,691.0300903320312,691.3599853515625,690.3300170898438,690.5900268554688,2432217
2026-01-29 17:30:00+00:00,690.7100219726562,691.6749877929688,690.1599731445312,691.02001953125,2360190
2026-01-29 17:45:00+00:00,688.8900146484375,690.739990234375,688.7100219726562,690.7100219726562,2336678
2026-01-29 18:00:00+00:00,690.8900146484375,691.1500244140625,688.7100219726562,688.8900146484375,2435869
2026-01-29 18:15:00+00:00,690.969970703125,691.030029296875,690.22998046875,690.8800048828125,1507042
2026-01-29 18:30:00+00:00,691.3099975585938,691.8099975585938,690.1900024414062,690.97998046875,2169227
2026-01-29 18:45:00+00:00,690.5900268554688,691.5499877929688,690.5700073242188,691.3400268554688,1444164
2026-01-29 19:00:00+00:00,691.5800170898438,691.8599853515625,690.2249755859375,690.5900268554688,2780761
2026-01-29 19:15:00+00:00,692.0700073242188,692.2100219726562,691.39501953125,691.5700073242188,1813138
2026-01-29 19:30:00+00:00,691.7349853515625,692.2249755859375,691.2100219726562,692.0700073242188,2294660
2026-01-29 19:45:00+00:00,691.135009765625,691.9149780273438,691.0800170898438,691.739990234375,1841335
2026-01-29 20:00:00+00:00,691.5700073242188,691.9600219726562,691.0449829101562,691.1300048828125,1754636
2026-01-29 20:15:00+00:00,691.5700073242188,692.0499877929688,691.4299926757812,691.5499877929688,2095792
2026-01-29 20:30:00+00:00,692.6300048828125,692.875,691.3900146484375,691.5800170898438,3453978
2026-01-29 20:45:00+00:00,693.969970703125,694.7899780273438,692.4600219726562,692.6199951171875,9922809
2026-01-30 14:30:00+00:00,692.6400146484375,693.7100219726562,691.3300170898438,691.7899780273438,6836856
2026-01-30 14:45:00+00:00,691.6900024414062,693.2999877929688,691.2219848632812,692.6400146484375,3383421
2026-01-30 15:00:00+00:00,693.4400024414062,694.0499877929688,691.6400146484375,691.6699829101562,2999615
2026-01-30 15:15:00+00:00,691.385009765625,693.7999877929688,691.239990234375,693.4500122070312,2209686
2026-01-30 15:30:00+00:00,693.5001220703125,693.780029296875,690.8900146484375,691.3800048828125,2353087
2026-01-30 15:45:00+00:00,692.1199951171875,694.2100219726562,691.9299926757812,693.5,2359210
2026-01-30 16:00:00+00:00,691.9699096679688,692.6900024414062,691.6300048828125,692.1201171875,1607325
2026-01-30 16:15:00+00:00,691.0599975585938,691.9749755859375,690.2550048828125,691.9600219726562,2601346
2026-01-30 16:30:00+00:00,691.8900146484375,692.4299926757812,690.8576049804688,691.0499877929688,1953550
2026-01-30 16:45:00+00:00,690.6599731445312,691.9299926757812,690.3800048828125,691.9000244140625,1456694
2026-01-30 17:00:00+00:00,689.1099853515625,690.77001953125,688.72998046875,690.6699829101562,2657849
2026-01-30 17:15:00+00:00,691.0700073242188,691.1900024414062,688.8900146484375,689.1199951171875,2579206
2026-01-30 17:30:00+00:00,690.510009765625,691.530029296875,689.5700073242188,691.0650024414062,1954707
2026-01-30 17:45:00+00:00,689.1699829101562,691.1400146484375,689.1300048828125,690.52001953125,1690257
2026-01-30 18:00:00+00:00,689.2301025390625,690.280029296875,688.8800048828125,689.1500244140625,1483591
2026-01-30 18:15:00+00:00,689.469970703125,689.5394897460938,687.1199951171875,689.22998046875,2962323
2026-01-30 18:30:00+00:00,688.8599853515625,689.6699829101562,687.8499755859375,689.469970703125,1866483
2026-01-30 18:45:00+00:00,691.3800048828125,692.0800170898438,688.780029296875,688.8499755859375,2692685
2026-01-30 19:00:00+00:00,691.9650268554688,692.7000122070312,691.3499755859375,691.3699951171875,2900515
2026-01-30 19:15:00+00:00,691.3400268554688,692.7000122070312,691.2999877929688,691.9500122070312,2425888
2026-01-30 19:30:00+00:00,691.2899780273438,692.0499877929688,690.5599975585938,691.3200073242188,2496885
2026-01-30 19:45:00+00:00,690.5700073242188,692.280029296875,690.44580078125,691.27001953125,3940496
2026-01-30 20:00:00+00:00,690.0150146484375,691.2100219726562,689.9600219726562,690.5750122070312,3575769
2026-01-30 20:15:00+00:00,690.0399780273438,690.4400024414062,689.2999877929688,690.02001953125,2958509
2026-01-30 20:30:00+00:00,691.1599731445312,691.2999877929688,689.969970703125,690.0700073242188,3341972
2026-01-30 20:45:00+00:00,691.9000244140625,692.826171875,690.8200073242188,691.1599731445312,17266342
2026-02-02 14:30:00+00:00,692.5900268554688,692.72998046875,689.4299926757812,689.5800170898438,9183638
2026-02-02 14:45:00+00:00,692.7000122070312,693.8400268554688,692.0999755859375,692.5900268554688,4203733
2026-02-02 15:00:00+00:00,695.1199951171875,695.22998046875,692.3099975585938,692.6199951171875,4660572
2026-02-02 15:15:00+00:00,694.6849975585938,695.6699829101562,694.5700073242188,695.1099853515625,3924539
2026-02-02 15:30:00+00:00,695.0999755859375,695.75,694.4598999023438,694.6849975585938,2764108
2026-02-02 15:45:00+00:00,694.72998046875,695.22998046875,694.35498046875,695.1099853515625,2258566
2026-02-02 16:00:00+00:00,695.0800170898438,695.1400146484375,693.9199829101562,694.719970703125,2180635
2026-02-02 16:15:00+00:00,695.5499877929688,695.6799926757812,694.9149780273438,695.0800170898438,2043294
2026-02-02 16:30:00+00:00,695.1400146484375,695.5700073242188,694.8900146484375,695.5599975585938,1328124
2026-02-02 16:45:00+00:00,695.75,695.8599853515625,694.489990234375,695.1500244140625,1548273
2026-02-02 17:00:00+00:00,696.1599731445312,696.52001953125,695.6400146484375,695.75,2181538
2026-02-02 17:15:00+00:00,696.2249755859375,696.4099731445312,695.9400024414062,696.1699829101562,1111655
2026-02-02 17:30:00+00:00,696.2899780273438,696.6199951171875,696.0499877929688,696.2274780273438,1108380
2026-02-02 17:45:00+00:00,696.405029296875,696.9299926757812,696.25,696.2899780273438,1056183
2026-02-02 18:00:00+00:00,696.2600708007812,696.7199096679688,696.2249755859375,696.4099731445312,1276025
2026-02-02 18:15:00+00:00,696.0601196289062,696.2999877929688,695.6849975585938,696.260009765625,1243791
2026-02-02 18:30:00+00:00,696.4299926757812,696.510009765625,696.0250244140625,696.0700073242188,1038247
2026-02-02 18:45:00+00:00,696.489990234375,696.760009765625,696.4199829101562,696.4199829101562,1053885
2026-02-02 19:00:00+00:00,696.719970703125,696.8800048828125,696.3599853515625,696.489990234375,1558381
2026-02-02 19:15:00+00:00,696.7899780273438,696.85498046875,696.6199951171875,696.7100219726562,1328319
2026-02-02 19:30:00+00:00,696.5499877929688,696.7899780273438,696.1649780273438,696.7849731445312,1800813
2026-02-02 19:45:00+00:00,695.52001953125,696.780029296875,695.344970703125,696.5499267578125,2655946
2026-02-02 20:00:00+00:00,695.79248046875,696.469970703125,695.0103149414062,695.52001953125,4631688
2026-02-02 20:15:00+00:00,695.80859375,696.25,695.4600219726562,695.7949829101562,3075613
2026-02-02 20:30:00+00:00,695.3099975585938,695.9600219726562,695.22998046875,695.8099975585938,2754361
2026-02-02 20:45:00+00:00,695.4600219726562,695.8099975585938,695.0800170898438,695.2999877929688,10367225
2026-02-03 14:30:00+00:00,695.1900024414062,696.9600219726562,694.905029296875,696.6412963867188,7938040
2026-02-03 14:45:00+00:00,693.47998046875,696.1500244140625,693.3400268554688,695.2000122070312,4593241
2026-02-03 15:00:00+00:00,691.9099731445312,693.719970703125,691.6199951171875,693.510009765625,6310025
2026-02-03 15:15:00+00:00,692.2050170898438,692.9199829101562,690.7999877929688,691.9299926757812,3864938
2026-02-03 15:30:00+00:00,691.3499755859375,692.5999755859375,691.0599975585938,692.1900024414062,2959895
2026-02-03 15:45:00+00:00,693.1400146484375,693.4299926757812,690.9299926757812,691.3499755859375,3805705
2026-02-03 16:00:00+00:00,692.02001953125,693.1900024414062,691.8699951171875,693.1400146484375,1883388
2026-02-03 16:15:00+00:00,690.7999877929688,692.3900146484375,690.6699829101562,692.02001953125,2355986
2026-02-03 16:30:00+00:00,690.97998046875,691.4400024414062,690.3900146484375,690.8099975585938,2657922
2026-02-03 16:45:00+00:00,690.6400146484375,691.4498901367188,690.27001953125,690.969970703125,2187319
2026-02-03 17:00:00+00:00,689.1199951171875,690.739990234375,688.6099853515625,690.6400146484375,3853874
2026-02-03 17:15:00+00:00,688.8300170898438,690.1199951171875,688.8250122070312,689.1199951171875,3326750
2026-02-03 17:30:00+00:00,687.6300048828125,688.9400024414062,687.3900146484375,688.8200073242188,3289790
2026-02-03 17:45:00+00:00,687.7000122070312,688.72998046875,687.4500122070312,687.6199951171875,2622186
2026-02-03 18:00:00+00:00,686.7100219726562,688.5499877929688,686.4199829101562,687.6900024414062,3352837
2026-02-03 18:15:00+00:00,686.3599853515625,687.3699951171875,686.239990234375,686.7100219726562,3305424
2026-02-03 18:30:00+00:00,685.77001953125,686.4099731445312,685.5700073242188,686.364990234375,2268881
2026-02-03 18:45:00+00:00,684.8599853515625,685.989990234375,684.8499755859375,685.760009765625,2177621
2026-02-03 19:00:00+00:00,686.3900146484375,686.4600219726562,684.030029296875,684.8400268554688,5231616
2026-02-03 19:15:00+00:00,686.2135009765625,687.219970703125,685.719970703125,686.4000244140625,4475434
2026-02-03 19:30:00+00:00,686.1400146484375,686.8800048828125,685.8200073242188,686.2100219726562,3134044
2026-02-03 19:45:00+00:00,686.8300170898438,687.0800170898438,685.1300048828125,686.1356201171875,3257606
2026-02-03 20:00:00+00:00,687.0399780273438,687.0599975585938,686.280029296875,686.8200073242188,2249234
2026-02-03 20:15:00+00:00,687.530029296875,687.8049926757812,686.5900268554688,687.030029296875,3866291
2026-02-03 20:30:00+00:00,688.5700073242188,689.2000122070312,687.489990234375,687.530029296875,4767822
2026-02-03 20:45:00+00:00,689.4600219726562,689.75,688.3900146484375,688.5800170898438,8021568
2026-02-04 14:30:00+00:00,690.6500244140625,691.2899780273438,689.0,690.3499755859375,7534627
2026-02-04 14:45:00+00:00,688.1900024414062,691.4500122070312,687.8300170898438,690.6599731445312,4083290
2026-02-04 15:00:00+00:00,688.8800048828125,689.6199951171875,686.510009765625,688.1699829101562,5112138
2026-02-04 15:15:00+00:00,689.9000244140625,690.8499755859375,688.3350219726562,688.8900146484375,3946448
2026-02-04 15:30:00+00:00,689.5900268554688,690.27001953125,687.3200073242188,689.9000244140625,5369732
2026-02-04 15:45:00+00:00,688.5800170898438,689.780029296875,688.2100219726562,689.5900268554688,2714567
2026-02-04 16:00:00+00:00,687.8699951171875,688.9000244140625,686.5700073242188,688.5900268554688,4013426
2026-02-04 16:15:00+00:00,688.3499145507812,688.47998046875,686.3900146484375,687.8699951171875,3230606
2026-02-04 16:30:00+00:00,685.4199829101562,688.47998046875,685.3699951171875,688.3499755859375,2645519
2026-02-04 16:45:00+00:00,686.5900268554688,686.77001953125,684.3350219726562,685.4199829101562,4507823
2026-02-04 17:00:00+00:00,686.780029296875,687.0999755859375,685.8699951171875,686.5800170898438,2189425
2026-02-04 17:15:00+00:00,683.7000122070312,686.9600219726562,683.219970703125,686.77001953125,2868331
2026-02-04 17:30:00+00:00,683.0900268554688,684.7999877929688,682.030029296875,683.7000122070312,5351240
2026-02-04 17:45:00+00:00,683.6599731445312,683.8599853515625,681.760009765625,683.094970703125,3719737
2026-02-04 18:00:00+00:00,682.8699951171875,684.0499877929688,682.3300170898438,683.6599731445312,2629474
2026-02-04 18:15:00+00:00,684.7999877929688,685.010009765625,682.3499755859375,682.8699951171875,2908949
2026-02-04 18:30:00+00:00,684.0599975585938,685.0599975585938,683.1099853515625,684.8099975585938,2753182
2026-02-04 18:45:00+00:00,684.6300048828125,685.510009765625,683.1510009765625,684.0599975585938,2583893
2026-02-04 19:00:00+00:00,684.2899780273438,684.9000244140625,683.4000244140625,684.6199951171875,2803673
2026-02-04 19:15:00+00:00,685.3400268554688,685.405029296875,684.1400146484375,684.239990234375,2307664
2026-02-04 19:30:00+00:00,686.5800170898438,686.989990234375,685.2999877929688,685.3400268554688,3321705
2026-02-04 19:45:00+00:00,688.27001953125,688.47998046875,686.3300170898438,686.5800170898438,4437513
2026-02-04 20:00:00+00:00,687.4849853515625,688.489990234375,686.7449951171875,688.27001953125,2938528
2026-02-04 20:15:00+00:00,687.5399780273438,688.1699829101562,687.0900268554688,687.489990234375,2663037
2026-02-04 20:30:00+00:00,687.8200073242188,688.2999877929688,687.2899780273438,687.530029296875,2842149
2026-02-04 20:45:00+00:00,686.1199951171875,688.3200073242188,685.6409912109375,687.8099975585938,8109425
2026-02-05 14:30:00+00:00,682.9400024414062,683.3499755859375,678.760009765625,680.9400024414062,11438121
2026-02-05 14:45:00+00:00,680.6099853515625,683.6900024414062,680.280029296875,682.9400024414062,4283735
2026-02-05 15:00:00+00:00,676.8599853515625,681.3800048828125,676.7999877929688,680.6099853515625,6371458
2026-02-05 15:15:00+00:00,676.6400146484375,678.5599975585938,676.1749877929688,676.8599853515625,5307776
2026-02-05 15:30:00+00:00,677.9000244140625,678.489990234375,675.9400024414062,676.6500244140625,5605534
2026-02-05 15:45:00+00:00,677.3300170898438,678.2449951171875,676.0579833984375,677.8699951171875,4212759
2026-02-05 16:00:00+00:00,675.9099731445312,677.6500244140625,675.7899780273438,677.3300170898438,3461744
2026-02-05 16:15:00+00:00,679.6599731445312,679.7899780273438,675.8599853515625,675.8900146484375,4390769
2026-02-05 16:30:00+00:00,679.97998046875,680.72998046875,679.4500122070312,679.6599731445312,4130236
2026-02-05 16:45:00+00:00,681.239990234375,681.5349731445312,678.9500122070312,679.9600219726562,2944031
2026-02-05 17:00:00+00:00,680.0098876953125,681.3400268554688,679.280029296875,681.219970703125,2543176
2026-02-05 17:15:00+00:00,681.5,681.9400024414062,678.97998046875,680.0,2282637
2026-02-05 17:30:00+00:00,681.719970703125,682.2899780273438,680.7100219726562,681.52001953125,1815421
2026-02-05 17:45:00+00:00,680.4500122070312,682.614990234375,680.1699829101562,681.719970703125,2145437
2026-02-05 18:00:00+00:00,680.1699829101562,681.3200073242188,679.760009765625,680.4600219726562,1854627
2026-02-05 18:15:00+00:00,679.1500244140625,680.4000244140625,678.8499755859375,680.1400146484375,1983282
2026-02-05 18:30:00+00:00,679.010009765625,680.010009765625,678.510009765625,679.1599731445312,1890867
2026-02-05 18:45:00+00:00,678.30029296875,679.260009765625,677.6849975585938,679.0,1961208
2026-02-05 19:00:00+00:00,680.5900268554688,680.8599853515625,678.030029296875,678.3099975585938,3716561
2026-02-05 19:15:00+00:00,680.2449951171875,681.469970703125,680.0999755859375,680.5900268554688,2801927
2026-02-05 19:30:00+00:00,678.8699951171875,680.239990234375,678.54052734375,680.239990234375,2672761
2026-02-05 19:45:00+00:00,679.0900268554688,679.239990234375,678.3900146484375,678.8699951171875,1959586
2026-02-05 20:00:00+00:00,679.8699951171875,680.89501953125,678.6900024414062,679.0900268554688,2832925
2026-02-05 20:15:00+00:00,677.77001953125,679.9000244140625,677.6400146484375,679.8599853515625,3806205
2026-02-05 20:30:00+00:00,677.1199951171875,678.3499145507812,676.9199829101562,677.7899780273438,4531576
2026-02-05 20:45:00+00:00,677.4400024414062,678.0399780273438,676.1854858398438,677.1300048828125,9534248
2026-02-06 14:30:00+00:00,685.5499877929688,685.5700073242188,680.8499755859375,681.4600219726562,12081075
2026-02-06 14:45:00+00:00,684.7449951171875,686.510009765625,684.5800170898438,685.5599975585938,5483434
2026-02-06 15:00:00+00:00,683.72998046875,685.489990234375,683.3599853515625,684.7999877929688,4333214
2026-02-06 15:15:00+00:00,685.6500244140625,685.8099975585938,683.1099853515625,683.719970703125,3552036
2026-02-06 15:30:00+00:00,686.3499755859375,686.75,684.9099731445312,685.6500244140625,3417301
2026-02-06 15:45:00+00:00,685.7999877929688,687.0399780273438,684.3300170898438,686.3599853515625,3935543
2026-02-06 16:00:00+00:00,687.3599853515625,687.3900146484375,685.4299926757812,685.7899780273438,3489894
2026-02-06 16:15:00+00:00,687.10498046875,687.719970703125,686.5800170898438,687.3499755859375,2585583
2026-02-06 16:30:00+00:00,687.7000122070312,688.010009765625,687.0499877929688,687.10498046875,2426047
2026-02-06 16:45:00+00:00,687.4600219726562,688.0,686.9400024414062,687.7000122070312,1761843
2026-02-06 17:00:00+00:00,687.9400024414062,688.4000244140625,687.1400146484375,687.4550170898438,1822922
2026-02-06 17:15:00+00:00,688.47998046875,688.510009765625,687.6099853515625,687.9400024414062,1479900
2026-02-06 17:30:00+00:00,688.5,688.9099731445312,687.8524169921875,688.5,1785999
2026-02-06 17:45:00+00:00,688.9500122070312,689.5399780273438,688.4949951171875,688.5,2063215
2026-02-06 18:00:00+00:00,689.0449829101562,689.510009765625,688.8900146484375,688.9600219726562,1532105
2026-02-06 18:15:00+00:00,688.9450073242188,689.4400024414062,688.5900268554688,689.0449829101562,1482579
2026-02-06 18:30:00+00:00,689.3049926757812,689.4600219726562,688.8800048828125,688.9500122070312,1178704
2026-02-06 18:45:00+00:00,689.030029296875,689.6599731445312,688.9500122070312,689.3099975585938,1374803
2026-02-06 19:00:00+00:00,688.909912109375,689.4199829101562,688.9000244140625,689.030029296875,1731399
2026-02-06 19:15:00+00:00,689.47802734375,689.530029296875,688.739990234375,688.9099731445312,1463214
2026-02-06 19:30:00+00:00,688.9749755859375,689.5599975585938,688.9000244140625,689.47998046875,1593671
2026-02-06 19:45:00+00:00,689.3499755859375,689.760009765625,688.969970703125,688.97998046875,1502853
2026-02-06 20:00:00+00:00,689.4650268554688,689.8099975585938,689.0999755859375,689.3400268554688,2051852
2026-02-06 20:15:00+00:00,689.7750244140625,690.1400146484375,689.4425048828125,689.469970703125,2565356
2026-02-06 20:30:00+00:00,690.75,690.7686767578125,689.5999755859375,689.77001953125,3549615
2026-02-06 20:45:00+00:00,690.5999755859375,692.3099975585938,690.5800170898438,690.760009765625,11278818
