Price,Close,High,Low,Open,Volume
Ticker,SPY,SPY,SPY,SPY,SPY
Date,,,,,
1993-01-29,24.24139976501465,24.258641158873125,24.137951401863806,24.258641158873125,1003200
1993-02-01,24.413814544677734,24.413814544677734,24.258641994605632,24.258641994605632,480500
1993-02-02,24.465545654296875,24.482787053630418,24.344855858962077,24.396580056962705,201300
1993-02-03,24.72416877746582,24.741410178286927,24.48278916597034,24.500030566791445,529400
1993-02-04,24.82761001586914,24.879334203402202,24.53450628651513,24.810368620024786,531500
1993-02-05,24.810365676879883,24.862089858277127,24.67243452648722,24.81036567687988,492100
1993-02-08,24.810365676879883,24.896572645875292,24.775882889281714,24.81036567687988,596100
1993-02-09,24.637954711914062,24.72416169131194,24.586230524275333,24.72416169131194,122100
1993-02-10,24.67243766784668,24.689679063840984,24.568989291880865,24.637954875858075,379600
1993-02-11,24.793136596679688,24.896585010852203,24.706929584869258,24.706929584869258,19500
1993-02-12,24.60346794128418,24.75864047910587,24.60346794128418,24.75864047910587,42500
1993-02-16,23.982797622680664,24.53452265785376,23.948314807982342,24.53452265785376,374800
1993-02-17,23.96553611755371,24.01726029622469,23.87932915310208,23.982777510444038,210900
1993-02-18,23.948307037353516,24.24141086718434,23.620720404013188,24.24141086718434,378100
1993-02-19,24.034515380859375,24.034515380859375,23.91382556187371,23.94830836729819,34900
1993-02-22,24.120708465576172,24.155191251088077,24.034501501796417,24.103467072820223,513600
1993-02-23,24.10347557067871,24.206923963685917,23.98278577883697,24.18968256485138,373700
1993-02-24,24.413814544677734,24.413814544677734,24.120710838985982,24.120710838985982,26300
1993-02-25,24.465545654296875,24.482787053630418,24.344855858962077,24.396580056962705,44500
1993-02-26,24.50002670288086,24.517268100982815,24.37933691616716,24.517268100982815,66200
1993-03-01,24.431060791015625,24.58623337190422,24.396577995262604,24.58623337190422,66500
1993-03-02,24.793136596679688,24.793136596679688,24.413825744713794,24.448308549437968,182400
1993-03-03,24.89656639099121,24.913807780458654,24.793118054186536,24.827600833121426,280100
1993-03-04,24.758668899536133,24.931083028362984,24.758668899536133,24.931083028362984,89500
1993-03-05,24.689687728881836,24.896584553425537,24.67244632683653,24.79313614115369,40000
1993-03-08,25.24140167236328,25.24140167236328,24.741401229399802,24.741401229399802,50800
1993-03-09,25.155179977416992,25.206904130900373,25.10345582393361,25.18966274640591,169300
1993-03-10,25.206937789916992,25.206937789916992,25.051765122263603,25.155213567365863,194400
1993-03-11,25.137956619262695,25.29312919098654,25.10347382554629,25.22416360355372,70900
1993-03-12,24.87934112548828,24.94830672805374,24.724168519716006,24.931065327412377,643600
1993-03-15,25.00001335144043,25.000013351440426,24.862082243294548,24.862082243294548,310800
1993-03-16,25.00001335144043,25.06897890551337,25.000013351440426,25.000013351440426,30800
1993-03-17,24.84486198425293,24.965551806522026,24.81037917789033,24.965551806522026,21800
1993-03-18,25.00001335144043,25.10346168254984,24.948289185885724,24.948289185885724,59300
1993-03-19,24.962200164794922,25.10078281664666,24.96220016479492,25.10078281664666,66900
1993-03-22,24.823610305786133,24.87557878514228,24.702350520621792,24.71967334707384,183400
1993-03-23,24.87560272216797,24.910248408410546,24.840957035925396,24.892925565289257,55200
1993-03-24,24.87560272216797,24.979539780895692,24.719697134076387,24.840957035925396,37200
1993-03-25,25.031476974487305,25.0834454387942,24.85824876013099,24.892894403002252,110100
1993-03-26,24.892906188964844,25.03148882606416,24.87558335932743,25.014165996426744,101500
1993-03-29,24.996837615966797,25.118097396501632,24.910223487013344,24.910223487013344,87100
1993-03-30,25.066125869750977,25.066125869750977,24.996834575017733,25.031480222384353,56000
1993-03-31,25.04880142211914,25.204706825161374,25.048801422119137,25.13541553492038,111600
1993-04-01,24.962200164794922,25.083459985165195,24.910231670350516,25.083459985165195,129500
1993-04-02,24.44251251220703,24.7543234443259,24.44251251220703,24.7543234443259,59400
1993-04-05,24.563764572143555,24.63305586853888,24.494473275748227,24.63305586853888,172200
1993-04-06,24.494474411010742,24.615734185322676,24.42518311140392,24.615734185322676,129700
1993-04-07,24.58108901977539,24.581089019775394,24.47715206831757,24.52912054404648,28000
1993-04-08,24.546443939208984,24.68502654437036,24.44250698533795,24.68502654437036,180800
1993-04-12,24.892906188964844,24.91022901860226,24.754323551865525,24.788969211140355,348500
1993-04-13,24.94486427307129,25.031478385130566,24.858250161012013,24.87557298342387,146100
1993-04-14,24.91023063659668,24.97952195964702,24.892907805834096,24.962199128884436,119600
1993-04-15,24.91023063659668,24.962199128884436,24.80629365202117,24.892907805834096,148600
1993-04-16,24.91023063659668,24.962199128884436,24.87558497507151,24.927553467359264,47900
1993-04-19,24.806291580200195,24.97951987335802,24.788968750884415,24.91022855609489,157000
1993-04-20,24.685029983520508,24.806289779930783,24.52912453099301,24.771644123813562,279500
1993-04-21,24.667709350585938,24.73700066898646,24.598418032185418,24.73700066898646,67900
1993-04-22,24.35589027404785,24.771638045439847,24.35589027404785,24.56376415974385,97700
1993-04-23,24.2519588470459,24.373218641281127,24.217313191550115,24.303927330289568,106000
1993-04-26,24.061412811279297,24.355900945038655,23.992121485688862,24.26928678805061,62600
1993-04-27,24.321243286132812,24.321243286132812,24.026755297625506,24.026755297625506,156800
1993-04-28,24.269285202026367,24.33857652308854,24.23463954149528,24.286608032291912,85900
1993-04-29,24.37322235107422,24.37322235107422,24.182671216844074,24.321253859920542,85000
1993-04-30,24.407861709594727,24.54644431688838,24.407861709594727,24.459830187329846,88500
1993-05-03,24.563764572143555,24.56376457214355,24.338567858858738,24.44250480345173,80500
1993-05-04,24.650390625,24.737004787420943,24.581099295063247,24.615744960031623,149100
1993-05-05,24.71967124938965,24.806285374299915,24.650379949461435,24.650379949461435,109000
1993-05-06,24.633058547973633,24.70234985190605,24.61573572199053,24.685027025922945,54700
1993-05-07,24.58108901977539,24.650380320747274,24.546443369289452,24.650380320747274,68000
1993-05-10,24.633058547973633,24.771641155838463,24.61573572199053,24.61573572199053,113900
1993-05-11,24.73698616027832,24.73698616027832,24.56375796587861,24.633049243638496,42600
1993-05-12,24.70233917236328,24.719661990857222,24.633047898387506,24.633047898387506,31000
1993-05-13,24.407861709594727,24.5984127946235,24.390538883683018,24.5984127946235,129100
1993-05-14,24.390539169311523,24.477153299884364,24.373216343196958,24.407861995426092,63500
1993-05-17,24.4771728515625,24.477172851562504,24.355912971901542,24.459850011610936,34000
1993-05-18,24.459835052490234,24.511803540562095,24.373220905703796,24.494480711204808,105200
1993-05-19,24.962200164794922,24.96220016479492,24.30393256849915,24.459838051832357,50200
1993-05-20,25.031476974487305,25.031476974487305,24.910217224437886,24.96218568874478,98200
1993-05-21,24.806291580200195,25.083456849252713,24.788968750884415,25.048811190621148,221400
1993-05-24,24.91023063659668,24.996844790409604,24.858262144308927,24.858262144308927,30500
1993-05-25,24.962200164794922,25.014168659239324,24.96220016479492,25.014168659239324,191800
1993-05-26,25.27398109436035,25.29130390525436,25.014138930950203,25.03146174184421,102400
1993-05-27,25.187395095825195,25.308654907153105,25.152749435445795,25.308654907153105,53800
1993-05-28,25.066125869750977,25.17006281185084,24.944866103967797,25.17006281185084,79100
1993-06-01,25.30865478515625,25.395268935687245,25.118103653988065,25.152749314200463,28300
1993-06-02,25.27398109436035,25.3605951488304,25.135398607208273,25.239335472572332,20300
1993-06-03,25.187395095825195,25.2220407562046,25.135426605256093,25.2220407562046,21600
1993-06-04,25.100786209106445,25.118109042929152,24.996849206170186,25.118109042929152,32000
1993-06-07,25.0141544342041,25.152737007246785,25.0141544342041,25.152737007246785,121400
1993-06-08,24.78896141052246,24.944866828198705,24.78896141052246,24.944866828198705,104500
1993-06-09,24.87560272216797,24.979539780895692,24.840957035925396,24.875602722167972,43300
1993-06-10,24.892906188964844,24.91022901860226,24.80629204077777,24.858260529690014,17900
1993-06-11,24.996837615966797,25.03148326754818,24.89290066122265,24.979514790176104,647400
1993-06-14,24.962200164794922,25.048814322202258,24.96220016479492,25.03149149072079,64200
1993-06-15,24.91023063659668,25.014167621172188,24.91023063659668,24.996844790409604,142400
1993-06-16,24.962200164794922,24.96220016479492,24.840940344424645,24.910231670350516,330900
1993-06-17,25.04880142211914,25.048801422119137,24.962187309317898,25.014155776998642,37400
1993-06-18,24.84253692626953,25.03443854578425,24.84253692626953,25.03443854578425,58500
1993-06-21,24.894859313964844,24.912304905635455,24.859968130623617,24.912304905635455,29300
1993-06-22,24.912302017211914,24.92974760685982,24.8774108379161,24.92974760685982,137500
1993-06-23,24.685514450073242,24.9123071623354,24.685514450073242,24.9123071623354,227600
1993-06-24,25.016992568969727,25.016992568969727,24.755308546281757,24.755308546281757,243700
1993-06-25,24.999534606933594,25.069316978481208,24.98208901404669,24.999534606933594,44800
1993-06-28,25.27867317199707,25.27867317199707,25.086771581319383,25.12166277962442,439900
1993-06-29,25.156551361083984,25.243779347772904,25.121660166408418,25.243779347772904,207500
1993-06-30,25.156551361083984,25.243779347772904,25.121660166408418,25.191442555759554,437600
1993-07-01,25.086774826049805,25.19144843450342,25.051883623231934,25.19144843450342,605700
1993-07-02,24.947200775146484,25.0169831549371,24.859972800408208,24.99953755998945,285400
1993-07-06,24.685514450073242,24.98208953533914,24.650623263571372,24.9123071623354,246400
1993-07-07,24.755292892456055,24.79018407341794,24.668064940051348,24.668064940051348,343700
1993-07-08,25.034439086914062,25.08677589336754,24.737863850344347,24.772755054646666,248200
1993-07-09,25.104204177856445,25.10420417785644,24.982085047039906,25.034421817389852,378200
1993-07-12,25.086774826049805,25.104220427458742,25.034438021822996,25.069329224640867,373700
1993-07-13,25.06932830810547,25.174001912732212,24.929763501936474,25.104219509647717,389600
1993-07-14,25.156551361083984,25.22633375043512,25.06932337439507,25.08676897173285,617300
1993-07-15,25.05190086364746,25.139128930721444,24.999564023403074,25.139128930721444,443800
1993-07-16,24.982101440429688,25.08677504981696,24.947210237300595,25.069329448252414,216400
1993-07-19,24.964645385742188,24.982090980001967,24.894863008703076,24.982090980001967,188200
1993-07-20,25.034439086914062,25.03443908691406,24.825091861100145,24.94721107615826,68500
1993-07-21,25.016992568969727,25.016992568969727,24.92976456140707,24.999546967457196,142700
1993-07-22,24.84253692626953,25.016992944010187,24.84253692626953,24.982101740462056,632400
1993-07-23,24.964645385742188,24.964645385742188,24.877417414443297,24.894863008703076,286200
1993-07-26,25.104204177856445,25.156540948206388,25.034421817389852,25.034421817389852,121300
1993-07-27,25.086774826049805,25.139111630276613,24.999546819005126,25.121666028867676,92800
1993-07-28,25.034439086914062,25.08677589336754,24.99954788261174,25.03443908691406,30800
1993-07-29,25.173992156982422,25.243774533023952,25.05187299890974,25.086764186930505,331000
1993-07-30,25.034439086914062,25.17400390412334,24.99954788261174,25.17400390412334,75300
1993-08-02,25.104204177856445,25.191432128439683,25.069312997623147,25.069312997623147,41300
1993-08-03,25.12165641784668,25.226329986254374,25.0344284441736,25.156547607315908,81600
1993-08-04,25.12165641784668,25.173993202050525,25.051874038908213,25.121656417846676,434000
1993-08-05,25.06932830810547,25.12166511041884,25.034437106563217,25.12166511041884,36800
1993-08-06,25.104204177856445,25.156540948206388,25.069312997623147,25.13909535808974,402300
1993-08-09,25.2437744140625,25.31355678977518,25.121655256565308,25.17399203834982,828200
1993-08-10,25.22633171081543,25.24377730674269,25.191440518960913,25.22633171081543,604900
1993-08-11,25.22633171081543,25.296114094524462,25.208886114888173,25.208886114888173,542200
1993-08-12,25.156551361083984,25.296116139786253,25.06932337439507,25.296116139786253,303700
1993-08-13,25.191438674926758,25.208884269576984,25.17399308027653,25.17399308027653,103500
1993-08-16,25.331010818481445,25.40079321743043,25.20889162032072,25.20889162032072,241800
1993-08-17,25.418237686157227,25.418237686157227,25.31356409239131,25.31356409239131,369300
1993-08-18,25.55781364440918,25.610150464158824,25.488031218076323,25.50547682465954,414300
1993-08-19,25.55781364440918,25.575259250992396,25.52292243124275,25.575259250992396,28500
1993-08-20,25.575241088867188,25.575241088867188,25.48801311789561,25.505458712089926,80700
1993-08-23,25.52289581298828,25.5403414013772,25.470559047821524,25.470559047821524,15600
1993-08-24,25.802038192749023,25.802038192749023,25.52290863826357,25.52290863826357,273400
1993-08-25,25.81949806213379,25.924171702926223,25.767161241737572,25.802052455335048,242300
1993-08-26,25.83693504333496,25.976499851131507,25.732261437487555,25.836935043334964,120000
1993-08-27,25.81949806213379,25.81949806213379,25.767161241737572,25.767161241737572,25700
1993-08-30,25.924163818359375,25.95905502134505,25.836935810895177,25.836935810895177,183500
1993-08-31,25.99393653869629,25.993936538696293,25.871817373749398,25.906708563734224,66500
1993-09-01,25.95905113220215,26.01138792883965,25.906714335564644,25.906714335564644,136500
1993-09-02,25.871807098388672,26.011371802897852,25.854361510325027,25.976480626770556,472400
1993-09-03,25.889266967773438,25.924158163147794,25.81948457702472,25.85437577239908,630500
1993-09-07,25.714805603027344,25.9241527314102,25.679914414963534,25.88926154334639,196400
1993-09-08,25.627588272094727,25.71481627846673,25.45313225935072,25.71481627846673,269900
1993-09-09,25.679912567138672,25.69735815991526,25.522902232149374,25.522902232149374,239200
1993-09-10,25.90671730041504,25.92416290129074,25.714815690782334,25.749706892533734,106500
1993-09-13,25.924163818359375,25.99394622433073,25.92416381835937,25.99394622433073,66900
1993-09-14,25.81949806213379,25.854389275731265,25.732270028140093,25.854389275731265,184500
1993-09-15,25.889266967773438,25.906712565460616,25.627583002465755,25.714810990901647,101000
1993-09-16,25.78458595275879,25.871813916063115,25.767140360097923,25.85436832340225,54300
1993-09-17,25.73459815979004,25.787261048248,25.699489567484733,25.769706752095345,200900
1993-09-20,25.523941040039062,25.82236400955809,25.523941040039062,25.769701132584142,57800
1993-09-21,25.436182022094727,25.594170730306498,25.172867508408448,25.55906212848166,318200
1993-09-22,25.64682388305664,25.681932471534473,25.488835234906393,25.523943823384226,439700
1993-09-23,25.787275314331055,25.804829620195132,25.681949479146585,25.71705809087474,88500
1993-09-24,25.717041015625,25.769703898250853,25.681932427207762,25.752149604042234,53500
1993-09-27,25.99790382385254,25.997903823852536,25.910132372725418,25.910132372725418,274600
1993-09-28,25.94524574279785,26.015462916661985,25.927691449331817,26.015462916661985,158300
1993-09-29,25.85747718811035,26.01546584710084,25.822368597223576,25.94524866532729,221000
1993-09-30,25.8048095703125,25.910135323660715,25.75214669363839,25.857472446986606,99300
1993-10-01,25.927692413330078,25.962801001567488,25.7345951780243,25.769703766261713,22700
1993-10-04,25.96281623840332,25.96281623840332,25.892599020720013,25.96281623840332,1038500
1993-10-05,25.927692413330078,26.015463883923612,25.83992094273654,26.015463883923612,436500
1993-10-06,25.910137176513672,26.050571524353852,25.910137176513672,25.945245763473714,209200
1993-10-07,25.83991813659668,25.94524388987085,25.822363844384316,25.94524388987085,59400
1993-10-08,25.875032424926758,25.927695313172876,25.681935168024317,25.910141017090837,54400
1993-10-11,25.927692413330078,25.980355295686195,25.927692413330075,25.927692413330075,467100
1993-10-12,25.96281623840332,25.980370542824147,25.945261933982493,25.96281623840332,26200
1993-10-13,25.96281623840332,25.980370542824147,25.927707629561667,25.980370542824147,139100
1993-10-14,26.296344757080078,26.296344757080078,25.997921618982375,26.06813882794654,108100
1993-10-15,26.436767578125,26.489430461746764,26.34899610542206,26.419213283584412,1502500
1993-10-18,26.366548538208008,26.419211418111217,26.331439951605866,26.419211418111217,722400
1993-10-19,26.17345428466797,26.384105828206543,26.17345428466797,26.3314429423219,880100
1993-10-20,26.20857048034668,26.261233381512817,26.155907579180546,26.261233381512817,230400
1993-10-21,26.17345428466797,26.226117170552612,26.138345694078204,26.226117170552612,56200
1993-10-22,26.050582885742188,26.31389740278136,26.050582885742188,26.208571595965694,390700
1993-10-25,26.120786666870117,26.15589525109978,25.997906622066292,26.06812379052562,114500
1993-10-26,26.103227615356445,26.120781904270604,26.015456170785644,26.103227615356445,186200
1993-10-27,26.120786666870117,26.138340958984948,26.06812379052562,26.06812379052562,118400
1993-10-28,26.313886642456055,26.38410381828649,26.15589799683757,26.15589799683757,129600
1993-10-29,26.313886642456055,26.331440936413664,26.278778054540837,26.296332348498446,80700
1993-11-01,26.384113311767578,26.401667612041543,26.278787510123795,26.278787510123795,36400
1993-11-02,26.366548538208008,26.401657124810146,26.208559898498372,26.348994244906937,262100
1993-11-03,26.033023834228516,26.349001197017536,25.910143748699454,26.349001197017536,479100
1993-11-04,25.75214195251465,26.033010576400287,25.734587663521793,26.033010576400287,130400
1993-11-05,25.875032424926758,25.875032424926754,25.576609391532077,25.681935168024317,363200
1993-11-08,25.910137176513672,25.98035435043376,25.822365709113555,25.892582883033647,367600
1993-11-09,25.927692413330078,26.103235354517146,25.910138119211368,26.08568106039844,246900
1993-11-10,26.120786666870117,26.120786666870114,25.857472285147633,25.927689453606963,46500
1993-11-11,26.050582885742188,26.19101729482975,26.033028584606242,26.120800090285968,88900
1993-11-12,26.17345428466797,26.261225761142374,26.08568280819356,26.103237103488443,108200
1993-11-15,26.15590476989746,26.22612196391061,26.085687575884315,26.22612196391061,243300
1993-11-16,26.278791427612305,26.296345730503162,26.10324839870374,26.20857421604888,492600
1993-11-17,26.138338088989258,26.296326700675557,26.06812092823979,26.296326700675557,39600
1993-11-18,26.06813621520996,26.155907717618074,25.997919013283468,26.103244816173206,240800
1993-11-19,26.015466690063477,26.050575282087852,25.96280380202691,25.980358098039098,106000
1993-11-22,25.85747718811035,25.962802960770677,25.769705710893412,25.94524866532729,165300
1993-11-23,25.99790382385254,26.015458114077962,25.857469502049145,25.997903823852536,89700
1993-11-24,26.103227615356445,26.120781904270604,26.033010459699803,26.068119037528124,77200
1993-11-26,26.120786666870117,26.173449543214613,26.103232374755283,26.173449543214613,1019800
1993-11-29,26.015466690063477,26.24367253822193,26.015466690063477,26.19100965018536,517500
1993-11-30,26.033023834228516,26.15590391975758,25.980360940430348,25.99791523836307,230000
1993-12-01,26.06813621520996,26.19101631858132,26.06813621520996,26.1734620180997,379200
1993-12-02,26.138338088989258,26.155892379176624,26.06812092823979,26.12078379880189,352000
1993-12-03,26.243677139282227,26.243677139282223,26.12079704565348,26.12079704565348,306000
1993-12-06,26.33144187927246,26.36655046844482,26.278778995513914,26.278778995513914,99500
1993-12-07,26.313886642456055,26.348995230371273,26.278778054540837,26.331440936413664,88800
1993-12-08,26.313886642456055,26.313886642456055,26.278778054540837,26.313886642456055,146700
1993-12-09,26.226116180419922,26.348996242844912,26.191007591155635,26.31388765358063,416500
1993-12-10,26.17345428466797,26.243671465847495,26.120791398783325,26.243671465847495,412900
1993-12-13,26.33144187927246,26.33144187927246,26.13834463882446,26.173453227996824,273200
1993-12-14,26.138338088989258,26.34898957123766,26.138338088989258,26.34898957123766,41900
1993-12-15,26.103227615356445,26.190999059927247,26.103227615356445,26.173444771013084,82600
1993-12-16,26.191009521484375,26.208563817410305,26.155900929632523,26.208563817410305,78200
1993-12-17,26.334943771362305,26.35261823026926,26.228897017920577,26.246571476827533,104700
1993-12-20,26.37030792236328,26.387982391480147,26.299610045895818,26.317284515012684,68800
1993-12-21,26.281919479370117,26.334942854244435,26.246570562787237,26.334942854244435,205700
1993-12-22,26.458696365356445,26.476370845226423,26.299626046526647,26.35264948613658,410300
1993-12-23,26.440996170043945,26.49401955808548,26.405647244682925,26.44099617004395,533800
1993-12-27,26.582399368286133,26.582399368286133,26.441003626965465,26.441003626965465,447100
1993-12-28,26.63540267944336,26.6530771337761,26.547030407779644,26.56470486211239,880600
1993-12-29,26.600065231323242,26.67076307911413,26.582390769375518,26.65308861716641,266700
1993-12-30,26.494016647338867,26.58238895103246,26.440993265122714,26.58238895103246,219900
1993-12-31,26.352632522583008,26.582400612987822,26.33495805409033,26.547051676002468,312900
1994-01-03,26.281919479370117,26.38796622911875,26.246570562787237,26.352617312535873,960900
1994-01-04,26.387983322143555,26.38798332214356,26.281936503702255,26.31728544318269,164300
1994-01-05,26.440996170043945,26.45867063272446,26.317274931280373,26.42332170736344,710900
1994-01-06,26.440996170043945,26.49401955808548,26.405647244682925,26.47634509540497,201000
1994-01-07,26.600065231323242,26.617739693270963,26.42332061184601,26.4940184596369,775500
1994-01-10,26.918203353881836,26.918203353881836,26.56471414371924,26.63541198575176,593700
1994-01-11,26.86519432067871,26.90054326057434,26.77682197093964,26.90054326057434,295200
1994-01-12,26.776811599731445,26.882858378344242,26.68843928422078,26.882858378344242,158400
1994-01-13,26.706119537353516,26.759142938155673,26.67077060348541,26.706119537353512,244300
1994-01-14,26.812179565429688,26.86520299238835,26.794505089776802,26.794505089776802,137200
1994-01-17,26.812179565429688,26.847528516735462,26.759156138471027,26.81217956542969,17700
1994-01-18,26.84750747680664,26.88285640041007,26.79448409140149,26.847507476806637,166400
1994-01-19,26.776811599731445,26.847509452139978,26.723788210425045,26.81216052593571,200800
1994-01-20,26.84750747680664,26.865181938608355,26.79448409140149,26.812158553203204,281100
1994-01-21,26.794475555419922,26.882847836275527,26.7768010992488,26.882847836275527,85600
1994-01-24,26.688446044921875,26.900539655874898,26.688446044921875,26.776818382818966,373800
1994-01-25,26.688446044921875,26.72379498008071,26.63542264218362,26.706120512501293,310400
1994-01-26,26.75913429260254,26.776808753826188,26.653087525260652,26.68843644770795,145100
1994-01-27,27.0065860748291,27.041935009482017,26.776817999585134,26.812166934238054,344500
1994-01-28,27.0772647857666,27.16563705987158,27.077264785766598,27.11261369540859,356500
1994-01-31,27.271696090698242,27.32471947907938,27.14797485114226,27.183323776729683,313800
1994-02-01,27.130298614501953,27.236345384330622,27.09494969122573,27.236345384330622,303600
1994-02-02,27.307050704956055,27.307050704956055,27.201003906101857,27.218678372577557,307600
1994-02-03,27.183311462402344,27.254009281550335,27.094939188467354,27.254009281550335,466100
1994-02-04,26.564727783203125,27.218683157772993,26.56472778320312,27.183334218607055,1403200
1994-02-07,26.688446044921875,26.759143915239548,26.49402690154827,26.49402690154827,516400
1994-02-08,26.706119537353516,26.74146847122162,26.600072735749198,26.74146847122162,188200
1994-02-09,26.812179565429688,26.829854041082577,26.68845823585948,26.723807187165253,144600
1994-02-10,26.582399368286133,26.812167447932225,26.582399368286133,26.79449298026714,883900
1994-02-11,26.67076873779297,26.741466600583674,26.476349615118533,26.600070875002267,519400
1994-02-14,26.706119537353516,26.794491872023777,26.582398268815144,26.61774720268325,2742100
1994-02-15,26.84750747680664,26.865181938608355,26.723786244194624,26.759135167798057,374700
1994-02-16,26.82984733581543,26.882870749522574,26.77682392210828,26.882870749522574,287600
1994-02-17,26.67076873779297,26.97123465465346,26.600070875002267,26.953560188955784,342400
1994-02-18,26.511703491210938,26.706122650146487,26.441005615234378,26.688448181152346,313300
1994-02-22,26.776811599731445,26.776811599731445,26.58239250560798,26.58239250560798,154500
1994-02-23,26.706119537353516,26.829840805891884,26.61774720268325,26.81216633895783,391700
1994-02-24,26.352632522583008,26.61774954997318,26.33495805409033,26.61774954997318,770800
1994-02-25,26.476360321044922,26.476360321044922,26.334964538289007,26.387987956822474,531300
1994-02-28,26.476360321044922,26.617756103800836,26.476360321044922,26.54705821242288,333000
1994-03-01,26.37030792236328,26.52937814441507,26.22891216942836,26.476354737064476,423600
1994-03-02,26.4056453704834,26.405645370483395,25.963783834832736,26.034481680536842,581500
1994-03-03,26.334943771362305,26.370292689176214,26.264245935734486,26.370292689176214,223200
1994-03-04,26.4056453704834,26.4763432161875,26.24657521764916,26.33494752477929,595800
1994-03-07,26.547039031982422,26.582387952131533,26.494015651758758,26.494015651758758,539800
1994-03-08,26.440996170043945,26.56471740880752,26.405647244682925,26.56471740880752,880300
1994-03-09,26.564727783203125,26.582402252786093,26.35263414820749,26.476355435288276,2500100
1994-03-10,26.352632522583008,26.547051676002468,26.264260180119617,26.547051676002468,207400
1994-03-11,26.494016647338867,26.529365568816306,26.24657419699681,26.387969882906557,576600
1994-03-14,26.52937889099121,26.60007676944822,26.49402995176271,26.60007676944822,345900
1994-03-15,26.511703491210938,26.635424774169923,26.4940290222168,26.5824013671875,748600
1994-03-16,26.72380828857422,26.72380828857422,26.458691142854235,26.547063524760897,455500
1994-03-17,26.72380828857422,26.759157241336883,26.635435906667556,26.635435906667556,133000
1994-03-18,26.71796226501465,26.753515109013335,26.575750889019893,26.593527311019237,365500
1994-03-21,26.646854400634766,26.700183662277134,26.57574871844495,26.629077980087313,324800
1994-03-22,26.71796226501465,26.771291531012682,26.593527311019237,26.64685657701727,435700
1994-03-23,26.70017433166504,26.77127998900636,26.682397917329713,26.700174331665043,698500
1994-03-24,26.38022232055664,26.64686877258383,26.255787309610618,26.593539482178393,1200500
1994-03-25,26.13134002685547,26.46909204080802,26.13134002685547,26.397986353660116,100900
1994-03-28,26.166887283325195,26.202440119307976,25.935793849437136,26.1668872833252,1117200
1994-03-29,25.6513729095459,26.184665485627935,25.6513729095459,26.1668890664252,338400
1994-03-30,25.295848846435547,25.740259402416495,25.295848846435547,25.669153713459544,1123900
1994-03-31,25.366939544677734,25.420268779880278,24.762541545715543,25.295833897741005,788800
1994-04-04,24.975860595703125,25.04696624864463,24.65588515746636,24.65588515746636,2627300
1994-04-05,25.491374969482422,25.491374969482422,25.224728787793275,25.224728787793275,1179000
1994-04-06,25.491374969482422,25.54470420582025,25.313610848356323,25.52692779370764,516500
1994-04-07,25.615819931030273,25.669149188346783,25.331397225342222,25.473608578186248,666100
1994-04-08,25.420272827148438,25.562484143663955,25.295837925197365,25.562484143663955,242400
1994-04-11,25.52692985534668,25.63358833663643,25.429159580831076,25.491377028250096,203300
1994-04-12,25.491374969482422,25.59803344215808,25.43804573314459,25.553592411876554,1409200
1994-04-13,25.358064651489258,25.544717072688442,25.17141223029007,25.48249959895538,364100
1994-04-14,25.366939544677734,25.500262632684098,25.26028107427264,25.313610309475187,419900
1994-04-15,25.366939544677734,25.473598015082825,25.32249851534228,25.35805133881064,387300
1994-04-18,25.198091506958008,25.464737977931108,25.118097565666076,25.39363225233828,369100
1994-04-19,25.233640670776367,25.33141102913443,25.020323525267866,25.171423170003052,472200
1994-04-20,25.206966400146484,25.32251314316549,25.073643235124553,25.26029566615526,508000
1994-04-21,25.544719696044922,25.580272541829256,25.224744083985904,25.31362619844674,200300
1994-04-22,25.518043518066406,25.624702007170132,25.446937858663922,25.606925592319513,301800
1994-04-25,25.784685134887695,25.8024615465629,25.509150753921986,25.509150753921986,394600
1994-04-26,25.7580509185791,25.793603783891154,25.704721620611032,25.74916270225109,399000
1994-04-28,25.571388244628906,25.740264287954574,25.491394329369378,25.704711436728118,287000
1994-04-29,25.6513729095459,25.68692574795137,25.491385136721288,25.52693797512676,481900
1994-05-02,25.811357498168945,26.006898085276287,25.562487660032332,25.651369745081123,275000
1994-05-03,25.784685134887695,25.82912616407571,25.633585635648434,25.820237958238106,183400
1994-05-04,25.740249633789062,25.838019919000278,25.642479348577847,25.838019919000278,401900
1994-05-05,25.704689025878906,25.8113474865672,25.704689025878906,25.76690646128041,659800
1994-05-06,25.455829620361328,25.58026454168991,25.366947533698056,25.58026454168991,216300
1994-05-09,25.233640670776367,25.455846030681055,25.18919959879543,25.384740315511554,499300
1994-05-10,25.429166793823242,25.509160677480846,25.340284700870345,25.358061119460924,583400
1994-05-11,25.198091506958008,25.438073330833795,25.12698578136518,25.402520468037384,210600
1994-05-12,25.322511672973633,25.384729146371605,25.260294199575664,25.35806451491533,305200
1994-05-13,25.322511672973633,25.39361735685703,25.198076726177696,25.39361735685703,321300
1994-05-16,25.33139991760254,25.4558348645662,25.322511707105136,25.37584097008956,450400
1994-05-17,25.704689025878906,25.704689025878906,25.31360800335516,25.34916082358459,470200
1994-05-18,25.891353607177734,25.98912390916158,25.60693091049744,25.72247763102381,824800
1994-05-19,26.015796661376953,26.08690235775243,25.838032420438267,25.838032420438267,531000
1994-05-20,25.91801643371582,25.989122102944123,25.88246359910167,25.971345685637047,370400
1994-05-23,25.87357521057129,25.90023983634653,25.79358133324558,25.891351627754783,262700
1994-05-24,25.980224609375,26.07799486962239,25.944671787466856,25.944671787466856,549600
1994-05-25,26.051342010498047,26.069118429474845,25.79358393533447,25.882466030218463,738200
1994-05-26,26.069116592407227,26.131334054441613,26.015787339234898,26.042451965821066,369600
1994-05-27,26.09575653076172,26.09575653076172,25.98020992486938,26.024650927135664,162000
1994-05-31,26.060237884521484,26.113567157136465,25.97135576349651,26.015796824008998,160000
1994-06-01,26.175765991210938,26.175765991210938,25.91800802389511,25.99800187582071,200500
1994-06-02,26.149118423461914,26.19355948128561,26.10467736563822,26.19355948128561,55100
1994-06-03,26.300209045410156,26.38909113072753,26.086892040648465,26.1668859174341,550400
1994-06-06,26.291322708129883,26.43353405475939,26.273546289801196,26.353540172280294,99300
1994-06-07,26.255775451660156,26.29132829587364,26.18466976323318,26.24688724060678,120600
1994-06-08,26.042455673217773,26.317990187166494,26.042455673217773,26.317990187166494,131900
1994-06-09,26.184669494628906,26.184669494628906,26.104675595969145,26.15800486174232,80500
1994-06-10,26.229103088378906,26.282432338982183,26.211326671511145,26.211326671511145,83100
1994-06-13,26.26465606689453,26.273544275377404,26.184662190548657,26.193550399031533,109700
1994-06-14,26.469093322753906,26.477981534077866,26.34465836421846,26.34465836421846,161000
1994-06-15,26.3624324798584,26.48686742750439,26.344656058766112,26.47797921695825,142800
1994-06-16,26.41575050354004,26.433526917068665,26.335756642661217,26.362421262954157,44000
1994-06-17,26.26829719543457,26.456183517336523,26.232509324596105,26.429342614207673,403800
1994-06-20,26.044631958007812,26.125154695081694,26.01779104564985,26.08041984115176,137400
1994-06-21,25.82095718383789,26.02673750789481,25.713593536503847,26.02673750789481,139200
1994-06-22,25.91935920715332,26.008828862683707,25.865677413835087,25.8925183104942,279900
1994-06-23,25.767288208007812,25.999909559885662,25.731500307718914,25.964121659596763,922500
1994-06-24,25.23046112060547,25.64202183392031,25.194673232491134,25.64202183392031,353800
1994-06-27,25.668869018554688,25.668869018554688,25.20362635945227,25.32888399844138,371200
1994-06-28,25.543594360351562,25.677798884136248,25.33781409054838,25.677798884136248,5382300
1994-06-29,25.624134063720703,25.776232624853122,25.552558270246625,25.579399192799404,311800
1994-06-30,25.463088989257812,25.67781637356638,25.373619245795908,25.668869399220192,271900
1994-07-01,25.516752243041992,25.58832798565922,25.409388629116147,25.58832798565922,406900
1994-07-05,25.65097427368164,25.686762169424483,25.489928742838856,25.57045150826025,112000
1994-07-06,25.61518669128418,25.659921561509968,25.463088132516514,25.552557872968084,174800
1994-07-07,25.722545623779297,25.722545623779297,25.5883410379161,25.615181955088737,66700
1994-07-08,25.713603973388672,25.758338844601944,25.552558437020892,25.561505411263546,148400
1994-07-11,25.624134063720703,25.776232624853122,25.498876425141063,25.731497753931823,124000
1994-07-12,25.65991973876953,25.668866712179145,25.489927243986887,25.633078818540692,257300
1994-07-13,25.70465087890625,25.785173627917793,25.668862990456677,25.668862990456677,532700
1994-07-14,25.982011795043945,26.035693637595692,25.812019293630094,25.82991324114734,494200
1994-07-15,25.990968704223633,26.044650567296042,25.955180795508696,25.964127772687434,49100
1994-07-18,26.03569221496582,26.098321027854052,25.99095734861708,25.99095734861708,72300
1994-07-19,25.982011795043945,26.089375480147435,25.98201179504395,26.08042850638881,609500
1994-07-20,25.86569595336914,25.999900532857396,25.80306714960796,25.999900532857396,185300
1994-07-21,25.91935920715332,25.937253138259397,25.811995620516853,25.865677413835087,86300
1994-07-22,25.964120864868164,25.999908764061644,25.910439016077948,25.982014814464904,151600
1994-07-25,25.999908447265625,26.02674937133369,25.946226599129496,25.97306752319756,120900
1994-07-26,25.973051071166992,26.008838947255406,25.94621016410068,25.9909450092112,489600
1994-07-27,25.973051071166992,25.97305107116699,25.865687442901745,25.97305107116699,83200
1994-07-28,26.02674674987793,26.098322540183542,25.97306490714872,25.97306490714872,828200
1994-07-29,26.286205291748047,26.36672804451378,26.196735566452784,26.20568253898231,459100
1994-08-01,26.41147232055664,26.42936627199333,26.277267684781453,26.304108611936492,486300
1994-08-02,26.44724464416504,26.554608289540543,26.357774939685456,26.50092646685279,505500
1994-08-03,26.456201553344727,26.474095500962814,26.393572736681413,26.438307605726635,144100
1994-08-04,26.304101943969727,26.465147466075667,26.2951549705194,26.438306545724675,231700
1994-08-05,26.214624404907227,26.25041228805386,26.143048638613966,26.169889550973938,138400
1994-08-08,26.277252197265625,26.30409310860093,26.214623404149908,26.241464315485217,328600
1994-08-09,26.321998596191406,26.321998596191406,26.1788470062733,26.1788470062733,105900
1994-08-10,26.420406341552734,26.447247255546863,26.304095714244852,26.339883599570356,840300
1994-08-11,26.321998596191406,26.474097160479392,26.187793980643182,26.35778649367093,876200
1994-08-12,26.527788162231445,26.536735139689196,26.366742567991928,26.366742567991928,184100
1994-08-15,26.51883316040039,26.61724988265559,26.51883316040039,26.554621059402283,325900
1994-08-16,26.70669937133789,26.733540275228684,26.429343364466376,26.536706980029543,1089500
1994-08-17,26.68882179260254,26.760397580179077,26.670927845708402,26.742503633284944,133700
1994-08-18,26.59935188293457,26.66198069665154,26.572510962770156,26.59935188293457,620000
1994-08-19,26.581443786621094,26.63512559837462,26.518815006241983,26.608284692497858,103200
1994-08-22,26.554630279541016,26.59041819096897,26.500948412399087,26.59041819096897,79700
1994-08-23,26.70669937133789,26.831956922828255,26.635123627629113,26.670911499483502,268600
1994-08-24,26.993024826049805,26.993024826049805,26.7246155636098,26.733562539024465,254700
1994-08-25,26.92142677307129,27.028790389314842,26.84985102890892,26.96616161317277,147400
1994-08-26,27.30615997314453,27.359841807954123,26.984068964286998,26.984068964286998,339500
1994-08-29,27.28824806213379,27.476134360266514,27.27930109555604,27.37771772791128,350300
1994-08-30,27.35984992980957,27.404584805430577,27.243539253194943,27.279327153691753,36000
1994-08-31,27.28824806213379,27.42245256080002,27.252460195822795,27.315088961867037,356200
1994-09-01,27.198808670043945,27.21670262311634,27.100391928145758,27.198808670043945,294600
1994-09-02,27.082475662231445,27.324043829684452,27.037740816406814,27.324043829684452,99600
1994-09-06,27.091434478759766,27.118275397992353,26.984070801829407,27.064593559527175,229800
1994-09-07,27.064592361450195,27.154062088264908,27.03775144340578,27.154062088264908,27900
1994-09-08,27.198808670043945,27.23459657618874,27.10933890468196,27.118285881218156,284800
1994-09-09,26.91250228881836,26.98407809277798,26.80513858287892,26.930396239808264,488400
1994-09-12,26.831972122192383,26.948282771605022,26.787237257033677,26.912494879478057,129400
1994-09-13,26.91250228881836,26.98407809277798,26.83197950936378,26.885661362333497,389200
1994-09-14,26.93934440612793,26.97513230968971,26.823033719552154,26.823033719552154,423500
1994-09-15,27.279306411743164,27.279306411743164,27.010897362103183,27.010897362103183,779800
1994-09-16,27.085163116455078,27.15717418489364,26.98614789735205,27.076161732900257,571300
1994-09-19,27.112186431884766,27.26521006048438,27.085182262131895,27.148191991555265,167300
1994-09-20,26.599103927612305,26.995165035163893,26.59910392761231,26.968160868739922,355600
1994-09-21,26.599103927612305,26.680116426884222,26.347065040988568,26.680116426884222,397500
1994-09-22,26.536102294921875,26.662121776648096,26.509098120266255,26.662121776648096,266400
1994-09-23,26.44608497619629,26.599108612886326,26.401078024228628,26.545100270525136,176600
1994-09-26,26.581100463867188,26.599103241018472,26.49108657811078,26.545094909564625,223000
1994-09-27,26.563095092773438,26.653108969739797,26.500085378896983,26.581097868166708,479500
1994-09-28,26.770109176635742,26.80611470343687,26.689096741333213,26.707099504733776,324000
1994-09-29,26.635099411010742,26.77012019207366,26.554086942372997,26.77012019207366,195900
1994-09-30,26.599103927612305,26.752127537348148,26.59910392761231,26.62610809403628,5200
1994-10-03,26.536102294921875,26.64411899354435,26.49109533716251,26.61711481888873,72600
1994-10-04,26.140033721923828,26.671115674263188,26.122030943878425,26.671115674263188,84200
1994-10-05,26.1490478515625,26.149047851562504,25.92401301635112,26.09503949111177,461900
1994-10-06,26.068012237548828,26.185030248283685,26.023005310343116,26.167027477401398,345200
1994-10-07,26.185043334960938,26.25705445447957,26.041021095923686,26.06802526574317,188700
1994-10-10,26.464086532592773,26.509093482478132,26.293060123028397,26.30206151300547,213600
1994-10-11,26.860158920288086,26.93217007020843,26.581115714346755,26.581115714346755,461400
1994-10-12,26.896148681640625,26.93215423543131,26.83313896250693,26.896148681640625,162400
1994-10-13,26.986164093017578,27.26520715068387,26.959159926146647,27.20219742798503,1564500
1994-10-14,27.103193283081055,27.11219467573568,26.896161252024637,27.076189105117173,72800
1994-10-17,27.049182891845703,27.11219263568694,27.022178715913746,27.076187067777663,282300
1994-10-18,26.986164093017578,27.022169648845487,26.896150203447807,27.022169648845487,132100
1994-10-19,27.112186431884766,27.211201720978636,26.878150294026533,26.887151683944158,136700
1994-10-20,26.932157516479492,27.112185307365053,26.851145010580993,27.112185307365053,290300
1994-10-21,26.824140548706055,26.89615166427305,26.707122485909686,26.86014610648955,87800
1994-10-24,26.599103927612305,26.94115670231595,26.590102538804317,26.833140036620062,149600
1994-10-25,26.6261043548584,26.680112680121805,26.50008492924379,26.50908631678769,91800
1994-10-26,26.72511863708496,26.75212279872567,26.599099216095002,26.72511863708496,201000
1994-10-27,26.887142181396484,26.88714218139648,26.76112276708796,26.824132474242223,210300
1994-10-28,27.45421600341797,27.48122015030658,26.94113721253442,26.94113721253442,192100
1994-10-31,27.355222702026367,27.418232428552916,27.346221312522573,27.391228260041537,36300
1994-11-01,27.049182891845703,27.23821212336942,27.040181499868385,27.23821212336942,435200
1994-11-02,26.896148681640625,27.211197277309108,26.896148681640625,26.968159789221993,115600
1994-11-03,27.040170669555664,27.085177611415777,26.95015678583544,26.986162339323528,87000
1994-11-04,26.689132690429688,27.16620656314226,26.689132690429688,27.16620656314226,124400
1994-11-07,26.770109176635742,26.84212023023799,26.680095359632933,26.752106413235182,115000
1994-11-08,26.977155685424805,27.067169551575702,26.815130726353182,26.86013765942863,308300
1994-11-09,27.022167205810547,27.265204685676267,26.788131114088007,27.265204685676267,318500
1994-11-10,26.833158493041992,27.094198948022942,26.815155703043303,27.040190578026884,172100
1994-11-11,26.734128952026367,26.82414285422174,26.662117830270066,26.79713868356313,302200
1994-11-14,26.986164093017578,26.995165481974553,26.85114325866292,26.85114325866292,181400
1994-11-15,26.896148681640625,27.13018478128007,26.689116747344197,26.959158400774324,316900
1994-11-16,26.986164093017578,26.986164093017578,26.85114325866292,26.94115714823269,106900
1994-11-17,26.806137084960938,27.00416764771082,26.698120414370095,27.00416764771082,104700
1994-11-18,26.770109176635742,26.86012299363855,26.65309121453209,26.81511608513715,269300
1994-11-21,26.50008773803711,26.833139112462167,26.50008773803711,26.752126615980398,283100
1994-11-22,25.924001693725586,26.50009062025282,25.924001693725582,26.401075336005952,483600
1994-11-23,26.068012237548828,26.077013622989973,25.698955434461986,25.941992841372834,601600
1994-11-25,26.19404411315918,26.230049672077612,26.086027436403885,26.086027436403885,77300
1994-11-28,26.31105613708496,26.320057524747323,26.122026996175354,26.18503670981189,79900
1994-11-29,26.30206298828125,26.356071331172995,26.212049083461668,26.30206298828125,105500
1994-11-30,26.26604652404785,26.4730784191997,26.26604652404785,26.43707287221677,218800
1994-12-01,26.005014419555664,26.293058885262063,25.95100608223572,26.293058885262063,439000
1994-12-02,26.2480411529541,26.2480411529541,25.950995419741655,25.950995419741655,318500
1994-12-05,26.275049209594727,26.392067243073566,26.212039499259966,26.302053371166764,139200
1994-12-06,26.293054580688477,26.302055968768137,26.131029595254585,26.176036535652887,249900
1994-12-07,26.10402488708496,26.212041541790143,26.07702072340867,26.131029050761256,531900
1994-12-08,25.85197639465332,26.24803731434857,25.779965318345095,26.212031776194454,261500
1994-12-09,25.950998306274414,25.969001079986707,25.743966408583013,25.851983050856788,235900
1994-12-12,26.122037887573242,26.12203788757324,25.89700310218753,25.89700310218753,151100
1994-12-13,26.221046447753906,26.230047836853718,26.104028389456342,26.104028389456342,70900
1994-12-14,26.35607147216797,26.473089549059424,26.18504505209584,26.18504505209584,203300
1994-12-15,26.437070846557617,26.51808332106188,26.392063916277472,26.392063916277472,130100
1994-12-16,26.566211700439453,26.620650658841992,26.4936264225694,26.520845901770667,266100
1994-12-19,26.602497100830078,26.620643415359975,26.484546056385742,26.56620447177028,1120200
1994-12-20,26.520841598510742,26.64786581417244,26.520841598510742,26.62971949764934,675600
1994-12-21,26.80211639404297,26.86562851819947,26.53899473682318,26.53899473682318,544500
1994-12-22,26.720443725585938,26.829321594756408,26.693224258293323,26.80210212746379,222000
1994-12-23,26.747682571411133,26.811194707774728,26.70231675972285,26.70231675972285,125800
1994-12-27,26.892845153808594,26.947284111609825,26.820259876740284,26.838406196007362,95200
1994-12-28,26.756744384765625,26.920061237571925,26.693232275340954,26.920061237571925,358200
1994-12-29,26.774885177612305,26.85654358716788,26.747665707760444,26.85654358716788,220100
1994-12-30,26.457326889038086,26.85654581328969,26.457326889038086,26.829326341181627,2209500
1995-01-03,26.584354400634766,26.620647034628803,26.529915449643703,26.538988608142212,324300
1995-01-04,26.711381912231445,26.71138191223144,26.56621135836062,26.702308752614517,351800
1995-01-05,26.711381912231445,26.774894029549927,26.684162433380664,26.729528231465295,89800
1995-01-06,26.73859977722168,26.856550845122552,26.656941345597993,26.765819254429573,448400
1995-01-09,26.765825271606445,26.765825271606445,26.71138630495233,26.729532627170368,36800
1995-01-10,26.793027877807617,26.93819836410796,26.793027877807617,26.829320499382703,229800
1995-01-11,26.81118392944336,26.883769198964696,26.60250127956952,26.883769198964696,222400
1995-01-12,26.82025146484375,26.838397778419424,26.72951989696539,26.783958837692406,40300
1995-01-13,27.137826919555664,27.137826919555664,26.929144198342097,26.965436845509675,170600
1995-01-16,27.30112075805664,27.310193912180285,27.128730829707326,27.128730829707326,105100
1995-01-17,27.31022071838379,27.328367044442516,27.210415925060794,27.246708577178246,89500
1995-01-18,27.282991409301758,27.33743036788367,27.219479290956194,27.29206456906541,84500
1995-01-19,27.12875747680664,27.219489107163852,27.110611150735195,27.192269618056688,139100
1995-01-20,27.028942108154297,27.101527384040576,26.974503151239585,27.092454224554793,78700
1995-01-23,27.110605239868164,27.110605239868164,26.82933724708506,26.8474835692001,53700
1995-01-24,27.14689826965332,27.14689826965332,27.083386141348647,27.101532463721412,32400
1995-01-25,27.219478607177734,27.319283362070717,27.010795937856034,27.010795937856034,15700
1995-01-26,27.24669075012207,27.28298337849386,27.146886022099643,27.201324964657328,9800
1995-01-27,27.355560302734375,27.428145537368497,27.246682450783194,27.428145537368497,91200
1995-01-30,27.23762321472168,27.319281645412055,27.201330578859295,27.30113532748086,26600
1995-01-31,27.34649085998535,27.391856637788912,27.246686148817524,27.29205192662108,127500
1995-02-01,27.33742904663086,27.482599595833015,27.292063250005185,27.382794843256534,380200
1995-02-02,27.50075340270996,27.500753402709964,27.32836332859202,27.32836332859202,131700
1995-02-03,27.890893936157227,27.93625973631363,27.627772295250082,27.673138095406486,405100
1995-02-06,28.008838653564453,28.090497075294962,27.854594968073492,27.881814441983664,405400
1995-02-07,28.045122146606445,28.054195301619906,27.954390596471843,28.054195301619906,702900
1995-02-08,28.045122146606445,28.144926851754512,27.990683216525685,28.008829526552606,521500
1995-02-09,28.045122146606445,28.045122146606445,27.945317441458382,27.999756371539146,390700
1995-02-10,28.081432342529297,28.081432342529297,27.92718861076096,28.008847056991254,148300
1995-02-13,28.090505599975586,28.144944564316624,28.063286117805067,28.063286117805067,79700
1995-02-14,28.12679100036621,28.181229950689502,28.017913099719635,28.181229950689502,170200
1995-02-15,28.28104019165039,28.317332832255655,28.099576988624083,28.12679646907803,431500
1995-02-16,28.244733810424805,28.271953277636907,28.163075408788497,28.244733810424805,99300
1995-02-17,28.1358642578125,28.23566900042325,28.126791099393344,28.217522683584935,49100
1995-02-21,28.12679100036621,28.181229950689502,28.117717841978997,28.135864158753428,168000
1995-02-22,28.33547592163086,28.335475921630863,28.135866421062218,28.15401273929573,386400
1995-02-23,28.380840301513672,28.544157157468675,28.371767142849507,28.44435241216284,402800
1995-02-24,28.45342254638672,28.46249570408646,28.344544653989832,28.417129915587758,307600
1995-02-27,28.22659683227539,28.453425800712193,28.18123103858803,28.37176737207494,280900
1995-02-28,28.462495803833008,28.462495803833008,28.199374229618424,28.199374229618424,493500
1995-03-01,28.28104019165039,28.47157655482802,28.253820711196447,28.435283914222754,242600
1995-03-02,28.317310333251953,28.31731033325195,28.190286192058256,28.271944568539915,488600
1995-03-03,28.326412200927734,28.326412200927734,28.154022120268664,28.226607417388273,290000
1995-03-06,28.34454345703125,28.34454345703125,28.099568209483284,28.13586083874965,85700
1995-03-07,28.12679100036621,28.308254168110512,27.999766782945205,28.244742059400007,180900
1995-03-08,28.199382781982422,28.235675423915474,28.072358535216733,28.17216330053263,155900
1995-03-09,28.19031524658203,28.217534733463186,28.117729948232288,28.19031524658203,63500
1995-03-10,28.607667922973633,28.68025318887398,28.181229485809105,28.217522118759277,192100
1995-03-13,28.580459594726562,28.680264374263704,28.553240109398253,28.589532756502667,261300
1995-03-14,28.789125442504883,28.825418068338482,28.662101252087275,28.662101252087275,223300
1995-03-15,28.734699249267578,28.789138212164833,28.62582132347307,28.743772409750452,278500
1995-03-16,28.907075881958008,28.92522219450161,28.707466443978387,28.707466443978387,20400
1995-03-17,28.935834884643555,28.972323957638064,28.84461220215729,28.862856738654546,89900
1995-03-20,28.935834884643555,28.972323957638064,28.8811012751518,28.972323957638064,91700
1995-03-21,28.862844467163086,29.11826786952736,28.817233145312326,28.93582258212431,104400
1995-03-22,28.89022445678711,28.917591262398215,28.79900177141677,28.917591262398215,74900
1995-03-23,28.90847396850586,28.99057439946722,28.81725126743768,28.853740347864953,220500
1995-03-24,29.318965911865234,29.31896591186523,28.999686569327807,28.999686569327807,134000
1995-03-27,29.437570571899414,29.437570571899414,29.291614225710884,29.36459239880515,132100
1995-03-28,29.437570571899414,29.437570571899414,29.328103312258015,29.36459239880515,121900
1995-03-29,29.428447723388672,29.711238138585525,29.26424683714534,29.410203180472745,246100
1995-03-30,29.373706817626953,29.492296317201223,29.255117318052683,29.492296317201223,298400
1995-03-31,29.255107879638672,29.29159694465849,28.926706294460313,29.14564068457922,541300
1995-04-03,29.32810401916504,29.32810401916504,29.22775902874177,29.246003572455088,193300
1995-04-04,29.519655227661133,29.519655227661133,29.337209892508714,29.337209892508714,66900
1995-04-05,29.519655227661133,29.547022027933995,29.437554826842543,29.455799360357787,107200
1995-04-06,29.629138946533203,29.656505762062633,29.537916228101757,29.592649859160623,352500
1995-04-07,29.601768493652344,29.69299120087469,29.46493443281882,29.69299120087469,361400
1995-04-10,29.656494140625,29.656494140624996,29.53790465313557,29.556149189672407,285400
1995-04-11,29.5561466217041,29.738591971220792,29.537902086752432,29.729469703744957,250300
1995-04-12,29.656494140625,29.656494140624996,29.547026921403987,29.60176053101449,150900
1995-04-13,29.820690155029297,29.82981242182496,29.692978419889986,29.711222953481315,243400
1995-04-17,29.647356033325195,29.95751298875075,29.5561333993765,29.930146198566142,178900
1995-04-18,29.547029495239258,29.674741262122044,29.474051342734807,29.674741262122044,329500
1995-04-19,29.519655227661133,29.61087789523734,29.36457669278158,29.547022027933995,223000
1995-04-20,29.565271377563477,29.64737179175603,29.44668189039645,29.601760450537945,207900
1995-04-21,29.711227416992188,29.72034968515829,29.57439339450067,29.57439339450067,145000
1995-04-24,30.057884216308594,30.057884216308597,29.692993360875413,29.692993360875413,169000
1995-04-25,29.975767135620117,30.057867532522305,29.95752260297519,30.01225620090998,293200
1995-04-26,30.003143310546875,30.02138784889321,29.84806473460303,29.92104288798837,204400
1995-04-27,30.076120376586914,30.09436491427365,29.939286343936384,29.95753088162312,502200
1995-04-28,30.121747970581055,30.167359339403863,29.875446578937904,30.06701432799369,130800
1995-05-01,30.039630889892578,30.15822038323257,30.039630889892575,30.094364502203344,518700
1995-05-02,30.103498458862305,30.149109820163613,30.003153463999432,30.06700936982126,228400
1995-05-03,30.523103713989258,30.523103713989258,30.20382438643707,30.20382438643707,724700
1995-05-04,30.504878997802734,30.760302625774766,30.43190081838215,30.559612632368168,311400
1995-05-05,30.468385696411133,30.632586577409757,30.404529798245,30.632586577409757,314900
1995-05-08,30.68730926513672,30.787654212198696,30.41364122769495,30.441008031439125,183100
1995-05-09,30.659940719604492,30.851508334930795,30.614329382622042,30.815019265344834,180600
1995-05-10,30.696439743041992,30.751173365169258,30.55048341736928,30.742051094814713,330300
1995-05-11,30.778528213500977,30.778528213500977,30.641694211366268,30.742039146265054,351700
1995-05-12,30.796775817871094,30.8697539596196,30.650819534374072,30.659941802092636,94600
1995-05-15,30.94274139404297,30.942741394042965,30.815029607628873,30.87888550083592,147200
1995-05-16,30.960988998413086,31.03396716929915,30.878888556166263,30.93362218433081,221600
1995-05-17,30.8424015045166,30.970113311988722,30.815034688629723,30.96099104002643,189200
1995-05-18,30.395402908325195,30.80590504844363,30.39540290832519,30.787660508882812,577800
1995-05-19,30.413646697998047,30.468380315330975,30.304179463332183,30.349790811109624,363900
1995-05-22,30.751176834106445,30.79678819102443,30.49575323536572,30.513997778132914,216000
1995-05-23,31.03394317626953,31.033943176269535,30.714663925484867,30.8058865685662,136800
1995-05-24,31.015716552734375,31.189039674646715,30.82414889167337,31.088694709329047,370800
1995-05-25,31.043073654174805,31.070440454340105,30.778527919243547,30.924484186791826,379900
1995-05-26,30.68730926513672,30.933610498834305,30.568719782245285,30.92448823091958,518600
1995-05-30,30.67819595336914,30.84239682377076,30.577850977012595,30.760296388569948,61500
1995-05-31,31.31675148010254,31.316751480102543,30.623458991757715,30.623458991757715,564500
1995-06-01,31.23465347290039,31.471832500439934,31.088697148260668,31.17991985116049,810100
1995-06-02,31.26201629638672,31.480950755421816,30.997470491719305,31.106937721236857,112900
1995-06-05,31.453577041625977,31.55392197998383,31.23464263066338,31.262009432033704,257200
1995-06-06,31.398845672607422,31.53567968919345,31.398845672607422,31.426212475924626,165800
1995-06-07,31.23465347290039,31.35324298667016,31.19816439174046,31.334998446090196,41900
1995-06-08,31.161657333374023,31.316735838838706,31.161657333374023,31.225513188565365,141100
1995-06-09,30.979232788085938,31.13431139744915,30.796787365305693,31.0978223128931,304900
1995-06-12,31.152551651000977,31.280263429365256,31.061328952169347,31.079573491935673,378500
1995-06-13,31.49005889892578,31.508303428994683,31.271124538098952,31.298491333202303,120000
1995-06-14,31.462697982788086,31.49918704974406,31.344108515181173,31.4444534493101,389400
1995-06-15,31.599538803100586,31.663394684053735,31.453582503779106,31.508316116024663,274500
1995-06-16,31.6933650970459,31.6933650970459,31.5373757494345,31.5373757494345,325100
1995-06-19,32.05120849609375,32.06956017573652,31.766757461630853,31.78510914127362,134600
1995-06-20,31.968608856201172,32.06954304030514,31.941081351445547,31.95943302128263,287800
1995-06-21,31.95026969909668,32.09708311529011,31.950269699096676,32.06955559975384,158200
1995-06-22,32.37236785888672,32.39071954134641,32.08791678076158,32.08791678076158,297000
1995-06-23,32.308128356933594,32.317304195717156,32.20719413031437,32.298952518150024,315400
1995-06-26,31.922744750976562,32.271426642479035,31.922744750976562,32.21637160697865,132900
1995-06-27,31.858503341674805,32.124602591936494,31.840151669242967,31.913558358970327,127700
1995-06-28,32.023677825927734,32.15213957078819,31.75757849728822,31.85851272539286,212600
1995-06-29,31.968608856201172,32.10624637997931,31.74838881815616,32.02366386571243,89200
1995-06-30,31.95026969909668,32.14296230785056,31.88603882951205,32.032852245705485,714100
1995-07-03,32.06956100463867,32.06956100463867,31.986978444111706,31.986978444111706,9500
1995-07-05,32.188838958740234,32.335652363341104,32.08790474307714,32.16131144537757,409300
1995-07-06,32.60176086425781,32.60176086425781,32.13379300496225,32.19802388761066,202500
1995-07-07,32.74858093261719,32.75775677485104,32.51918487677089,32.537536561238596,481700
1995-07-10,32.76694107055664,32.85869951656772,32.711886002949996,32.77611691515775,400400
1995-07-11,32.610939025878906,32.766928323414064,32.56505982072151,32.73940080031962,420500
1995-07-12,33.01466751098633,33.06972254296685,32.61093060979583,32.675161480439776,203400
1995-07-13,32.941261291503906,33.042195518302385,32.90455793630446,32.96878880790349,215600
1995-07-14,32.91374588012695,32.941273406650616,32.73940487881042,32.76693240533408,543700
1995-07-17,33.09726333618164,33.13396670555916,32.93209817398279,32.95962570101592,171500
1995-07-18,32.81281280517578,33.042208867851784,32.78528527765466,33.042208867851784,221200
1995-07-19,32.4549446105957,32.721043958548,31.830987518845493,32.68434060020976,486600
1995-07-20,32.57423400878906,32.63846489275005,32.31731047294509,32.491651443696355,318900
1995-07-21,32.53754425048828,32.66600607212021,32.40908242885635,32.54672009489056,94000
1995-07-24,32.776100158691406,32.8128035183316,32.5834075205804,32.5834075205804,108400
1995-07-25,33.02384567260742,33.069724869151756,32.711867136105994,32.812801368503514,107400
1995-07-26,32.99633026123047,33.161495429390136,32.98715441855494,33.00550610390601,167800
1995-07-27,33.27159881591797,33.29912633838012,33.152312885248655,33.152312885248655,187700
1995-07-28,33.06056213378906,33.29913405038038,33.0330346049516,33.29913405038038,415600
1995-07-31,32.97798538208008,33.11562305061965,32.904578625525644,33.088095516911736,342500
1995-08-01,32.92291259765625,33.02384683360224,32.73939580502717,33.02384683360224,141000
1995-08-02,32.849491119384766,33.35416207233621,32.79443610633552,33.1155903491228,240400
1995-08-03,32.84034729003906,32.858698978941014,32.56507195650982,32.620127023215666,1193600
1995-08-04,32.877044677734375,32.93209973440934,32.84034130661773,32.90457220607186,240500
1995-08-07,32.950435638427734,33.05136986065628,32.93208396165891,32.950435638427734,193100
1995-08-08,32.950435638427734,33.06972153742511,32.84950141619919,32.968787315196565,951900
1995-08-09,32.941261291503906,33.06054719590211,32.91373377510432,33.06054719590211,107100
1995-08-10,32.86785888671875,33.051375686756266,32.730221286690615,32.97796896674126,280800
1995-08-11,32.684349060058594,32.87704174120998,32.54671143066474,32.840338373371615,257200
1995-08-14,32.97798538208008,32.97798538208008,32.69353420043164,32.766940956986076,254800
1995-08-15,32.91374588012695,32.96880093317428,32.68434982576309,32.96880093317428,44400
1995-08-16,33.005496978759766,33.005496978759766,32.84950769640255,32.88621105695719,374900
1995-08-17,32.950435638427734,33.02384234550304,32.831149739430366,33.02384234550304,353800
1995-08-18,32.98713684082031,33.124774407610936,32.95960932746218,33.1155985698249,85400
1995-08-21,32.8953857421875,33.26241933484789,32.886209902370986,33.124781737600244,266700
1995-08-22,32.95962905883789,33.01468411851301,32.77611219325416,32.941277372279515,220200
1995-08-23,32.84034729003906,33.00551249015661,32.84034729003906,32.98716080125466,176500
1995-08-24,32.877044677734375,32.941275577188506,32.73940703604696,32.849517149396895,167400
1995-08-25,33.06056213378906,33.11561719146398,32.932100332547584,32.932100332547584,195000
1995-08-28,32.941261291503906,33.15230558390073,32.88620625870474,33.15230558390073,293000
1995-08-29,33.02384567260742,33.03302151191629,32.748570493341454,32.977966476063095,1133100
1995-08-30,33.09726333618164,33.13396670555916,33.01468075508221,33.05138412445974,437400
1995-08-31,33.12480163574219,33.17985670771295,33.06057071844296,33.088098254428346,491900
1995-09-01,33.27159881591797,33.32665386084227,33.08808199950364,33.11560952196579,629900
1995-09-05,33.58358383178711,33.60193551694109,33.31748439705437,33.37253945251632,272200
1995-09-06,33.64778518676758,33.68448852484968,33.601906014164946,33.61108184868547,214500
1995-09-07,33.666160583496094,33.70286394744648,33.620281378558104,33.684512265471284,258800
1995-09-08,33.79462814331055,33.79462814331055,33.57440792190423,33.79462814331055,107300
1995-09-11,33.886375427246094,33.95060630403752,33.84967206907957,33.84967206907957,260700
1995-09-12,34.0423583984375,34.0423583984375,33.81296245235638,33.89554499294559,139500
1995-09-13,34.1983528137207,34.24423200987541,33.99648435063998,34.00566018987092,239800
1995-09-14,34.51033020019531,34.53785771697292,34.225879193493356,34.31763758275205,457600
1995-09-15,34.50081253051758,34.58383587617925,34.36244028774812,34.48236289814832,431200
1995-09-18,34.37168502807617,34.39935949267205,34.205638240500924,34.38090984960813,307500
1995-09-19,34.537715911865234,34.55616554643353,34.316320297045586,34.43624292173956,549600
1995-09-20,34.70376968383789,34.70376968383789,34.56539739642227,34.59307185390539,290800
1995-09-21,34.41779708862305,34.68531681941106,34.27942481407752,34.65764236450195,508500
1995-09-22,34.42702102661133,34.463920298879934,34.11337721232816,34.14105166652962,449900
1995-09-25,34.37168502807617,34.46393324339575,34.25176234816072,34.46393324339575,130000
1995-09-26,34.362464904785156,34.556186183443,34.279441499646076,34.47316277830392,466600
1995-09-27,34.334781646728516,34.35323128759188,34.00268811118789,34.21485898111662,654400
1995-09-28,34.593082427978516,34.593082427978516,34.33478741251628,34.36246187845866,456200
1995-09-29,34.52847671508789,34.77754667803402,34.48235264787564,34.56537596885769,606600
1995-10-02,34.35321044921875,34.61150526462641,34.27018711569486,34.52848193110252,293100
1995-10-03,34.3901252746582,34.44547418872686,34.214853713440796,34.35322599861243,839700
1995-10-04,34.35321044921875,34.40855933823468,34.307086375038814,34.40855933823468,248800
1995-10-05,34.45468521118164,34.45468521118164,34.29786335078269,34.39011150395854,268800
1995-10-06,34.48236083984375,34.58383381181761,34.473136024209765,34.473136024209765,75300
1995-10-09,34.196414947509766,34.371686564451416,34.13184119389969,34.35323692056282,358200
1995-10-10,34.17796325683594,34.17796325683594,33.808970401161595,33.845869686729024,360800
1995-10-11,34.288639068603516,34.29786388406453,34.16871646761028,34.29786388406453,228100
1995-10-12,34.50081253051758,34.51926216288684,34.31631620682497,34.31631620682497,199800
1995-10-13,34.611507415771484,34.749879646911296,34.611507415771484,34.65763149281809,488100
1995-10-16,34.445457458496094,34.57460486192913,34.445457458496094,34.51003116021261,443600
1995-10-17,34.676090240478516,34.71298951181715,34.4177953411081,34.48236906595071,146000
1995-10-18,34.77756118774414,34.88825899523829,34.66686338024999,34.84213490878239,228100
1995-10-19,34.943607330322266,34.943607330322266,34.71298690179585,34.75911098750113,500600
1995-10-20,34.7314338684082,34.943604646355986,34.7314338684082,34.915930197058444,748400
1995-10-23,34.657630920410156,34.722204627208896,34.565382767840525,34.565382767840525,533000
1995-10-24,34.69454574584961,34.74066984282628,34.611522371291606,34.703770565244945,172200
1995-10-25,34.408565521240234,34.76833336449181,34.408565521240234,34.72220928202366,302700
1995-10-26,34.094940185546875,34.491607509134134,33.81819554118367,34.46393304469781,606800
1995-10-27,34.35321044921875,34.35321044921875,33.901194522255345,34.058016374467144,905800
1995-10-30,34.574615478515625,34.59306511324269,34.43624321806266,34.43624321806266,488700
1995-10-31,34.42702102661133,34.740664840894496,34.42702102661133,34.666866296357284,508200
1995-11-01,34.70376968383789,34.70376968383789,34.38090101320144,34.40857547068456,415700
1995-11-02,34.92515182495117,34.92515182495117,34.648407357241574,34.648407357241574,326000
1995-11-03,34.97127914428711,34.98050396073245,34.86980616338836,34.97127914428711,615000
1995-11-06,34.85136032104492,34.962058130428865,34.84213550359626,34.962058130428865,311200
1995-11-07,34.722206115722656,34.83290390355174,34.61150832789357,34.83290390355174,358200
1995-11-08,35.035858154296875,35.05430778997581,34.76833843695232,34.76833843695232,357200
1995-11-09,35.16498565673828,35.174210469344985,34.99893902981769,35.174210469344985,503700
1995-11-10,35.14654541015625,35.19266948549767,34.9620491087906,34.97127392385889,795600
1995-11-13,35.10965347290039,35.22035127680864,35.01740530297685,35.08197902192333,818500
1995-11-14,34.8790283203125,35.1188735296032,34.8790283203125,35.0450750036676,341800
1995-11-15,35.229576110839844,35.238800927836664,34.89748269895448,34.91593233294811,584700
1995-11-16,35.42328643798828,35.46018569469452,35.220340526103975,35.22956534028054,577700
1995-11-17,35.533992767333984,35.54321758373256,35.4325197869496,35.4786438689425,267000
1995-11-20,35.3494873046875,35.59855728308692,35.34026249067271,35.589332469072126,448800
1995-11-21,35.63548278808594,35.63548278808594,35.37718780541278,35.38641262622254,119200
1995-11-22,35.52474594116211,35.644668480044245,35.52474594116211,35.60776923731128,351600
1995-11-24,35.61701965332031,35.61701965332031,35.53399629748507,35.56167074943015,62400
1995-11-27,35.62623596191406,35.80150744903896,35.62623596191406,35.69080966769692,273000
1995-11-28,36.004459381103516,36.004459381103516,35.515544098705746,35.59856744854687,479000
1995-11-29,36.04135513305664,36.06902958030496,35.921432528313936,36.06902958030496,549200
1995-11-30,35.958351135253906,36.13362272878131,35.92145185240604,36.04137452166162,286200
1995-12-01,36.004459381103516,36.0598082809976,35.92143603126238,36.004459381103516,465200
1995-12-04,36.447261810302734,36.447261810302734,36.04136975268357,36.0874938501403,631700
1995-12-05,36.68709945678711,36.7239987270479,36.38268047713562,36.41035492983121,567700
1995-12-06,36.77012634277344,36.91772343797775,36.60407961066859,36.77935116122371,272800
1995-12-07,36.57639694213867,36.77011808609451,36.54872249300212,36.723994004200264,289700
1995-12-08,36.69631576538086,36.74243984251181,36.46569537972613,36.73321502708562,296900
1995-12-11,36.8531494140625,36.92694796107439,36.69632750166223,36.77012604867412,186500
1995-12-12,36.74244689941406,36.81624543699762,36.68709799622639,36.68709799622639,299400
1995-12-13,36.97307586669922,37.01919996333931,36.78857948013884,36.78857948013884,390700
1995-12-14,36.705543518066406,37.07453616464159,36.61329535642261,37.009962451490935,395000
1995-12-15,36.71897506713867,36.75610244334407,36.58902925041978,36.75610244334407,416700
1995-12-18,36.013572692871094,36.394128486790606,36.00429084423891,36.394128486790606,862300
1995-12-19,36.39411544799805,36.44052467453209,35.985714254498454,36.0321234810325,1022600
1995-12-20,36.041419982910156,36.54263983330345,36.041419982910156,36.50551243697802,1349800
1995-12-21,36.22705078125,36.33843295121541,36.087823068793234,36.25489632374135,857600
1995-12-22,36.356990814208984,36.45909112029943,36.31986343017609,36.42196373626654,332800
1995-12-26,36.53335189819336,36.55191559326358,36.43125157530715,36.505506355588025,432200
1995-12-27,36.51477813720703,36.62616027692398,36.44980522237214,36.62616027692398,151800
1995-12-28,36.477664947509766,36.62617452490421,36.38484646163824,36.44053755316116,256200
1995-12-29,36.52406311035156,36.551908647665684,36.38483542378097,36.51478126458019,339200
1996-01-02,36.913909912109375,36.913909912109375,36.4405356587733,36.47766305119181,514400
1996-01-03,37.01599884033203,37.127380983281874,36.83036193541562,37.03456253082367,610300
1996-01-04,36.663307189941406,37.20165448538865,36.36628799245327,37.06242673656609,1129700
1996-01-05,36.58905792236328,36.68187643561129,36.338447936593674,36.42198459851687,302400
1996-01-08,36.7282600402832,36.774669264493824,36.67256897123046,36.71897819544108,179900
1996-01-09,36.09710693359375,36.8675003189083,36.01357030145121,36.83965477486079,415500
1996-01-10,35.623722076416016,36.124941720013325,35.428803326128175,36.050686957998906,787700
1996-01-11,35.837215423583984,35.837215423583984,35.51235074090451,35.679424006282524,513200
1996-01-12,35.78154373168945,35.93933523452699,35.44739701979819,35.9300533814189,390400
1996-01-15,35.707271575927734,35.9114722451948,35.55876199827896,35.79080821335517,154200
1996-01-16,36.14350128173828,36.17134681431281,35.5773087860562,35.883609644376016,454600
1996-01-17,36.03213119506836,36.31058661388651,35.911467180247165,36.059976736950176,407600
1996-01-18,36.15279769897461,36.18064324277356,35.865060413052085,36.171361394840574,425600
1996-01-19,36.39411544799805,36.48693390106614,36.11566008879378,36.15278747002102,169800
1996-01-22,36.40340805053711,36.48694468298353,36.3013077219915,36.36628065833871,288200
1996-01-23,36.48695755004883,36.48695755004883,36.310602374915035,36.38485718549769,362200
1996-01-24,36.783958435058594,36.85821320858382,36.5240667277203,36.54263042110161,1506500
1996-01-25,36.654014587402344,36.83036968417637,36.60760535140918,36.8118059897791,298400
1996-01-26,36.96959686279297,36.98816055692442,36.579759286032406,36.626168521361045,726300
1996-01-29,37.118106842041016,37.118106842041016,36.91390620425034,36.94175174576725,254800
1996-01-30,37.433685302734375,37.50794007149755,37.145948073777085,37.19235730425407,272100
1996-01-31,37.823524475097656,37.83280632159461,37.405841382734614,37.42440507572852,498000
1996-02-01,37.96275329589844,37.96275329589844,37.758552666922945,37.78639820723778,373900
1996-02-02,37.80497360229492,38.02773799376437,37.72143695549387,37.944201346963325,496200
1996-02-05,38.11127853393555,38.1669696374922,37.68431340666788,37.74000451022454,295300
1996-02-06,38.4732551574707,38.510382544836176,38.074135743291876,38.129826824340086,301600
1996-02-07,38.69602584838867,38.69602584838867,38.42685224570139,38.4639796391755,585100
1996-02-08,39.11369705200195,39.150824434111115,38.56606816589182,38.640322930110145,1526600
1996-02-09,39.10442352294922,39.42928818549449,38.91878657292335,39.09514167544793,804600
1996-02-12,39.40146255493164,39.57781774657915,39.14157069355635,39.17869810232425,626500
1996-02-13,39.317909240722656,39.61492838512849,39.20652706157047,39.23437260635851,1045900
1996-02-14,38.97447967529297,39.42000837841611,38.955915979329504,39.29006250667186,431400
1996-02-15,38.7331657409668,39.15084905233596,38.686756484148,38.8909572141507,889500
1996-02-16,38.57535171508789,38.75170678789508,38.45468771790403,38.65888832852288,606100
1996-02-20,38.19479751586914,38.38971628812509,37.94418766582577,38.27833413255026,492300
1996-02-21,38.66819763183594,38.696043189420074,38.26907797313,38.26907797313,434000
1996-02-22,39.28079605102539,39.401460122070596,38.85383087655772,38.881676431414306,721400
1996-02-23,39.169403076171875,39.56852258618974,38.80741096243474,39.50354964269846,1430400
1996-02-26,38.612483978271484,39.14154926355068,38.59392028405116,39.05801263955923,1408400
1996-02-27,38.49180603027344,38.714570280267786,38.31545099902792,38.705288436518025,601000
1996-02-28,38.31547164916992,39.04873770059541,38.31547164916992,38.798127784285434,865900
1996-02-29,37.944190979003906,38.584638429481224,37.944190979003906,38.09270053273778,914300
1996-03-01,38.54750061035156,38.54750061035156,37.7863893534171,38.39899109680338,1452600
1996-03-04,38.77029800415039,39.00234431731864,38.501124280875224,38.63107021624944,652600
1996-03-05,39.13227081298828,39.13227081298828,38.65889656928278,38.67746026511437,402000
1996-03-06,38.788848876953125,39.18796840356451,38.788848876953125,39.07658621009156,624700
1996-03-07,38.9837646484375,39.00232834588914,38.75171843029204,38.86310061500186,534200
1996-03-08,37.72142791748047,38.53823049049678,36.830370565099045,38.12982920398863,2289900
1996-03-11,38.15768051147461,38.213371604412785,37.46154184974739,37.57292403562374,1511400
1996-03-12,37.86064147949219,38.04627835852868,37.36870375004549,37.907050699251315,1385300
1996-03-13,38.12055206298828,38.27834348862033,37.89778769739011,38.111270214421694,1019300
1996-03-14,38.28762435913086,38.501106870709044,38.15767848251805,38.176242179177024,725600
1996-03-15,38.261878967285156,38.38307887629459,38.0381252891139,38.22458668758995,869200
1996-03-18,38.99842071533203,38.99842071533203,38.532266989353886,38.61617466002995,917600
1996-03-19,38.91450119018555,39.34336248744202,38.783978186672705,39.34336248744202,858300
1996-03-20,38.867881774902344,39.10095854256187,38.569543512298154,39.10095854256187,744300
1996-03-21,38.77466583251953,38.933158094878955,38.64414279292942,38.914511946366076,650800
1996-03-22,38.8772087097168,38.979762497680085,38.74668570685444,38.79330106501957,344500
1996-03-25,38.80261993408203,39.26877346524592,38.700066157225976,39.23148118275281,802400
1996-03-26,38.98909378051758,39.091647590078956,38.70007849902642,38.737370793412374,969400
1996-03-27,38.634822845458984,39.07300737097457,38.59753054541511,39.04503814594166,809600
1996-03-28,38.78396987915039,38.802616018515366,38.48563164931077,38.49495471899326,1001300
1996-03-29,38.5975341796875,38.89587260812952,38.41107266191123,38.89587260812952,457700
1996-04-01,39.0450325012207,39.05435557488384,38.66278648103206,38.783986438652846,773400
1996-04-02,39.11960983276367,39.11960983276367,38.96111760989499,39.09164061696331,638800
1996-04-03,39.11960983276367,39.147579048564026,38.88653303442737,38.979763753761894,288000
1996-04-04,39.09163284301758,39.21283275405007,39.08230977293815,39.119602053255846,934900
1996-04-08,38.42036819458008,38.42036819458008,37.944891665115485,38.11270691080887,2217200
1996-04-09,38.271209716796875,38.5695480142238,38.19662514244015,38.5695480142238,1180900
1996-04-10,37.59062576293945,38.37376379966736,37.441456613086515,38.205948506082805,939500
1996-04-11,37.54402160644531,37.87032921911618,37.06854479941062,37.683867726161395,1276000
1996-04-12,38.01948547363281,38.07542390248072,37.693177972019974,37.8050548297158,411300
1996-04-15,38.33647918701172,38.38309455567297,38.09407926997322,38.21527922849247,484200
1996-04-16,38.4483642578125,38.57888731785357,38.32716427348865,38.41107195494362,429700
1996-04-17,38.355133056640625,38.522948417607935,38.09408693958036,38.411071510296395,525300
1996-04-18,38.41106033325195,38.53226028090542,38.24324502111639,38.44835262483763,818600
1996-04-19,38.5042839050293,38.70006839946165,38.43902240688518,38.59751461666375,885100
1996-04-22,38.80261993408203,38.95178906405447,38.54157395663025,38.8585583578217,828900
1996-04-23,38.92384338378906,38.951812612567835,38.65347417226094,38.73738185859726,225400
1996-04-24,38.78396987915039,39.11960038771996,38.700062252007996,39.11960038771996,699000
1996-04-25,38.96110916137695,39.11960134987741,38.634801714464245,38.867878462259036,475500
1996-04-26,39.0450325012207,39.26878626913601,38.923832543599914,39.06367864854698,563300
1996-04-29,39.0450325012207,39.11961709052581,38.87721717528422,38.87721717528422,219900
1996-04-30,39.017059326171875,39.1196131260734,38.858567089960424,39.04502854432683,184400
1996-05-01,39.10095977783203,39.259451984847566,38.95179064181741,39.00772906782289,561900
1996-05-02,38.42970275878906,39.007733222409854,38.24324131891139,38.79330256655053,1299600
1996-05-03,38.37377166748047,38.77466383990556,38.03814101149668,38.653463880800295,1329300
1996-05-06,38.33647918701172,38.52294066165672,38.00084853265072,38.52294066165672,647500
1996-05-07,38.177978515625,38.33647073412699,38.04745551215278,38.33647073412699,582100
1996-05-08,38.653472900390625,38.653472900390625,37.63725762153327,37.991534507740425,1694700
1996-05-09,38.62549591064453,38.82128046631036,38.485649799454656,38.52294209577195,593400
1996-05-10,39.00774002075195,39.13826305141412,38.82127854837742,39.00774002075195,925100
1996-05-13,39.595096588134766,39.76291192568749,39.063681352551136,39.100973649785075,867500
1996-05-14,39.837493896484375,39.940047707123576,39.71629393845622,39.75358623323411,632300
1996-05-15,39.790863037109375,40.16378583970647,39.7628938269146,39.84680145749894,466100
1996-05-16,39.87478256225586,39.94004407217771,39.54847501264656,39.56712115833852,514400
1996-05-17,40.08920669555664,40.154468194828475,39.97732983966206,39.97732983966206,427700
1996-05-20,40.35957717895508,40.42483868051495,39.96800816959585,40.368900250606494,788500
1996-05-21,40.30364227294922,40.49942679474702,40.27567305554953,40.42484221501453,352700
1996-05-22,40.685890197753906,40.685890197753906,40.21041347912754,40.350259572841175,1218100
1996-05-23,40.51808166503906,40.835066197163165,40.29432787765735,40.74183545242078,967900
1996-05-24,40.67656707763672,40.76979780667095,40.53672098408536,40.55536712989221,659100
1996-05-28,40.266334533691406,40.797749460392126,40.16378077590706,40.797749460392126,456400
1996-05-29,39.9959716796875,40.38754063319493,39.86544869518502,40.350248351908505,649600
1996-05-30,40.20109939575195,40.40620704573028,39.82817639579136,39.940053295779535,895800
1996-05-31,39.902767181396484,40.35959792716481,39.902767181396484,40.19178255116828,923500
1996-06-03,40.01462173461914,40.04259094831995,39.8001910962463,39.91206795104952,503100
1996-06-04,40.2943229675293,40.33161526088194,40.12650764744241,40.20109223414769,627100
1996-06-05,40.64860534667969,40.695220719783684,40.229066988743774,40.31297466033096,428000
1996-06-06,40.35023880004883,40.8723306144672,40.27565425513191,40.8723306144672,523300
1996-06-07,40.35023880004883,40.35956186816344,39.49251653350435,39.49251653350435,1422800
1996-06-10,40.2197380065918,40.41552254487145,40.15447649383191,40.294322592603095,548800
1996-06-11,40.18244552612305,40.5926607472714,40.18244552612305,40.36890699028139,688700
1996-06-12,40.10786056518555,40.415521978168144,40.04259905334075,40.31296817384061,1120600
1996-06-13,40.10786056518555,40.257029735116504,39.87478373716843,40.20109129639239,1502000
1996-06-14,39.940032958984375,40.12649436402165,39.80950997545828,40.12649436402165,1468200
1996-06-17,39.91208267211914,40.107867240237454,39.80952885072384,39.958698045480645,1101000
1996-06-18,39.58576202392578,39.99597717443278,39.57643895232335,39.884100315203604,718000
1996-06-19,39.762901306152344,39.977331957979196,39.63237830069253,39.77222437797091,552100
1996-06-20,39.73493194580078,39.93071645327657,39.49253207940218,39.80019344829271,1234400
1996-06-21,40.0766716003418,40.0766716003418,39.8142425066071,39.92671211820768,573300
1996-06-24,40.151668548583984,40.32037303828392,40.095433718684006,40.17041349188398,416500
1996-06-25,40.104820251464844,40.29226975018635,40.05795787678447,40.26415232537812,454400
1996-06-26,39.833003997802734,40.142295558256265,39.82363152627384,40.057943314496214,838200
1996-06-27,40.114192962646484,40.21729018755048,39.68305911304795,39.83301871290831,1090500
1996-06-28,40.25477981567383,40.48909168887332,40.170427541322006,40.282897240457764,1060800
1996-07-01,40.60155487060547,40.61092734402897,40.301635721053444,40.35787056159445,471300
1996-07-02,40.451595306396484,40.573437460933825,40.38598799241484,40.56406498750788,389400
1996-07-03,40.367218017578125,40.489060096572445,40.226631003353916,40.43282529088276,308300
1996-07-05,39.336273193359375,39.85175926093974,39.21443103193129,39.664309781819604,842900
1996-07-08,39.17694091796875,39.57995729583302,39.06447123112291,39.36439039604515,942000
1996-07-09,39.336273193359375,39.47686030269948,39.21443103193129,39.355018141271394,716300
1996-07-10,39.495601654052734,39.495601654052734,38.94262574100358,39.32689713820723,1132300
1996-07-11,38.69892501831055,39.401860202707084,38.31465378417378,39.32688044970479,1587400
1996-07-12,38.72706985473633,38.93326432153309,38.43652310606817,38.76455975779029,1312000
1996-07-15,37.58361053466797,38.82077676673185,37.58361053466797,38.82077676673185,1951300
1996-07-16,37.67735290527344,38.08974184254509,36.2152466731285,37.696097856967604,4141000
1996-07-17,38.12721633911133,38.38964555678466,37.7898073449599,38.23968600382847,1340500
1996-07-18,38.6520881652832,38.71769549243088,37.98664241849972,38.23969925178358,1432500
1996-07-19,38.37091827392578,38.61460265964197,38.16472379370439,38.55836780139977,1216000
1996-07-22,38.089725494384766,38.23968504357526,37.79917886782819,38.10847043803358,519800
1996-07-23,37.60236358642578,38.352161464520016,37.53675627209254,38.145967048044106,1479800
1996-07-24,37.67735290527344,37.90229232560343,36.96504474089514,37.15249425783679,2463400
1996-07-25,38.014747619628906,38.12721728714261,37.86478806294398,38.05223750880014,1989800
1996-07-26,38.22093963623047,38.277174466494664,38.0241177303058,38.12721491912348,642300
1996-07-29,37.7991828918457,38.22094416884374,37.75232052773481,38.164709331910665,1297900
1996-07-30,38.16471862792969,38.202208528350056,37.75232972330569,38.052248926668604,1868200
1996-07-31,38.44588851928711,38.54898573374644,38.0991069797421,38.192831720159674,767100
1996-08-01,39.08321762084961,39.22380473459367,38.427144423377314,38.48337926887494,1168600
1996-08-02,39.926734924316406,39.945479870290264,39.439366328996115,39.589325896786974,1098500
1996-08-05,39.692420959472656,39.945477716475196,39.57057881721217,39.936105243993616,710200
1996-08-06,39.814266204833984,39.89861846374253,39.467484695987736,39.683051579865136,640000
1996-08-07,39.9173698425293,40.03921201391997,39.66431302502559,39.9642322161411,917800
1996-08-08,39.85174560546875,39.92672537142448,39.7017860735573,39.92672537142448,925100
1996-08-09,39.72054672241211,40.048583328189466,39.6268219779043,39.992348481484775,648800
1996-08-12,40.011112213134766,40.10483700164059,39.58935066485858,39.73931032646789,764200
1996-08-13,39.692420959472656,39.96422266143834,39.58932376217532,39.936105243993616,805200
1996-08-14,39.833003997802734,39.870493883918314,39.58931973805147,39.70178939639821,533800
1996-08-15,39.75802993774414,39.96422434100448,39.71116757336679,39.729912519117725,632600
1996-08-16,40.09543991088867,40.11418485708357,39.870500556549885,39.870500556549885,475100
1996-08-19,40.114192962646484,40.142310387620306,39.964233362786125,40.10482048765522,436400
1996-08-20,40.08606719970703,40.13292956491595,39.9923424692892,40.12355709187417,645700
1996-08-21,39.94548034667969,40.07669497006156,39.81426572329782,39.98297023907451,266400
1996-08-22,40.32036590576172,40.39534566569805,40.0204468660164,40.03919180600048,584800
1996-08-23,40.104820251464844,40.3110147000585,39.9736056023598,40.24540737550597,757100
1996-08-26,39.907989501953125,40.057949067953885,39.84238219182779,40.01108670357865,784700
1996-08-27,40.05795669555664,40.095446594195444,39.88925215168205,40.020466796917844,389400
1996-08-28,39.99232482910156,40.189146676163,39.98295236019388,40.151656800532244,227600
1996-08-29,39.59872055053711,39.94550224529921,39.36440859461677,39.94550224529921,680200
1996-08-30,39.186302185058594,39.59869091888844,39.06446005915432,39.589318447665036,1500900
1996-09-03,39.439361572265625,39.49559640340479,38.61458404889125,38.67081888003041,1782000
1996-09-04,39.47686004638672,40.03920848009594,39.2800380945885,39.439370150806106,930200
1996-09-05,38.998870849609375,39.44874967700213,38.998870849609375,39.28941759230053,616600
1996-09-06,39.551841735839844,39.69242885101463,39.07384554424557,39.13945286466047,804900
1996-09-09,40.020469665527344,40.02984214085885,39.63619817693563,39.701805504256164,719200
1996-09-10,40.001705169677734,40.1329197602062,39.814255754637074,39.96421528666961,669900
1996-09-11,40.226646423339844,40.26413630817054,39.83300263261751,39.92672734469426,713500
1996-09-12,40.50782775878906,40.62966990614313,40.28288840982772,40.33912324706805,713300
1996-09-13,41.126407623291016,41.16389751173522,40.863978404181594,40.976448069514205,2008800
1996-09-16,41.276371002197266,41.48256540774866,41.12641143452352,41.18264627240117,1220200
1996-09-17,41.18263626098633,41.37945814571112,40.92957955205446,41.31385085080286,604700
1996-09-18,41.07954406738281,41.23887608863435,40.92021204613127,41.12640642657444,225500
1996-09-19,41.23888397216797,41.26700139305809,40.95770976326683,41.01394460504706,410000
1996-09-20,41.38517379760742,41.46996017688775,41.2250217478557,41.35691167118065,948400
1996-09-23,41.375728607177734,41.45109423305602,41.093107510134175,41.28152157482988,466800
1996-09-24,41.366329193115234,41.75257822452441,41.18733573953537,41.33806706886578,1269800
1996-09-25,41.39458465576172,41.56415737396921,41.30037759009089,41.56415737396921,1353300
1996-09-26,41.375728607177734,41.714873923630016,41.234418058655955,41.45109423305602,773200
1996-09-27,41.413429260253906,41.43227067484001,41.22501511439288,41.43227067484001,407600
1996-09-30,41.375728607177734,41.63950829775173,41.34746649747338,41.469935639525595,578200
1996-10-01,41.60185241699219,41.630114544992864,41.2627068809841,41.42285893965459,561400
1996-10-02,41.884464263916016,41.959829921610876,41.69605011967888,41.75257436295002,609000
1996-10-03,41.84677505493164,41.92214070113593,41.72430587984967,41.90329928958486,342200
1996-10-04,42.412010192871094,42.412010192871094,41.903292167456826,42.016340617548884,754100
1996-10-07,42.45912170410156,42.58159088141537,42.355493938682194,42.39317676247106,235100
1996-10-08,42.2895393371582,42.619263969994144,42.214173706795705,42.477953413064455,386200
1996-10-09,41.959835052490234,42.43087047068163,41.912731510671094,42.35550480377101,528800
1996-10-10,41.875057220458984,42.11999568789024,41.827953669029895,41.95984361303134,1562200
1996-10-11,42.393165588378906,42.393165588378906,42.035178856743705,42.035178856743705,331300
1996-10-14,42.44971466064453,42.619287422271604,42.38376969778956,42.39319040676884,201600
1996-10-15,42.393165588378906,42.88304216851128,42.17648940870497,42.88304216851128,776900
1996-10-16,42.60042953491211,42.60042953491211,42.16707708939996,42.5062224815399,590100
1996-10-17,42.7135009765625,42.82654950142327,42.534507478866274,42.732342397372626,792500
1996-10-18,42.939571380615234,42.99609560797015,42.63810883472237,42.732315880313884,695800
1996-10-21,42.883060455322266,43.18452309472699,42.77001196554549,42.977267530136245,879200
1996-10-22,42.58161163330078,42.854812238912665,42.5627702122241,42.84539152837433,848900
1996-10-23,42.722904205322266,42.74174561842274,42.3178138236621,42.48738654156635,735900
1996-10-24,42.35548782348633,42.79826093907882,42.33664641431218,42.72289530238223,379300
1996-10-25,42.393165588378906,42.54389684380425,42.28011714680989,42.34606207105848,568300
1996-10-28,42.11053466796875,42.647514640244864,42.091693265432745,42.430838511080815,975400
1996-10-29,42.44971466064453,42.55334245941663,42.025782756576845,42.24245906310033,815900
1996-10-30,42.308380126953125,42.58158053302786,42.26127660866438,42.58158053302786,495400
1996-10-31,42.7135009765625,42.732342397372626,42.31783113954979,42.36493469157511,726300
1996-11-01,42.562740325927734,42.901885667170184,42.3649055435363,42.79825792401277,821300
1996-11-04,42.84539031982422,42.84539031982422,42.525086170555525,42.61929327328161,1608400
1996-11-05,43.0903205871582,43.28815546523654,42.97727208539915,42.98669279387907,764000
1996-11-06,43.91936492919922,43.93820635559528,43.128025020565,43.16570787335711,1665000
1996-11-07,44.02297592163086,44.192548694279985,43.7309339242907,43.78745818184041,1446300
1996-11-08,44.26789855957031,44.277319265797075,43.8628081918194,44.03238090390118,1355700
1996-11-11,44.220794677734375,44.32442244540695,44.14542902851796,44.164270440822065,655900
1996-11-12,44.088890075683594,44.37151116591234,44.02294515463022,44.34324905688946,719900
1996-11-13,44.28675842285156,44.35270339391303,44.02297853860569,44.136027060425356,481900
1996-11-14,44.578773498535156,44.578773498535156,44.107738275600504,44.12657968451789,558800
1996-11-15,44.635311126708984,44.91793234532471,44.44689698096518,44.69183537043213,2250900
1996-11-18,44.64471435546875,44.76718350225523,44.45630028348957,44.72007998426043,1518200
1996-11-19,44.965030670166016,44.974451376361316,44.63530595333052,44.70125089669762,1029300
1996-11-20,45.04038619995117,45.22880028152386,44.80486859798531,44.955599863243464,730000
1996-11-21,44.974456787109375,45.12518810436823,44.84256688450788,45.096925982382196,653000
1996-11-22,45.32304000854492,45.3701435629084,45.04041868236401,45.04041868236401,965100
1996-11-25,45.89768981933594,45.91653123551793,45.266502377239156,45.37013016624012,2058800
1996-11-26,45.746952056884766,46.23682880872949,45.5020136809624,45.991890432807125,2861800
1996-11-27,45.66216278076172,45.93536325954077,45.60563854377295,45.859997610222415,872000
1996-11-29,45.83172607421875,45.9541952291961,45.73751903192847,45.82230536998972,1073400
1996-12-02,45.8505973815918,45.89770093345289,45.45492754595858,45.775231698614036,1350600
1996-12-03,45.068687438964844,46.17091077306996,45.068687438964844,45.860027268578776,1777800
1996-12-04,45.19114303588867,45.257088001753004,44.67300401838317,45.144039488842715,2365100
1996-12-05,45.068687438964844,45.30420524539756,44.936797467362524,45.125211712508694,1697700
1996-12-06,44.80488586425781,45.06866568011131,43.806290847098154,44.16427774004218,3401800
1996-12-09,45.46432113647461,45.4737418412273,44.96502378458212,45.03096871785094,1864600
1996-12-10,45.24763488769531,45.62446299419288,45.20053137438312,45.5585180755558,1331600
1996-12-11,44.833126068115234,44.99327802086959,44.201938960201026,44.39035302226497,1847900
1996-12-12,44.088890075683594,45.144008812537564,43.9758416395921,45.08748459449181,2540200
1996-12-13,44.20197296142578,44.36212503737298,43.65557176113535,44.05124159582842,1678300
1996-12-16,43.636714935302734,44.42805432532118,43.44830079482215,44.31500584103283,1831100
1996-12-17,43.98527526855469,44.18311008985253,43.33524657000462,43.504819273974206,2023200
1996-12-18,44.33384323120117,44.475153823735816,44.17369122632858,44.239636169511414,1666800
1996-12-19,45.24763488769531,45.29473840100751,44.550502890674814,44.72949624126116,2269300
1996-12-20,45.346946716308594,45.877098911739346,45.29014469536959,45.51735277912562,1543200
1996-12-23,45.23336410522461,45.56470938435455,45.03455693774665,45.49844032852857,1263700
1996-12-24,45.5646858215332,45.5646858215332,45.31854374146674,45.346944750705184,633000
1996-12-26,45.91496276855469,45.94336377645276,45.6688207001047,45.70668871063547,1384300
1996-12-27,45.97175598144531,46.06642598964433,45.74454796176766,45.914953976525894,410400
1996-12-30,45.574153900146484,46.123240091714514,45.5362858869349,46.123240091714514,694100
1996-12-31,44.74106216430664,45.66882858244081,44.74106216430665,45.61202655684075,1378100
1997-01-02,44.85466766357422,45.0629417641649,44.078373288645324,45.0629417641649,2031900
1997-01-03,45.498409271240234,45.51734327426613,44.88305417289845,45.062927201644506,2123200
1997-01-06,45.100826263427734,45.706714777462025,45.02509019917345,45.49844060076274,1374100
1997-01-07,45.64986801147461,45.725604001539274,44.91144210834416,45.10078208350582,939000
1997-01-08,45.25229263305664,45.914983110946594,45.25229263305664,45.89604909729259,1802200
1997-01-09,45.630943298339844,45.97175532297475,45.403735281916575,45.479471287391,1415700
1997-01-10,46.12323760986328,46.19897363221117,44.98719727464498,44.98719727464498,2369500
1997-01-13,46.05696105957031,46.350438098182174,45.82975302967726,46.350438098182174,1364600
1997-01-14,46.63444900512695,46.8900580435229,46.35043896246479,46.46404297952966,2111200
1997-01-15,46.520835876464844,46.77644486479707,46.27469388770048,46.482967878193406,1583900
1997-01-16,46.71019744873047,46.83326849997357,46.35045129894292,46.67232943296335,1308400
1997-01-17,46.99418640136719,47.10779039750265,46.7196434107065,46.77644540877423,1604000
1997-01-20,47.05100631713867,47.31608240906621,46.93740227774115,47.10780833683743,1889900
1997-01-21,47.429691314697266,47.590630387022586,46.719665995614974,46.880605067940294,2785800
1997-01-22,47.77048110961914,47.77048110961914,47.18352712055922,47.44860311561854,1201600
1997-01-23,47.107784271240234,48.28169207864253,46.59656635511343,47.90301214077082,2601100
1997-01-24,46.501922607421875,47.20248088774541,46.501922607421875,47.1835468801691,2176000
1997-01-27,46.369384765625,46.795399938032745,46.27471472731217,46.577658849913234,2108500
1997-01-28,46.501922607421875,47.16461287259279,46.04750642559039,47.0320748195586,4376000
1997-01-29,46.95632553100586,46.95632553100586,46.407239466328775,46.577645486400975,1122700
1997-01-30,47.56221008300781,47.58114408383704,46.899520053985015,47.18353006642336,2126300
1997-01-31,47.50544357299805,48.111332052207274,47.48650955802276,47.82732182757795,3208100
1997-02-03,47.64744186401367,47.798913962130946,47.477035753631746,47.69477689467532,755000
1997-02-04,47.94087600708008,47.988210995238724,47.524328111283964,47.71366806391856,654100
1997-02-05,47.041534423828125,48.149173692813406,46.729123347960474,48.00716865832812,2255400
1997-02-06,47.353939056396484,47.38234005942911,46.89952300787449,47.12673103213549,2483100
1997-02-07,47.997703552246094,48.01663755759215,47.12673930632762,47.7515614827474,2321000
1997-02-10,47.54328536987305,48.187041523825926,47.51488436308101,48.01663548307369,1670000
1997-02-11,48.09235763549805,48.09235763549805,47.3349976727343,47.732611653185266,1664300
1997-02-12,48.774024963378906,48.8592280349376,48.02613133525256,48.092400390909326,2675400
1997-02-13,49.30414962768555,49.41775365908574,48.88760151255149,48.96333753348495,1104800
1997-02-14,49.190547943115234,49.36095399834543,49.020141887885046,49.190547943115234,1112900
1997-02-18,49.60708236694336,49.64495036875019,48.925458334420476,49.28520435158533,833100
1997-02-19,49.275726318359375,49.68280724663785,49.171589336706745,49.47453328333259,648100
1997-02-20,48.6793327331543,49.29468796996002,48.56572868943632,49.095880893453554,1193900
1997-02-21,48.698280334472656,48.9349554916192,48.55627524018473,48.71721434704438,1844400
1997-02-24,49.275726318359375,49.30412731335555,48.45209746347037,48.45209746347037,787300
1997-02-25,49.31360626220703,49.3988092678434,49.00119524154033,49.32307326283329,1653900
1997-02-26,48.8307991027832,49.342017239958516,48.24384494528561,49.26628121963625,1597800
1997-02-27,48.101837158203125,48.96333434013512,48.09237015620387,48.96333434013512,1813100
1997-02-28,47.9598388671875,48.39532102034396,47.903036847210565,48.01664088716443,2961200
1997-03-03,48.28171157836914,48.319579587450214,47.67582343307196,47.713691442153035,1210400
1997-03-04,48.01664733886719,48.54679959655184,47.92197729285207,48.41426153213068,1478700
1997-03-05,48.8307991027832,48.8307991027832,48.13970791734249,48.30064696052732,1254800
1997-03-06,48.546775817871094,49.020125816095266,48.39530381843936,48.84971981673456,1528500
1997-03-07,48.9822883605957,49.171628477954016,48.62254213761491,48.7361462080299,1859300
1997-03-10,49.49349594116211,49.49349594116211,48.80240466271818,49.039079758075694,1074900
1997-03-11,49.228424072265625,49.55976923429049,49.22842407226563,49.53136822040265,624600
1997-03-12,48.792938232421875,49.28522243655186,48.65093317353823,49.266288428700705,1055600
1997-03-13,48.03557205200195,48.75506426247735,47.90303401323017,48.62252622370556,2514100
1997-03-14,48.28171157836914,48.48998562831505,48.01663551480162,48.25331057155834,1642700
1997-03-17,48.41425323486328,48.48998925869569,47.52435495483255,48.016639109743174,3013500
1997-03-18,47.8935661315918,48.53732230809866,47.69475907708232,48.47105328992883,1352500
1997-03-19,47.73263168334961,48.16811384468124,47.297149522017975,47.77049969737845,1510000
1997-03-20,47.48646926879883,47.86514924701891,47.18352528622276,47.71367725573088,1808200
1997-03-21,47.70635986328125,47.89642504201942,47.6493403096598,47.858412006271784,2810600
1997-03-24,48.371585845947266,48.40009562149498,47.49728606248417,47.74437078389766,2145600
1997-03-25,47.89642333984375,48.63767751057943,47.76337771945529,48.25754716661241,2125800
1997-03-26,48.105499267578125,48.44761660729223,47.85841452222905,48.08649274870512,1335300
1997-03-27,46.83207702636719,48.27657290867397,46.318900857652935,48.27657290867397,2898500
1997-03-31,45.84371566772461,46.90808054226548,45.7676896052574,46.77503493294787,4270700
1997-04-01,46.138328552246094,46.33789701766261,45.64415901883378,45.76770140218686,3210900
1997-04-02,45.311527252197266,46.185826855217854,45.27351422597898,45.99576172412642,2672700
1997-04-03,45.55862808227539,45.69167372123072,45.121478125707874,45.27353028451397,2284200
1997-04-04,46.128814697265625,46.13831795534088,45.10246282513858,45.31153450279409,3706700
1997-04-07,46.30937194824219,46.60397291897798,46.30937194824219,46.337881719603715,2596200
1997-04-08,46.64197540283203,46.69899493266434,46.12879963434121,46.29985822383815,1822700
1997-04-09,46.2618522644043,46.86055741901758,46.128806674490235,46.83204764975029,2453200
1997-04-10,46.09080505371094,46.556464733635025,46.033785501067165,46.28087022919016,1996500
1997-04-11,44.6273078918457,45.8057121036406,44.6273078918457,45.65365994727997,4221600
1997-04-14,45.22602462768555,45.283044200655944,44.58930606284947,44.84589414121624,3988500
1997-04-15,45.995784759521484,46.00528802083544,45.31154994491703,45.76770648798667,2760400
1997-04-16,46.52793884277344,46.59446163115159,45.76767840416603,45.84370444802677,2273300
1997-04-17,46.337894439697266,46.83206394561692,46.22385532294658,46.52795963428175,1386000
1997-04-18,46.565982818603516,46.82257088719582,46.37591758260922,46.71803500739895,1702100
1997-04-21,46.2618522644043,46.77502811121569,45.90072852035184,46.67999554699136,2809400
1997-04-22,47.2786979675293,47.2786979675293,46.2238365656407,46.2903593567508,3215000
1997-04-23,47.32624816894531,47.459293846528695,46.94611766156422,47.23121554210004,2047700
1997-04-24,47.08863830566406,47.61131743922844,46.75602431157763,47.46876858461997,2689900
1997-04-25,46.5469856262207,46.95562596552807,46.48046278028694,46.870096592184666,1606200
1997-04-28,47.003108978271484,47.326219715283464,46.45192007395694,46.52794612972447,1666500
1997-04-29,48.485618591308594,48.523631620388414,47.620822179742724,47.801384067871865,3197400
1997-04-30,48.71369934082031,49.074823136167794,48.1815169055714,48.200523421116,3372200
1997-05-01,48.65666198730469,48.979772633314134,48.238518798351286,48.789707547426225,2149500
1997-05-02,49.530975341796875,49.67352419638762,48.694688728197846,48.827734325815875,1448300
1997-05-05,50.70938491821289,50.82342401473061,49.445451598474826,49.66402653346712,3636200
1997-05-06,50.671356201171875,50.76638875218683,50.177186935894134,50.462284588938985,1721100
1997-05-07,49.56900405883789,50.48131701697601,49.511984498954256,50.48131701697601,2327200
1997-05-08,49.91112518310547,50.61436647471815,49.37894258404722,49.45496866962697,2923700
1997-05-09,50.25321960449219,50.557323807847666,49.66401771049096,50.46229124429908,2558200
1997-05-12,51.08949661254883,51.24154868580046,50.405262282916475,50.443275301229384,2357900
1997-05-13,50.88044357299805,51.1465347982584,50.490809993152524,51.05150221780828,1195100
1997-05-14,50.975521087646484,51.393664810214794,50.74744269351831,51.23210928104067,2772000
1997-05-15,51.31758117675781,51.45062675758645,50.794902109216764,50.97546396891276,884100
1997-05-16,50.614356994628906,51.279585118854214,50.48131136978384,51.165546011844164,1934200
1997-05-19,50.76640701293945,51.03249825149474,50.51932229142383,50.67137442774114,1375800
1997-05-20,51.374610900878906,51.50765650809539,50.329252558463686,50.652363318846575,1756400
1997-05-21,51.26057815551758,51.68822480308864,50.88044780212108,51.5076628852253,1208000
1997-05-22,51.08949661254883,51.374594249895644,50.82340548435847,51.31757472242628,907600
1997-05-23,51.564666748046875,51.83075791445773,51.18453651031707,51.3175820935225,644400
1997-05-27,51.77375793457031,52.02084268242252,51.25107866026757,51.317601476997005,1531000
1997-05-28,51.76423263549805,51.9733042562032,51.40310892700734,51.773735890984646,716700
1997-05-29,51.46015167236328,51.849785323068154,51.393628853950254,51.75475272533526,1282700
1997-05-30,51.7927360534668,52.03982066583196,50.557312991640984,50.614332517571405,2143300
1997-06-02,51.564666748046875,52.00181652143613,51.52665372427389,51.906783962003686,1479100
1997-06-03,51.393611907958984,51.963807306346105,51.29857934156113,51.33659236812027,1562100
1997-06-04,51.336585998535156,51.54565761866988,51.1370176338611,51.41261204222051,1063100
1997-06-05,51.526649475097656,51.887773171160674,51.34608762706614,51.45062343382123,1180800
1997-06-06,52.53399658203125,52.57200960416007,51.45062545135984,51.45062545135984,1511100
1997-06-09,52.80009841918945,52.838111449008885,52.515000695543726,52.57202024027287,1823400
1997-06-10,52.961669921875,53.16123838919231,52.610049288982594,52.81912101664835,1217500
1997-06-11,53.085208892822266,53.16123497072105,52.80961436043919,52.91415021755002,1673800
1997-06-12,54.11155700683594,54.13056352492755,53.256263692713134,53.44632887362931,4273300
1997-06-13,54.567726135253906,54.73878483787226,54.073556549912006,54.16858916247776,2132900
1997-06-16,54.586700439453125,54.73875252981372,54.41564183779746,54.586700439453125,800400
1997-06-17,54.51068115234375,54.88130816854692,54.09253785201196,54.39664207043508,2048100
1997-06-18,54.32062911987305,54.51069430223789,54.11155741927171,54.206590010454136,1971900
1997-06-19,54.881290435791016,55.04284574962798,54.35861147925967,54.5011602855864,2029900
1997-06-20,54.69432067871094,55.161793505024704,54.646619369903405,54.91374669922556,1396900
1997-06-23,53.36821746826172,54.89465915487628,53.330056426096355,54.58937081755337,3991500
1997-06-24,54.72294235229492,54.87558654295683,53.7307551129925,53.88339930365441,4895100
1997-06-25,54.34134292602539,55.10456403453698,53.69260498379053,54.63709110557363,4708900
1997-06-26,54.07419204711914,54.722929707529175,53.53993750325205,54.24591672193356,2569900
1997-06-27,54.28409957885742,54.78019328326877,54.15053588920821,54.32226063304291,2617900
1997-06-30,53.92155075073242,54.62753000684605,53.65442346463538,54.28408063900699,2384900
1997-07-01,54.55120849609375,54.68477214054029,53.96925261671954,54.036034438942806,1749000
1997-07-02,55.44800567626953,55.44800567626953,54.474898900808505,54.68478467590794,1961800
1997-07-03,56.21121597290039,56.26845753702758,55.84868606676152,56.09673284464601,2539100
1997-07-07,55.6388053894043,56.47834840625402,55.50524172763275,56.40202631381314,1158600
1997-07-08,56.220760345458984,56.28754217515832,55.67696544647864,55.71512649202112,3396500
1997-07-09,55.600643157958984,56.40202511150541,54.97098590874394,56.36386406609844,5390300
1997-07-10,55.84872817993164,56.07769460909432,55.24769130337959,55.63884228653251,2072200
1997-07-11,56.03950500488281,56.28755184351525,55.79145816625037,55.925021848590916,2258900
1997-07-14,56.21121597290039,56.36386014390623,55.696041895755684,56.10627310533388,3186400
1997-07-15,56.497467041015625,56.640571060876354,55.848728817646986,56.36390328914561,2983100
1997-07-16,57.2415657043457,57.45145144526164,56.71685135205587,56.85995526631673,2621300
1997-07-17,56.95534896850586,57.27971779010204,56.650060665827105,57.16523467659751,1794800
1997-07-18,55.743736267089844,56.91718818577067,55.600632374567795,56.79316481225156,3961900
1997-07-21,55.75328063964844,55.925005323343456,55.37167023143729,55.73420011923788,3810300
1997-07-22,57.232059478759766,57.270220545256684,55.94412348448862,55.98228455098555,4243400
1997-07-23,57.184322357177734,57.6899561718141,57.1080002719496,57.35604704894103,3204300
1997-07-24,57.45145797729492,57.55640085968453,56.592834394107186,57.35605535694073,4152700
1997-07-25,57.41328430175781,57.890297298615224,57.16523754339196,57.73765313962085,2364800
1997-07-28,57.37511444091797,57.73764426279275,57.08890668680631,57.54683909338497,2794700
1997-07-29,57.56594467163086,57.68042782311571,57.04123022732531,57.16525364143389,2737100
1997-07-30,58.25284194946289,58.386405622455435,57.64226515863983,57.69950673277949,4839800
1997-07-31,58.19561004638672,58.63446218772013,58.02388529543017,58.252851630038904,2138700
1997-08-01,57.966636657714844,58.443649796767794,57.279737737478584,58.31008611783297,7077700
1997-08-04,58.119293212890625,58.338719303484275,57.64227997246966,57.871246327871724,2339500
1997-08-05,58.15744400024414,58.42457136769933,57.94755821152935,58.062041369010146,1466700
1997-08-06,58.63445281982422,58.93974121719395,58.04295654992036,58.271922847947664,2478200
1997-08-07,58.19561004638672,58.996992217517295,58.081126879082355,58.920670105981046,3641900
1997-08-08,57.01262283325195,57.85216614137213,56.42112641162183,57.585038725152074,7113100
1997-08-11,57.43238830566406,57.565951999398166,56.55468403255424,57.241583028901054,6355900
1997-08-12,56.5164909362793,57.72810375682411,56.45924938570238,57.52775832980489,6132500
1997-08-13,56.34479904174805,57.298825439339446,55.84870531500052,57.20342279958031,6982300
1997-08-14,56.55469512939453,56.974466820638355,56.0013597182095,56.84090310069714,3462700
1997-08-15,54.818321228027344,56.24935989565771,54.72291865018532,56.24935989565771,4907100
1997-08-18,56.03950500488281,56.03950500488281,54.55122397308817,55.180881332693595,5638900
1997-08-19,56.68821716308594,56.726378197864186,55.88683543274275,56.30660681530347,3802800
1997-08-20,57.54685592651367,57.58501697155778,56.54512849410585,56.74547398058742,3564600
1997-08-21,56.535606384277344,57.546874402625875,56.230317925907976,57.47055228803353,5392600
1997-08-22,56.5164909362793,56.62143377900365,55.295337857305,55.56246509333062,8087800
1997-08-25,56.30663299560547,57.03169299351568,56.077666680475936,56.65008246829978,3888000
1997-08-26,55.47662353515625,56.5165120932529,55.38122091514738,56.17306266122098,4290000
1997-08-27,55.81050491333008,56.15395417433518,55.19992844932099,55.562458224826386,5484300
1997-08-28,54.96144485473633,56.134896984077166,54.95190459352217,55.676964445797815,4287900
1997-08-29,55.18088150024414,55.629273863748885,54.78019045200585,55.028237291391456,2652300
1997-09-02,56.974449157714844,57.003069945972236,55.31444343878611,55.37168501530089,7294000
1997-09-03,56.66916275024414,57.39422274502841,56.63100169788707,56.964910906011404,2812500
1997-09-04,57.03168869018555,57.22249393839627,56.630997668943024,56.82180291715375,2473700
1997-09-05,56.869510650634766,57.661352520120204,56.53560142856259,57.37514461548691,3663300
1997-09-08,57.1175422668457,57.39420983419805,56.97443835269793,57.22248513722073,803500
1997-09-09,57.14617156982422,57.56594311390974,56.7264000257387,56.9172052730503,1885200
1997-09-10,55.963165283203125,57.08891596568147,55.963165283203125,56.8599497251774,3623700
1997-09-11,55.67698287963867,56.115835040787296,55.1045670172709,56.03951292580493,7055900
1997-09-12,56.573760986328125,56.7645662510375,55.52433203042659,56.17306993043845,6708000
1997-09-15,56.47837829589844,56.97447215930836,56.2875729638177,56.57378096193881,2060500
1997-09-16,57.89030456542969,58.17651239947104,56.80271479607257,56.97443949649738,6979000
1997-09-17,57.89030456542969,58.310076055356994,57.69949934273546,58.2337539662793,2220000
1997-09-18,58.13835144042969,58.844330765436546,57.98570726204982,58.00478778434731,5045400
1997-09-19,58.23666763305664,58.437747873157626,57.85365765191191,58.006861644369806,1566400
1997-09-22,58.562259674072266,58.954845129702896,58.35160406373387,58.52395865401074,3259000
1997-09-23,58.294158935546875,58.64844341002375,58.06435278994025,58.562266105421266,1872800
1997-09-24,57.81540298461914,58.89740704842536,57.77710195581184,58.447369959939586,2793100
1997-09-25,57.413246154785156,58.064363689562576,57.37494512332766,57.757955437902616,6327800
1997-09-26,57.89201736450195,58.10267306778,57.71966269818356,57.872866846022134,3995800
1997-09-29,58.44738006591797,58.56228317220745,57.70050987503632,57.91116556990037,2065000
1997-09-30,57.83455276489258,58.63887435963612,57.834552764892585,58.21756304810379,4137600
1997-10-01,58.6005859375,58.71548904718137,58.083521943933825,58.37077971813726,3567500
1997-10-02,58.926124572753906,58.94527508447726,58.409060756223404,58.54311433828687,2577500
1997-10-03,59.22297286987305,59.90281621243747,58.428226427156886,59.730461562209875,6499900
1997-10-06,59.615570068359375,59.81665053277241,59.385763823315905,59.634720588779665,2272100
1997-10-07,60.17094039916992,60.362445620045705,59.56769895341122,59.768779435330785,1832800
1997-10-08,59.74959945678711,60.28581381088648,59.280411896950156,60.27623855456328,4439400
1997-10-09,59.539005279541016,59.8166879995646,58.96448930707841,59.30919889055597,3607600
1997-10-10,59.36660385131836,59.43363066211823,58.983593503890496,59.02189453863328,2858100
1997-10-13,59.424015045166016,59.77829937592192,59.27081101024454,59.653821097548224,1760300
1997-10-14,59.44319534301758,59.74960356643519,58.94528197996395,59.73045305247159,2235700
1997-10-15,59.309139251708984,59.481493870135004,59.00273104117384,59.02188155433228,2601700
1997-10-16,58.370765686035156,59.74960267074464,58.217561576622984,59.63469958868552,9488100
1997-10-17,57.777103424072266,58.447371445233195,56.99193231356946,58.2271405239946,8151300
1997-10-20,58.6005859375,58.67718801062092,57.70051157832925,58.12182298049428,3636400
1997-10-21,59.74004364013672,59.74961889957575,58.8495445123065,58.96444762557491,5225400
1997-10-22,59.34749221801758,59.68262649159463,59.155986918830685,59.6539006967166,4485200
1997-10-23,58.179256439208984,58.677169759623546,57.777095680412614,58.179256439208984,8054100
1997-10-24,57.604736328125,58.92612156969436,57.40365596527749,58.92612156969436,6778700
1997-10-27,53.4299430847168,57.56645480740455,53.219287395135474,57.001514548981916,10840700
1997-10-28,56.51316452026367,56.91532529794092,51.70638570135951,51.70638570135951,19548000
1997-10-29,56.35993194580078,57.45151064811497,55.938620867714604,56.6854905061401,10134400
1997-10-30,55.11518478393555,56.72382812022832,55.00028168848607,55.53649613391699,9772900
1997-10-31,56.41741180419922,56.685518988604784,55.42158511926427,56.26420769882461,7072700
1997-11-03,57.604736328125,57.83454245709358,56.91531794121925,57.10682304869307,5548500
1997-11-04,57.604736328125,57.87284347858835,57.16427458093521,57.52813428513547,3455700
1997-11-05,57.79622268676758,58.389888327353994,57.5089651187419,57.7196206686274,4774900
1997-11-06,57.57601547241211,57.81539687717019,57.29833304289274,57.62389175336373,3679800
1997-11-07,56.95362091064453,57.14512602466822,56.034396363330835,56.608911705401894,10606800
1997-11-10,56.60889434814453,57.508968108077816,56.379088281778586,57.37491456936435,4347900
1997-11-11,56.62806701660156,57.03022779013847,56.398260860294755,56.80042163383166,3212400
1997-11-12,55.45987319946289,56.8195593172674,55.383271164657,56.14929151271588,6775300
1997-11-13,56.26420211791992,56.47485774191486,55.21092399794525,56.05354649392499,8589600
1997-11-14,57.030216217041016,57.231296563004385,56.13971754206035,56.57060399769615,5827900
1997-11-17,58.08351516723633,58.409073940016754,57.62390278213456,57.834558458639535,5149900
1997-11-18,57.71966552734375,58.27503059048011,57.53773559286805,58.102675915713654,3433600
1997-11-19,58.00691223144531,58.255868936301304,56.838730770197984,57.41324624294258,4387900
1997-11-20,58.88780212402344,59.155909190604355,58.38988900037316,58.40903950512894,4822700
1997-11-21,59.289981842041016,59.3282828639028,58.6197139594598,59.21337979831745,5436500
1997-11-24,58.217533111572266,59.04100479703201,57.987727059816066,58.83034924958882,4337200
1997-11-25,58.370765686035156,58.71547493221252,58.006905926181254,58.6005718501534,4525000
1997-11-26,58.54310989379883,58.82079229270629,58.40905632191247,58.75376550676311,2681100
1997-11-28,58.6005859375,58.98359630310458,58.58143541921977,58.67718801062092,1564700
1997-12-01,60.113460540771484,60.113460540771484,58.84952667785625,58.96442975630309,4850900
1997-12-02,59.74959945678711,60.0464324028064,59.59639535561586,59.86450253266555,1974900
1997-12-03,59.921974182128906,60.38158663990171,59.366609128986774,59.82622158675958,3302500
1997-12-04,59.8645133972168,60.49648042924116,59.673008235997294,60.36242681638751,2872500
1997-12-05,60.63053512573242,60.66883615866087,59.519805170807444,59.67300930252124,3458800
1997-12-08,60.458152770996094,60.668808355564025,60.20919617105217,60.64965784787603,2289200
1997-12-09,60.09431838989258,60.41987715746051,59.82621116954252,60.190070968589026,1703000
1997-12-10,59.57725524902344,59.960265568850005,59.117642865231545,59.78791092492805,3558400
1997-12-11,58.562259674072266,59.194226505087435,58.40905559382616,59.02187191481057,5072800
1997-12-12,58.677162170410156,59.13677440673191,58.160098404548194,59.09847338703843,4478400
1997-12-15,59.27083206176758,59.51021345135469,58.753768260259434,58.98357439426305,4674700
1997-12-16,59.634681701660156,59.941089828579415,59.36657459060581,59.577230177862795,2885800
1997-12-17,59.32829666137695,59.97941418445211,59.26126985753098,59.960263669067544,2236300
1997-12-18,58.75375747680664,59.40487473697985,58.35159681611142,59.40487473697985,4658300
1997-12-19,58.314640045166016,58.9875752253773,56.8341826487012,58.160826289689155,8556000
1997-12-22,58.68954849243164,59.006789295093434,58.18004053664149,58.71838856540089,5136800
1997-12-23,57.64170837402344,58.83376505153827,57.54557477099805,58.7184047279078,4436500
1997-12-24,57.46865463256836,58.1031362661832,57.37252105171763,58.1031362661832,2019200
1997-12-26,57.69938659667969,57.910880516227664,57.4686659571728,57.910880516227664,941800
1997-12-29,58.833744049072266,58.891424190296846,58.10312892689424,58.19926249560188,2080000
1997-12-30,59.75664520263672,59.83355208191939,58.968349689989324,59.026029849451334,3616000
1997-12-31,59.7181510925293,60.06423181360642,59.48743061181122,59.60279085217026,4359500
1998-01-02,60.02583312988281,60.08351330265336,59.39135122940679,59.872019335828014,2360900
1998-01-05,60.1604118347168,60.56417298796993,59.54515674404536,60.19886527788376,4191800
1998-01-06,59.199092864990234,59.85280158776051,59.179866137849935,59.83357486062021,3154900
1998-01-07,59.3528938293457,59.50670761316001,58.58382491027417,59.12217315362424,4424200
1998-01-08,58.833744049072266,59.25673175138586,58.67993033914005,59.25673175138586,3831000
1998-01-09,56.79574203491211,58.75686786008511,56.545794625821436,58.60305406987546,10258800
1998-01-12,57.833953857421875,57.94931413772259,55.93050923246019,56.06509622614435,12097900
1998-01-13,58.641502380371094,58.679955824554945,57.96856710715372,58.218514494348746,5224900
1998-01-14,58.9106559753418,59.04524298311836,58.27617436725228,58.87220254454849,3770400
1998-01-15,58.42036437988281,58.91064553561328,58.33384417593038,58.75683183969784,2875400
1998-01-16,59.25675582885742,59.4874764875032,58.85299467622731,59.218302385749794,4374800
1998-01-20,60.21806335449219,60.30458356046129,59.37208800723879,59.48744828186425,5091700
1998-01-21,59.64128112792969,60.10272237456744,59.160613162682026,59.81432159541884,4699400
1998-01-22,59.112545013427734,59.60282632676077,58.98757134532324,59.16061180885254,4543400
1998-01-23,59.02602767944336,59.54514909551664,58.449226106028604,59.37210862349222,6350300
1998-01-26,58.987545013427734,59.516279527074815,58.69914436962023,59.2951723668224,4362900
1998-01-27,59.5836296081543,59.9873908930111,58.85301394984198,58.9491475890936,7044200
1998-01-28,60.1219482421875,60.36228222140955,59.79509403044551,59.92968105880986,4268600
1998-01-29,60.448814392089844,61.25633672175516,60.02582650512229,60.198867004336286,8007700
1998-01-30,60.487247467041016,60.89100849590556,60.29498031043885,60.775648201944264,3649100
1998-02-02,61.487056732177734,61.83313772691795,61.37169640059766,61.467830010247724,5756300
1998-02-03,61.94846725463867,62.02537410411681,61.352439171183114,61.52547958250892,2759600
1998-02-04,61.871585845947266,62.236893531178154,61.48705144044107,61.69854536346948,3374000
1998-02-05,61.833099365234375,62.50603421529134,61.54469871520997,62.332993825276695,5076200
1998-02-06,62.52529525756836,62.52529525756836,61.948493640801125,62.1407608463902,5701200
1998-02-09,62.31379318237305,62.60219395304123,61.96771225757122,62.58296723499669,2322200
1998-02-10,62.90985870361328,63.0444458096418,62.25614990290337,62.409963738364524,3660400
1998-02-11,62.85215377807617,62.96751410926872,62.5733663110275,62.81370033434531,4073200
1998-02-12,63.12128829956055,63.3327821074482,62.06381926012228,62.58294042493743,5024700
1998-02-13,62.75599670410156,63.07323749626384,62.67908984539556,62.87135699216057,2101300
1998-02-17,63.063655853271484,63.42896361583616,62.85216188547087,63.255923096726576,3055500
1998-02-18,63.640438079833984,63.66927815751367,62.92904949706847,62.948276215521595,3007400
1998-02-19,63.303977966308594,63.62121885816709,63.21745772307446,63.525085254573604,3387800
1998-02-20,63.77501678466797,63.81347021655502,62.9867214309835,63.46738932957159,3707000
1998-02-23,64.02497100830078,64.14033131642385,63.58275649382904,64.14033131642385,3227800
1998-02-24,63.525081634521484,64.04420306434353,63.33281443829109,63.928842746605305,3386800
1998-02-25,64.31340789794922,64.52490191495293,63.75583276221214,63.83273967748622,3481800
1998-02-26,64.67868041992188,64.73636057487424,64.1018788703982,64.25569261693785,3187600
1998-02-27,64.67868041992188,64.9286277580488,64.31337277189022,64.5825468283346,3442900
1998-03-02,64.54411315917969,65.06323471273878,64.37107264132665,64.7556071254445,4252300
1998-03-03,64.90938568115234,64.9862925362248,64.31335755434081,64.31335755434081,3349200
1998-03-04,64.48643493652344,64.85174270748169,64.25571423907613,64.65947545960893,4404100
1998-03-05,63.89039993286133,64.25570766645276,63.46741203080808,63.6789059818347,7268000
1998-03-06,65.17857360839844,65.17857360839844,64.25569115022643,64.33259802174075,6896300
1998-03-09,64.94784545898438,65.35160648759262,64.75557830250425,64.92861874333636,3362800
1998-03-10,65.5631103515625,65.73615081876603,65.17857597999908,65.35161644720262,5481900
1998-03-11,65.87071990966797,66.02453361640391,65.69767948959003,65.81303976964199,3439600
1998-03-12,66.139892578125,66.19757271700128,65.52463776344477,65.88994530966116,3191300
1998-03-13,65.88998413085938,66.44755913517653,65.75539706085178,66.35142551374254,2879400
1998-03-16,66.60135650634766,66.6782633845305,66.15914195679626,66.3514091522534,3223600
1998-03-17,66.7936019897461,66.7936019897461,66.23602730416675,66.63978828337937,4581900
1998-03-18,67.04357147216797,67.04357147216797,66.46676988221527,66.60135691987091,1944100
1998-03-19,67.21659851074219,67.2935053740268,66.85129091014032,67.04355806835183,2554800
1998-03-20,67.79534149169922,67.98816100674956,67.17831904353814,67.60252197664889,3123300
1998-03-23,67.64114379882812,68.06534709517197,67.50617002271872,67.69898970287501,4453100
1998-03-24,68.21955871582031,68.3738143601749,67.83391960493381,67.91104742711111,3333600
1998-03-25,67.96892547607422,68.81733192173301,67.37118457117825,68.74020406303677,4597600
1998-03-26,67.93033599853516,68.3352571044021,67.64110663720163,67.79536229657951,3333500
1998-03-27,67.64114379882812,68.35457661540642,67.25550443851553,68.33529464739078,2611300
1998-03-30,67.60257720947266,67.93037065287284,67.2362198315548,67.64114114399032,3108700
1998-03-31,67.83394622802734,68.60522475250748,67.71825444935533,67.96891996981137,5926500
1998-04-01,68.38347625732422,68.5377319488676,67.50614701167125,68.065323893516,2929000
1998-04-02,69.1258544921875,69.26082826664923,68.33529381319734,68.45098561987884,3920900
1998-04-03,69.47289276123047,69.60786646351428,69.01012578197165,69.31863710147752,3787600
1998-04-06,68.91376495361328,69.95499139667291,68.91376495361328,69.87786351200182,4550500
1998-04-07,68.45096588134766,69.0679886723908,67.96891682584521,68.9522968990702,5583700
1998-04-08,68.06533813476562,68.66307906456102,67.71826275617475,68.62451513360647,4854800
1998-04-09,68.6052017211914,68.6630475911081,68.20028063177459,68.2195625884135,4481200
1998-04-13,68.41239929199219,68.7209106754961,67.87250437086034,68.7209106754961,4350200
1998-04-14,68.99085235595703,68.99085235595703,68.43167552020445,68.56664923917921,3279100
1998-04-15,69.18365478515625,69.18365478515625,68.58591417803812,69.08724500981462,3867200
1998-04-16,68.37385559082031,68.79805886859755,68.1810359191034,68.68236706556739,7177900
1998-04-17,69.28011322021484,69.3765230632711,68.14247707215121,68.31601478965244,5688800
1998-04-20,69.26080322265625,69.45362283073713,69.02941969295918,69.10654753619153,3688300
1998-04-21,69.58860778808594,69.81999135512862,69.04871279831968,69.37650618496347,4573200
1998-04-22,69.78143310546875,69.99353472585011,69.60789541606582,69.64645934704424,2386100
1998-04-23,69.10653686523438,69.72355951581682,68.95228120258876,69.49217602184841,5062000
1998-04-24,68.37385559082031,69.39579985092,68.08462608324494,68.95231460597108,11039700
1998-04-27,67.08195495605469,67.67969585965851,66.40708619392133,67.4868762133347,14510200
1998-04-28,66.98554229736328,67.75682085000996,66.71559480393695,67.73753888619379,6511400
1998-04-29,67.4482650756836,67.85318604955134,66.90837044385994,67.27472751545456,7703100
1998-04-30,68.70157623291016,69.05829224759127,68.12311783072455,68.21952756442215,8684500
1998-05-01,69.47289276123047,69.47289276123047,68.68233250499665,68.9522799095643,4008800
1998-05-04,69.29935455322266,69.91637718697422,69.20294476669898,69.55001999818423,4537200
1998-05-05,68.81731414794922,69.20295334182957,68.56664867192698,69.10654354335948,5146400
1998-05-06,68.00747680664062,69.18367643386067,67.98819484553866,69.18367643386067,5526100
1998-05-07,67.46758270263672,68.21957919460667,67.46758270263672,68.18101527194153,6940400
1998-05-08,68.566650390625,68.72090607204373,67.87249982424072,67.87249982424072,7951000
1998-05-11,68.33531188964844,69.24156461504728,68.10392821507853,68.83664318454993,6336300
1998-05-12,69.06798553466797,69.08726749601209,68.08460550611741,68.37383492627934,6045200
1998-05-13,69.24153900146484,69.45364062469406,68.85589968650262,69.14512917272428,4441500
1998-05-14,68.89449310302734,69.53079824503683,68.70167336302447,68.8173652070262,4187500
1998-05-15,68.5088119506836,69.24152651700106,68.373838214783,69.10655278110048,6716100
1998-05-18,68.23884582519531,68.85586844921515,67.76643787868011,68.31597365319779,4847200
1998-05-19,68.70157623291016,68.91367764704488,68.35450119159879,68.48947481877543,5918700
1998-05-20,69.35722351074219,69.41506940191044,68.4124072883273,69.16440387351466,5716600
1998-05-21,68.91376495361328,69.58863394448527,68.68238129960004,69.33796831930424,6301500
1998-05-22,68.64376831054688,69.14509920270255,68.45094873664085,68.95227962879653,4862200
1998-05-26,67.54471588134766,69.16440076117443,67.37117821565194,69.16440076117443,6899300
1998-05-27,67.64114379882812,67.81468151096878,66.37817489380438,66.96627491828109,10202600
1998-05-28,67.94963073730469,68.10388642569811,67.29404406163262,67.79537504891125,4907600
1998-05-29,67.27474212646484,68.37381357994965,67.27474212646484,68.25812184800388,4772600
1998-06-01,67.58324432373047,68.00744728382236,66.98550378905554,67.23616917456438,6092200
1998-06-02,67.64114379882812,68.08462906318759,67.35191427859368,67.87252741501567,6701100
1998-06-03,66.56134033203125,67.98820568097977,66.56134033203125,67.79538603922998,6445100
1998-06-04,67.79534149169922,67.91103320072943,66.67698830440726,66.79268001343746,6566300
1998-06-05,69.10653686523438,69.10653686523438,67.79536373274667,68.10387505803789,8463200
1998-06-08,69.02942657470703,69.39578386658397,68.89445283559446,69.06799050016775,4159900
1998-06-09,69.24153900146484,69.36687177882756,68.74020789201397,68.93302754949507,2725300
1998-06-10,68.79801940917969,69.76211721480159,68.64376376028018,68.87514723362943,6186900
1998-06-11,67.50614929199219,69.02942429743845,67.48686732989792,68.75947682811886,8056600
1998-06-12,68.14244842529297,68.14244842529297,66.79271118993063,67.7953731361998,9779000
1998-06-15,66.34923553466797,67.81466474147842,66.32995357142046,67.13979602781572,10234200
1998-06-16,67.37115478515625,67.39043674130541,66.484184802295,66.88910588142731,7471500
1998-06-17,68.77876281738281,68.97158244961545,67.83394661944287,67.96892036200572,12057700
1998-06-18,68.47022247314453,68.75945179927722,68.33524878761594,68.60519615867311,3844600
1998-06-19,68.12715911865234,68.85253347042675,67.8563526939899,68.74614523216651,3549100
1998-06-22,68.45601654052734,68.7461663704533,68.12718006661127,68.24323999858166,5438300
1998-06-23,69.26844024658203,69.36515686239686,68.70748387485601,68.76551384434491,5004600
1998-06-24,70.19691467285156,70.37100456870597,69.08467367155947,69.4231818023875,8291900
1998-06-25,70.08087158203125,70.83526131200618,69.82940833870626,70.50642476304274,5854800
1998-06-26,70.37098693847656,70.4677035230539,70.02280723399811,70.13886713549093,4833100
1998-06-29,70.6224594116211,70.9899824816898,70.43869787658674,70.7191760090076,5953400
1998-06-30,70.13890075683594,70.68051389009335,69.98415414733381,70.50642395440347,4284800
1998-07-01,70.9512710571289,71.14470418432937,70.33228505008744,70.60309142816807,3489500
1998-07-02,71.08668518066406,71.10602849635949,70.7191621824511,71.00931191788239,3503900
1998-07-06,71.80241394042969,71.80241394042969,70.91262109526274,71.04802435430987,3144400
1998-07-07,71.66699981689453,71.87977633456953,71.35750670027636,71.79273139552066,4920700
1998-07-08,72.18926239013672,72.38269556910278,71.64764948903172,71.72502276061815,6875000
1998-07-09,71.7056884765625,72.24730144590261,71.57028523422748,71.97649496123256,6942500
1998-07-10,72.09255981445312,72.38270963930336,71.22211033990244,71.82175331125958,7849700
1998-07-13,72.11187744140625,72.32465390381384,71.84107103470569,72.1505640709349,6555100
1998-07-14,72.92430877685547,73.13708527461287,72.38269587347298,72.38269587347298,6983600
1998-07-15,72.78892517089844,73.21447828111894,72.75023852451476,73.07907501877607,4977500
1998-07-16,73.2918472290039,73.4079071612747,72.46008438106324,72.84695082196588,6315600
1998-07-17,73.38855743408203,73.65936391907864,73.23381087122682,73.42724407479584,3539500
1998-07-20,73.38855743408203,73.8044388217554,73.00169102694402,73.50461735622343,2338400
1998-07-21,72.11187744140625,73.6593426225523,71.97647423805597,73.6593426225523,5518600
1998-07-22,72.11187744140625,72.41169882025329,71.51223468371215,72.01516086758463,10417300
1998-07-23,70.6805191040039,72.1699553303335,70.50642915547188,71.99586538180147,15110900
1998-07-24,70.6224594116211,71.24144563489469,69.86806995200641,71.16407235698549,11540500
1998-07-27,71.12538146972656,71.18341142469235,69.84872246047937,70.33230541852754,9600000
1998-07-28,69.92610168457031,70.97064096284606,69.2490854856879,70.83523772306957,13693000
1998-07-29,69.65531921386719,70.64182887226964,69.4812292741491,70.3903656260102,7462400
1998-07-30,70.6998519897461,70.93197188683966,70.19692554604339,70.33232881934796,6821600
1998-07-31,69.1910400390625,70.8739084996156,68.90089030448438,70.7771919214229,7680500
1998-08-03,68.90091705322266,69.58760502497712,68.72682714489054,69.19106690044285,10486500
1998-08-04,66.23152923583984,69.4618637517234,66.23152923583984,69.4618637517234,15091600
1998-08-05,67.14066314697266,67.39212630482649,65.36107772216094,66.81182670977918,21718400
1998-08-06,67.43083190917969,67.77901176413242,66.57972559707301,66.92790545202574,13084400
1998-08-07,67.546875,68.45601106099656,67.14066527061856,67.89505476804123,12083800
1998-08-10,67.1600112915039,67.87571417681083,66.9665780792588,67.3147578613,6273000
1998-08-11,66.1541519165039,66.50233166343288,65.30304586845531,66.09612195868242,14287100
1998-08-12,67.27600860595703,67.39206842528876,66.54096308352277,66.69570950929841,11158400
1998-08-13,66.46363067626953,67.87569267841378,66.46363067626953,67.35342317077139,9073900
1998-08-14,65.68994903564453,67.29544543433667,65.47717240449256,67.06332547307997,8628500
1998-08-17,67.08262634277344,67.43080606427571,65.30304109953953,65.61253418531935,11290000
1998-08-18,68.3205795288086,68.45598271587022,67.33407059450246,67.46947378156409,7603900
1998-08-19,68.14653015136719,68.7655165166365,67.8563802926472,68.7655165166365,6258600
1998-08-20,67.74031829833984,68.33996132154046,67.56622838837838,67.89506488497227,7402800
1998-08-21,67.1987075805664,67.29542420057297,65.30306182843759,66.96658769255063,16685400
1998-08-24,67.6242446899414,68.04979771716644,67.04394510736182,67.6242446899414,7201700
1998-08-25,67.77898406982422,68.86220984262962,67.24704284210728,68.32059695622692,9688300
1998-08-26,67.39213562011719,67.85637536032465,66.69577600980598,67.02461249245295,9339700
1998-08-27,64.2198257446289,66.57971090753394,64.04573585556214,66.23153112940041,24887800
1998-08-28,63.98771286010742,65.43846209363464,63.233323258673266,64.97422233890593,23735900
1998-08-31,59.42266845703125,64.3842291533947,58.80368232727051,64.219810962677,22563100
1998-09-01,61.93730545043945,62.24679854450786,57.95258186430875,59.46136069789222,24748500
1998-09-02,61.492408752441406,62.9818442585559,61.144229023739314,61.782558526359814,13843200
1998-09-03,61.00884246826172,61.511768880492156,59.88692970251689,60.42854276184198,17311300
1998-09-04,60.50587463378906,61.782533113913765,59.26790277427419,61.550413390254725,17783800
1998-09-08,63.75558853149414,63.75558853149414,61.782569711648144,62.44024265159681,14746500
1998-09-09,62.20811080932617,63.83294952449514,62.16942417325072,63.60082970804243,12109700
1998-09-10,60.97013473510742,61.492404290262215,59.92559562479784,60.931448101392256,19889300
1998-09-11,62.943180084228516,62.943180084228516,60.041681309602126,60.77672766584081,20379800
1998-09-14,64.02637481689453,64.65503257567069,63.194612243744544,63.67819513511082,10686800
1998-09-15,64.41329956054688,64.5680462261578,63.31072956806905,63.67825289889499,8337900
1998-09-16,64.99353790283203,65.1482844216483,63.85228232656207,64.83879138401576,11024900
1998-09-17,63.136566162109375,63.77489541558659,63.00116298712936,63.29131264780082,12945200
1998-09-18,63.41783905029297,63.61195548448425,62.79666646088085,63.59254384106512,7019200
1998-09-21,63.379005432128906,64.23311760334289,61.457253046897435,61.88430913250443,8834600
1998-09-22,63.903133392333984,64.38842450254307,63.45666557094162,64.29136628050126,7270100
1998-09-23,66.4654541015625,66.4654541015625,64.46605521941854,64.52429013831593,13688500
1998-09-24,64.83487701416016,66.34898492047887,64.1360579804746,66.03839868328528,11129500
1998-09-25,64.75724029541016,65.48517689945028,63.74783487114117,64.05842115553163,10247400
1998-09-28,65.33961486816406,66.03843427851875,64.75726535953514,65.41726146931458,8847800
1998-09-29,65.18428039550781,65.80545281142689,64.21369849563426,65.45604332747241,10618100
1998-09-30,63.20428466796875,64.79603876587214,62.97134504388532,64.29133624702472,7908400
1998-10-01,61.379608154296875,63.07812672276651,60.933140416299146,62.13666214481477,13335600
1998-10-02,62.56368637084961,62.66074452531882,60.389583710739416,61.418400148112994,14351800
1998-10-05,61.30192947387695,62.097806328984284,59.84605717794891,61.864866761635795,12807200
1998-10-06,61.24374008178711,62.913141554697944,60.58374415063631,62.58314358912255,12621000
1998-10-07,60.33137130737305,62.136653653443084,59.47725922966249,61.26312993760274,14348500
1998-10-08,60.00135803222656,60.098416197920876,57.283729392785695,58.73960187820044,20625000
1998-10-09,61.20490264892578,61.36019577331253,58.42903805051272,60.25373226205697,12708500
1998-10-12,62.09782409667969,63.01017099650586,61.92311937118105,62.50546845617649,9508500
1998-10-13,61.88432312011719,62.369614236178336,61.34079707012871,61.845499830832296,6256800
1998-10-14,62.46665954589844,63.24312517108052,61.39901931127308,61.457254233161734,8176900
1998-10-15,65.82488250732422,66.62075988355551,62.07843534604036,62.194905205976646,20541100
1998-10-16,65.84429931640625,66.31017879270158,65.22312668134582,65.9219458957888,16573900
1998-10-19,66.07722473144531,66.34898770037604,65.53369879358384,65.6501686374113,7915900
1998-10-20,66.4654541015625,67.58162338042928,65.90251655222099,66.81486361494687,14611600
1998-10-21,66.23251342773438,66.85368588661113,65.7666340835768,66.38780654245357,9178400
1998-10-22,67.22249603271484,67.37778912201941,65.94132804595215,66.32956076921357,8277500
1998-10-23,66.36840057373047,67.08663129067344,66.32957729173356,67.06721964967498,6237200
1998-10-26,66.85371398925781,67.377828471752,66.32959950676363,66.91194893175717,5838600
1998-10-27,66.4654541015625,67.68838739840783,66.01898639001578,67.35838952465592,10089700
1998-10-28,66.34896850585938,66.79543611136984,65.86367763030452,66.19367542568182,5650600
1998-10-29,67.96015930175781,67.97957094394626,66.2325231469859,66.52369777981262,9625600
1998-10-30,68.32896423339844,68.89190172282133,68.01837803233754,68.40661078366367,9872800
1998-11-02,69.4936752319336,69.4936752319336,68.44544661111672,68.83367943364148,6501400
1998-11-03,68.98896026611328,69.45483957010505,68.79484388945005,69.31895810644077,6866000
1998-11-04,69.72660064697266,70.25071485005402,69.00837007237968,69.86248210703079,8233600
1998-11-05,70.67780303955078,70.77486126948699,69.02781313063515,69.2801645284693,6841500
1998-11-06,70.89129638671875,71.16305929729215,70.386593838511,70.48365202085864,5224800
1998-11-09,70.38664245605469,70.96899195238167,69.88193955923796,70.77487545360601,6188700
1998-11-10,70.19248962402344,70.77483881891301,69.72661026811178,70.19248962402344,14015200
1998-11-11,69.72660064697266,70.81365232743771,69.5033668197343,70.69718250453073,10922400
1998-11-12,69.64898681640625,70.2701594970431,69.37722376862763,69.76545669402566,5457400
1998-11-13,70.32839965820312,70.32839965820312,69.64899198830605,69.70722693144009,5524600
1998-11-16,70.85248565673828,71.03689623584486,70.12454916026495,70.94954385626806,6023700
1998-11-17,70.85248565673828,71.82306765203607,70.1924898999358,70.60013433796085,9058900
1998-11-18,71.27953338623047,71.4348264872898,70.50306788093384,71.00777045937664,4567700
1998-11-19,71.90071105957031,71.99776925484511,71.20189205359176,71.60953647374592,5249300
1998-11-20,72.44425201416016,72.5218985865226,71.95896093689488,72.27925304788995,5562000
1998-11-23,74.15243530273438,74.30772836096,72.77420941098198,72.968325733764,7151300
1998-11-24,73.68655395507812,74.32713780136831,73.57978998069642,73.91949353554729,5323700
1998-11-25,73.68655395507812,74.03596332578186,73.4342027429032,73.88067027213576,4393500
1998-11-27,74.2301254272461,74.36600693299681,73.92924495022666,74.21071378356741,4557900
1998-11-30,72.13365936279297,74.152470066165,72.13365936279297,73.92923619031136,8705400
1998-12-01,73.0654296875,73.31778106527298,71.57073306530619,72.13367075418438,8950600
1998-12-02,72.85188293457031,73.24011572398982,72.05600571626032,72.81305965562835,7495500
1998-12-03,71.64839172363281,73.4924982567526,71.49309854189642,72.83250223437288,12145300
1998-12-04,73.53129577636719,73.608942340017,72.36659732162009,72.4442438852699,10339500
1998-12-07,73.88069152832031,74.21068936226185,73.29834240959998,73.33716568418133,4290000
1998-12-08,73.55068969726562,74.38539005540297,72.9877522464288,73.62833624220863,10102600
1998-12-09,73.68655395507812,73.90008190384152,73.2206747941398,73.72537721848965,5327900
1998-12-10,72.60924530029297,73.82247289854676,72.50248127164664,73.82247289854676,5966600
1998-12-11,72.75482940673828,72.8907108917562,71.78424737089598,72.32777331096767,8198200
1998-12-14,70.6583480834961,72.30833698105026,70.6583480834961,72.15304390833927,9521400
1998-12-15,72.48303985595703,72.52186312315358,71.1436371376761,71.24069530566747,9631500
1998-12-16,72.3860092163086,72.75483039493822,71.90071819179593,72.75483039493822,7260000
1998-12-17,73.54100036621094,73.66717603003049,72.69659400064933,72.81306384417508,6914700
1998-12-18,73.85350799560547,74.24303071710128,73.46398527410966,73.73665117915672,4802400
1998-12-21,74.88569641113281,75.62578911948731,74.16507982668237,74.3208888179149,8580700
1998-12-22,75.21680450439453,75.54789867233205,74.28195038315918,75.0415193566629,5461100
1998-12-23,76.79439544677734,76.79439544677734,75.29473314665007,75.5284467518647,7791000
1998-12-24,76.46329498291016,76.81386536235294,76.34643818976255,76.75543696577914,1507100
1998-12-28,76.2685317993164,76.85281575079227,76.03481821872606,76.81386348736055,4203600
1998-12-29,77.47603607177734,77.58315477423957,76.11270713134888,76.4827535580366,3935800
1998-12-30,76.85281372070312,77.74871575596728,76.67752853989057,77.24233634473103,6810700
1998-12-31,76.85281372070312,77.24233634473103,76.32695817826547,76.85281372070312,6790500
1999-01-04,76.6775131225586,78.04084203253551,75.85951577657245,76.89175052269783,9450400
1999-01-05,77.55394744873047,77.82661326095604,76.61909323538565,76.61909323538565,8031000
1999-01-06,79.42363739013672,79.61839863925427,78.37192664490195,78.41087889472546,7737700
1999-01-07,79.03413391113281,79.28732359591466,78.3914216343789,78.76146809675237,5504900
1999-01-08,79.61841583251953,80.0858429313406,78.50827647281953,79.89108164016515,6224400
1999-01-11,78.8588638305664,79.57948076356986,78.04086623094088,79.57948076356986,7578300
1999-01-12,77.4371109008789,78.664107376421,77.12549274836029,78.664107376421,7768800
1999-01-13,76.89176177978516,77.98242506744168,75.02205328665968,75.04152941679641,10810600
1999-01-14,75.54791259765625,77.22285987360326,75.35315128649962,77.0475746935623,11400700
1999-01-15,77.51499938964844,77.76818908614729,76.07376573265498,76.2685270376541,7817700
1999-01-19,78.02132415771484,78.2939897938127,76.96961384705169,78.08949056673931,6535100
1999-01-20,78.6446304321289,79.73529395471415,77.92401346184937,78.58620202913328,6534400
1999-01-21,76.5606689453125,78.43037747208685,76.40485990141462,78.26483036294537,6937500
1999-01-22,76.38538360595703,77.18390495420901,75.89848034482779,76.11271777972466,7522300
1999-01-25,77.16442108154297,77.28127785248927,75.97637724358887,76.83332689719511,5700300
1999-01-26,78.56668853759766,78.56668853759766,77.04755078203677,77.35916878317747,6047000
1999-01-27,77.65133666992188,78.91728522360759,77.37867082758957,78.76147617084627,7399400
1999-01-28,78.95621490478516,79.1315000390089,78.02136085559184,78.06031310764156,5961700
1999-01-29,79.55996704101562,79.9592275855299,78.15768610418499,79.36520579978915,6456800
1999-02-01,79.09255981445312,80.20269916668751,79.09255981445312,80.20269916668751,9426800
1999-02-02,78.60565185546875,79.28731632894284,77.75844029557953,79.19967375378188,9194500
1999-02-03,79.40418243408203,79.73527664585035,78.31351914825701,78.33299527836104,10290700
1999-02-04,78.21610260009766,79.46257435468088,77.76815181329431,79.38466987001944,7761100
1999-02-05,77.32024383544922,78.31352656482149,76.79438827284038,78.31352656482149,7516100
1999-02-08,77.47603607177734,77.96293926478751,76.87227611244474,77.96293926478751,8528400
1999-02-09,75.74269104003906,77.59292391450646,75.73295297227871,77.51501937242362,8985700
1999-02-10,76.22956085205078,76.65803564478077,75.61606285336923,76.11270409039716,6936700
1999-02-11,77.982421875,78.58618188452172,76.3464270104895,76.69699733859889,9181800
1999-02-12,77.04754638671875,78.21611382433329,76.42431041999099,77.78763909720796,10676600
1999-02-16,76.58014678955078,78.29404631078182,76.58014678955078,77.74871464493557,6915500
1999-02-17,76.50226593017578,78.12852336530045,76.19064773901417,76.77493184744219,7858100
1999-02-18,77.10599517822266,77.51499388970097,76.17114098055792,76.7749009832164,9048900
1999-02-19,77.4371109008789,78.37196535843479,76.89177913397131,77.28130182461959,5312200
1999-02-22,79.5015869140625,79.59896759377105,77.45659264018289,77.55397331989144,10695800
1999-02-23,79.46256256103516,80.08579834582758,78.89775513106702,79.52099091585944,7770700
1999-02-24,78.06035614013672,80.3001118677105,77.90454704604463,79.67687549134214,7271000
1999-02-25,77.32024383544922,78.07981298143979,76.46329402971628,77.61238581467636,11633000
1999-02-26,77.0086441040039,77.80716570447537,76.54121682567914,77.74873729468477,9621300
1999-03-01,77.22283172607422,77.47602133829086,76.26850164925767,77.0670227339409,7607200
1999-03-02,76.54119873046875,78.09928928986761,76.22958061858898,77.59290985806298,9651500
1999-03-03,76.95020294189453,77.00863134200227,75.89849173995519,76.71648934146357,7881400
1999-03-04,77.92398071289062,78.20638454201757,76.82357958560287,77.32022080234337,8256400
1999-03-05,79.49180603027344,79.85211435112608,78.87830807855137,79.46259184209619,10703100
1999-03-08,80.00794219970703,80.27086995523187,79.30680151830745,79.9495138095904,4802200
1999-03-09,79.81318664550781,80.98175453197204,79.6184253310971,79.85213890838995,7893400
1999-03-10,80.51429748535156,80.55324973377215,79.63787189588837,80.06634662851482,3950000
1999-03-11,81.41022491455078,81.76079526107277,80.31956161426015,80.82594100368081,6583700
1999-03-12,80.63115692138672,81.66339153897934,80.53377629708552,81.6439154141191,5286500
1999-03-15,81.78026580810547,81.79974193713812,80.70907871130962,80.98174451776674,5394400
1999-03-16,81.46866607666016,82.05295007912245,81.31285700933687,81.72185581106048,4547500
1999-03-17,81.1180648803711,81.60496803091354,80.78697073800222,81.44915902273995,4524100
1999-03-18,82.4229736328125,82.50087814475278,80.86488339400697,80.88435952199204,3506300
1999-03-19,81.02195739746094,82.8571535409215,81.02195739746094,82.66191990863845,5526700
1999-03-22,81.17816925048828,81.58816000427863,80.85603365822445,81.25626272740072,4603800
1999-03-23,78.83538818359375,80.9243893068341,78.53277587134865,80.78772568194921,9713800
1999-03-24,79.28440856933594,79.45035722061378,78.48395036905453,79.24536182785879,6280900
1999-03-25,80.90485382080078,80.90485382080078,79.81154498538456,80.00677870599459,6639600
1999-03-26,80.31912231445312,80.67054287878472,79.79199146795574,80.3581690438233,6159700
1999-03-29,81.9395751953125,82.11528550666772,80.69007964789769,80.69007964789769,5863900
1999-03-30,81.51004791259766,81.97860866706527,80.94387033428261,81.17815071151641,5401400
1999-03-31,80.20198822021484,82.22265661865502,80.16294148787783,81.93956780921171,7413600
1999-04-01,80.80722045898438,81.02197750780023,80.04580910409179,81.02197750780023,7683600
1999-04-05,82.72048950195312,82.83762968062004,81.3733774472836,81.80289143572895,5791100
1999-04-06,82.52530670166016,83.08172289304821,81.93960544756746,82.58387682706942,5381300
1999-04-07,83.18904876708984,83.32571230648661,82.07621708914473,82.89619832552535,6248600
1999-04-08,84.24332427978516,84.30189437777805,82.64240826797928,83.20858588191062,5909100
1999-04-09,84.2628402709961,84.65330755677458,83.46238233515021,83.98951317095116,4365800
1999-04-12,85.16093444824219,85.21950455446519,83.22812094288318,83.38430789281118,8213200
1999-04-13,84.61429595947266,85.25856724850418,84.02859478762582,85.12190364173992,10071400
1999-04-14,83.18904876708984,85.00472150478976,82.89619832552535,85.00472150478976,11551700
1999-04-15,82.87667846679688,83.44285601109301,81.84194019618668,83.36476255670733,11150000
1999-04-16,82.17383575439453,83.03286373567117,81.95907875907537,83.03286373567117,6476200
1999-04-19,80.90485382080078,84.04811672262244,80.20201242660464,82.8962377710232,12487200
1999-04-20,81.92008972167969,81.95913647559851,80.59250008843989,81.10010788938452,9049600
1999-04-21,84.2628402709961,84.73140101393027,81.47099917767996,81.88098982774736,5772200
1999-04-22,85.06329345703125,85.19995699942262,83.96022343630088,84.41902247147192,6897400
1999-04-23,84.8485336303711,85.43423450678875,84.34092620414246,84.8875803554656,4593100
1999-04-26,85.33663940429688,85.47330297689584,84.63379817378791,85.27806930175446,3606500
1999-04-27,85.74662780761719,85.90281474351448,84.86807629319487,85.66853433966854,5147200
1999-04-28,84.57521057128906,85.74661237975567,84.34093020959574,85.23900492942015,5544300
1999-04-29,83.93095397949219,85.00473915485205,83.59905674347186,84.69236528565645,9824300
1999-04-30,83.2476577758789,84.73143404017694,82.15434894955405,84.39953671789975,10991900
1999-05-03,84.77046203613281,84.86807887403715,83.1500225269207,83.36477957031025,10709700
1999-05-04,83.55998992919922,84.8485318299766,83.16952268653941,84.4190178630508,10509300
1999-05-05,84.22382354736328,84.38001051731666,82.36910327916682,83.67716915252643,10032300
1999-05-06,83.70642852783203,84.41903135961415,82.70097521723532,83.98951732401945,13507200
1999-05-07,84.34095001220703,84.41904348444055,83.36478160928797,84.02857612327293,8680700
1999-05-10,83.92122650146484,84.7900166792746,83.42338044451769,84.24336218537184,5580100
1999-05-11,84.77046203613281,85.51235000420583,84.16523764112588,84.53618162516238,7000600
1999-05-12,85.43425750732422,85.727108024374,82.15433171636663,84.80950973761801,13865800
1999-05-13,85.80522155761719,86.21521237734642,85.4733242273602,85.746651440513,4485700
1999-05-14,83.57954406738281,84.88760981195526,83.40383374348501,84.06762830043223,8370100
1999-05-17,83.8333511352539,84.01882315103987,82.70099567045541,83.48193047376472,6268100
1999-05-18,83.67720031738281,84.33123349765168,82.8572184197323,84.04814450917709,8218600
1999-05-19,84.28233337402344,84.34090344586083,83.24759543822931,84.00900637211555,5052400
1999-05-20,83.77474212646484,84.711863455309,83.75521876544725,84.4190130400452,4670400
1999-05-21,83.30620574951172,84.14571051802098,82.8376449484833,83.79428991724966,6418200
1999-05-24,81.92008972167969,83.61862351714827,81.46129036313359,83.61862351714827,7952000
1999-05-25,80.59246826171875,82.68146877140961,80.2410476152287,82.07624432467675,15406400
1999-05-26,81.49054718017578,81.84196784362646,80.02629441579792,80.7877058532744,12575900
1999-05-27,80.31912231445312,81.39290737213298,79.96770175012153,81.11958026654175,14515400
1999-05-28,81.34410095214844,81.68575984250307,80.33864764624764,80.59245139336824,8748000
1999-06-01,81.06101989746094,81.31482366881617,80.20199174825855,81.29530030178886,6705300
1999-06-02,81.13911437988281,81.33434805259668,79.9774740272353,81.06102091079727,6981900
1999-06-03,81.58812713623047,81.76383738849802,81.08051974079089,81.64669722031965,6076600
1999-06-04,83.2281494140625,83.31600460345102,81.80294300842642,82.13484039056085,9787200
1999-06-07,83.44286346435547,83.83333077116107,83.0328727922096,83.36477000299435,5299100
1999-06-08,82.62287902832031,83.58928557650127,82.21288837151626,83.3257201542701,4895700
1999-06-09,82.5447769165039,83.15000115595794,82.34954329087358,82.72048717957121,7409700
1999-06-10,81.78338623046875,82.1348068444932,80.96340479774501,82.1152834770474,7040700
1999-06-11,81.1000747680664,82.60337417999253,80.65103728138718,81.97862637243881,12824800
1999-06-14,81.17816925048828,81.68577685041919,80.93412713513689,81.64673011196297,6823500
1999-06-15,81.72482299804688,82.25195396339501,81.26602382450314,81.51006593809024,5700900
1999-06-16,83.28665924072266,83.63807974384807,82.70095840218029,82.70095840218029,7865800
1999-06-17,84.06764221191406,84.69239013360037,82.85719311364683,83.01338009406841,8162800
1999-06-18,84.16474914550781,84.39973681180518,83.5772799797644,84.00809070130957,2875100
1999-06-21,84.36056518554688,84.7522112634742,83.7535137647595,84.26265366606503,4646400
1999-06-22,83.77310943603516,84.71306017304536,83.65561559390888,83.96893250624561,5862400
1999-06-23,83.36186218261719,83.73392593208153,82.79397540711898,83.3422798800138,9629200
1999-06-24,82.7352294921875,83.30311627450074,81.87360816729844,83.26395166882396,9176900
1999-06-25,82.52961730957031,83.35207404868574,82.24567391154237,83.08771295397005,4087000
1999-06-28,83.53811645507812,83.73393951287248,83.02897650481276,83.14647033948938,5028900
1999-06-29,84.32142639160156,84.713072589426,83.20523472780192,83.34231089704046,6956200
1999-06-30,85.84881591796875,86.1621327643847,83.8710033249681,84.360560897493,16856100
1999-07-01,86.49505615234375,86.7887907781724,85.26137072386341,85.84883997552072,9939500
1999-07-02,87.35668182373047,87.41542875165497,86.41673097693848,86.55380714209565,3772800
1999-07-06,87.33708190917969,88.19870334505501,86.84752427515963,87.25875268773648,11221100
1999-07-07,87.45458221435547,87.55249374840648,86.79857493621375,87.14126530539227,3230700
1999-07-08,87.52315521240234,88.12041580843731,86.94547693099148,87.14130007723246,7101500
1999-07-09,88.0420150756836,88.10076197186399,87.45454611387966,87.72869829605483,2976800
1999-07-12,87.6504135131836,88.31621200725156,87.4154258093949,88.31621200725156,4436300
1999-07-13,87.33708190917969,87.67977225299374,86.88668888588123,87.33708190917969,6477600
1999-07-14,87.82665252685547,87.86581714336688,86.94544865534856,87.72874098557692,4382500
1999-07-15,88.38471984863281,88.59033401910155,87.92453575282182,88.21827028206287,3348600
1999-07-16,88.86449432373047,89.07989966475317,88.19869599693301,88.51201285660241,2281500
1999-07-19,88.27706146240234,89.13868318031399,88.08123834469515,89.09951855677255,4287000
1999-07-20,86.46566772460938,87.98329636205864,86.18172430211887,87.80705561706452,7060100
1999-07-21,86.36776733398438,87.04335694355755,86.04465925984069,86.5342169479372,4793700
1999-07-22,85.23199462890625,86.47547117317635,84.88930424269009,86.12298963306829,7804100
1999-07-23,85.0655746459961,85.84886723021337,84.67392835388746,85.63346176955362,4603000
1999-07-26,84.43889617919922,85.30051756878288,84.36056696196434,84.5172253964341,4333400
1999-07-27,85.14385223388672,85.97610009955834,84.83053539033976,85.22218144477347,5908500
1999-07-28,85.41801452636719,86.04464828722087,84.9676215107536,85.37884991631383,3955500
1999-07-29,84.22347259521484,84.75219469706808,83.53809209281249,84.55637169638169,7760600
1999-07-30,83.18558502197266,84.81091542612137,83.06809125781733,84.47801642768127,5994300
1999-08-02,83.38140869140625,84.43885257805161,83.02892739585779,83.18558574943489,6065500
1999-08-03,82.98980712890625,83.87101083839204,82.3240087706281,83.79268161977109,5445400
1999-08-04,81.85404205322266,83.89060195119757,81.73654821295487,83.16605660287958,6497900
1999-08-05,82.59815979003906,82.67648900747864,80.73784087584899,82.0106906592422,10322000
1999-08-06,81.69738006591797,82.71565997086229,81.14907550171718,82.22610232425444,7537700
1999-08-09,81.52113342285156,82.58836901534384,81.30572807390816,81.83445029404196,5565900
1999-08-10,80.62034606933594,81.560296667181,79.58248395088202,81.38405593008505,9793300
1999-08-11,81.59944152832031,81.79526452214878,80.60074425979516,81.26654243881194,8003400
1999-08-12,81.55052947998047,82.59818305836417,81.40366215590798,81.89321990281626,7036800
1999-08-13,83.44021606445312,83.49896298963345,82.16736601887945,82.48068295317451,5857700
1999-08-16,83.81229400634766,83.94937018813374,82.87234304552881,83.42064777267314,3927000
1999-08-17,84.36056518554688,84.49764131282143,83.42061459852128,84.24307136216868,4808000
1999-08-18,83.75349426269531,84.20388714743741,83.49892437131933,84.09618450108604,4355500
1999-08-19,83.0681381225586,83.48915768164277,82.5198335804955,82.95064429211651,6448100
1999-08-20,83.91019439697266,84.04727056051496,83.1464843429512,83.38147205188088,3663700
1999-08-23,85.51593017578125,85.56488594070899,84.38015642945761,84.4780679593131,5637800
1999-08-24,85.82926177978516,86.45589567824584,84.83056400411347,85.26137480930518,9279500
1999-08-25,86.71043395996094,86.96500388802767,85.3200905066734,85.96630647791972,6005300
1999-08-26,85.67256927490234,86.73980470929828,85.5354931640625,86.65168435232981,4322300
1999-08-27,84.63471221923828,85.88797959129549,84.63471221923828,85.77048577516513,6247400
1999-08-30,83.0681381225586,84.90887479948469,82.71565663123232,84.81096327411629,4652000
1999-08-31,82.75480651855469,83.81225080440464,82.01067905814175,83.30311096306947,11453700
1999-09-01,83.77310943603516,83.80248289656672,82.91148792710912,83.30313406753005,6863900
1999-09-02,82.7842025756836,83.13668410054754,81.87362530311842,82.79399372915205,10896300
1999-09-03,85.20259857177734,85.53549771581784,84.39972416556202,84.51721798110572,9160800
1999-09-07,84.88928985595703,85.61383512116359,84.7326314202367,85.26135364079283,4560800
1999-09-08,84.47803497314453,85.26132690613613,83.98847751502478,84.49761727146932,6159600
1999-09-09,84.43889617919922,84.75221304813873,83.77309783270275,84.43889617919922,6177800
1999-09-10,85.14385223388672,85.44737792607285,84.55638315223617,85.37883986654694,2934500
1999-09-13,84.5661849975586,84.88929303332557,84.2822415721876,84.67388767614759,2320500
1999-09-14,84.00811004638672,84.3214270069327,83.57729922563603,84.00811004638672,3736000
1999-09-15,82.67650604248047,84.86972458268839,82.63734142569105,84.86972458268839,6984500
1999-09-16,82.99958801269531,83.22478448836974,81.65820030976512,83.02896146604415,15377600
1999-09-17,84.04835510253906,84.16617989941177,83.04684432912096,83.34140632130276,8542300
1999-09-20,83.93050384521484,84.2054282845768,83.63594194589845,84.16615336466795,2803900
1999-09-21,82.16315460205078,83.24321519074887,81.79004276231872,83.10575293400548,9335200
1999-09-22,82.07473754882812,82.85041696817942,81.5347075733304,82.47730534874462,13009100
1999-09-23,80.35647583007812,82.83079546707467,80.19937617058628,82.83079546707467,12204100
1999-09-24,80.27789306640625,80.67064205401097,79.37457039491537,80.27789306640625,13792900
1999-09-27,80.80815124511719,81.5347372951948,80.61177663698811,80.90633854918174,6970300
1999-09-28,80.65106964111328,80.94563161934964,78.90333523691092,80.39578259330844,11063400
1999-09-29,79.68878173828125,81.14195321404094,79.64950683353099,80.70992926178806,7580300
1999-09-30,80.90633392333984,81.33835803652273,79.78699872100238,80.08156061635435,7498900
1999-10-01,80.7295913696289,80.7885037447466,79.57098132564737,80.39575457729524,11127100
1999-10-04,82.16315460205078,82.24170446304701,80.90635682611119,81.18128133959799,6341600
1999-10-05,82.08458709716797,82.92899792137328,80.86706451343007,82.14349948025206,11976000
1999-10-06,83.34136199951172,83.45918673372402,82.12383974598444,82.16311465738855,10308200
1999-10-07,82.87004089355469,83.57698910970824,82.63439148817018,83.48862058268905,6535600
1999-10-08,84.12687683105469,84.12687683105469,82.46751149673534,82.79152957976811,9674300
1999-10-11,83.98938751220703,84.28394931082362,83.77337552655487,83.95011260572483,4282000
1999-10-12,82.69328308105469,83.77334258460681,82.437996289306,83.65551791149204,8686100
1999-10-13,80.55281829833984,82.516563259294,80.55281829833984,82.12381426710317,10469300
1999-10-14,80.53324127197266,81.18127759530235,79.64955537652307,80.73943464757755,10562200
1999-10-15,78.47127532958984,79.649522706911,78.2356258541256,79.17822375598254,14238700
1999-10-18,79.04077911376953,79.13896641701645,77.56796956506575,78.51056767623616,9758800
1999-10-19,79.80662536621094,80.59212364737444,79.13895182722197,79.92445010838546,14392900
1999-10-20,80.59213256835938,81.35799347726922,79.88518403705797,80.2779332211143,9759400
1999-10-21,81.06343078613281,81.06343078613281,79.57098390150439,79.94409562266151,9105400
1999-10-22,81.7507095336914,82.45765777851796,81.41687286252332,81.5346975699944,8309600
1999-10-25,81.33831787109375,81.98635372086345,80.90629397124728,81.25976807112166,8114300
1999-10-26,80.31722259521484,82.12386916703875,80.31722259521484,81.80966976324329,6256300
1999-10-27,81.77035522460938,81.8881799439532,80.59210803117121,80.67065784406708,5433300
1999-10-28,84.55885314941406,84.74540890996201,83.06640706503053,83.22350665286038,10509700
1999-10-29,86.0905990600586,86.5226230516921,85.28546343928706,85.3640132559477,10988600
1999-11-01,85.18727111816406,86.09059395620822,85.18727111816406,85.77639470819287,4006500
1999-11-02,84.57852935791016,86.24771324354339,84.57852935791016,85.44257748694383,6516900
1999-11-03,85.14800262451172,85.69785134994675,84.91235317075385,85.46220189618887,7222300
1999-11-04,85.7960433959961,86.31643596866579,85.31492573447127,85.93350558500318,7907500
1999-11-05,86.64049530029297,87.41617516528879,85.95318402751187,87.11179445877144,7431500
1999-11-08,86.7190170288086,86.95466653160426,85.93351868615635,86.0906183546868,4649200
1999-11-09,85.9040756225586,87.15105443202995,85.63896989141114,87.03322966263109,4533700
1999-11-10,86.54228210449219,86.96448747441426,85.51131550351968,85.61932152838347,6405600
1999-11-11,87.03321075439453,87.03321075439453,86.38517466348861,86.83683618139274,4794100
1999-11-12,87.81868743896484,87.96596833247831,86.169141431614,87.50448819946945,11802900
1999-11-15,88.02490997314453,88.13291599765147,87.60270460461746,87.87762903063509,2187500
1999-11-16,88.76131439208984,89.86101209252281,88.03472841144664,88.32929029549118,7544800
1999-11-17,88.99694061279297,89.82171367231135,88.8005660748124,89.3896896887541,9459000
1999-11-18,89.62535858154297,89.86100807825167,88.9969599236531,89.50753383318862,4491000
1999-11-19,89.54678344726562,89.84134523492109,89.23258420709978,89.48787108973453,4832100
1999-11-22,89.52717590332031,89.8610127075222,88.91841467212862,89.5075384442496,4155400
1999-11-23,88.74165344238281,89.76280103676297,88.21144219145465,89.76280103676297,5918000
1999-11-24,89.21292877197266,89.50749050025344,87.97576951319338,88.44706827844263,4459700
1999-11-26,88.87911987304688,89.78244278823914,88.76129514497832,89.52715587742394,1693900
1999-11-29,88.56491088867188,89.18349064321582,88.2507116482686,88.52563598362147,7348600
1999-11-30,87.52415466308594,89.42898818391146,87.3474175322877,88.44711523503231,7682000
1999-12-01,88.23108673095703,88.28999909690248,87.3474012417754,87.54377579492687,6980200
1999-12-02,88.76131439208984,88.83986422783505,88.21146554187335,88.36856521336378,6698300
1999-12-03,90.39124298095703,91.33384121321554,89.88066893848367,89.88066893848367,10045400
1999-12-06,89.72351837158203,90.31264193278743,89.38968168689897,90.19481722054635,3138900
1999-12-07,88.99694061279297,90.05736311788803,88.8398409824085,90.03772566408996,10714200
1999-12-08,88.42745208740234,89.27186257813258,88.28998991449276,88.82020115285827,4611400
1999-12-09,88.85945892333984,89.37003260997119,87.58302470676149,89.11474576665552,6474700
1999-12-10,89.15404510498047,89.74316875104863,88.52564654917444,89.40933201827667,5127300
1999-12-13,89.31119537353516,89.68430722755828,88.7809837915023,88.87917112150838,4210800
1999-12-14,88.44708251953125,89.53696108965424,88.36853271267553,88.99693116752123,5739000
1999-12-15,88.91841888427734,89.36026173429859,87.99545826423294,88.21147032424334,6879100
1999-12-16,89.31119537353516,89.64503229555585,88.70243392749742,89.3504703055376,5854900
1999-12-17,89.88473510742188,90.27844835800191,89.49102185684184,90.08159173271189,4775400
1999-12-20,89.23509216308594,90.19968945317886,88.88075030141916,89.80597627354909,4608700
1999-12-21,90.59336853027344,90.75085374284237,89.03820205615531,89.19568726872424,7981300
1999-12-22,90.82966613769531,90.82966613769531,90.06192513653144,90.47532413715814,5377500
1999-12-23,92.27652740478516,92.27652740478516,91.34145859374999,91.35130142333983,5721700
1999-12-27,92.14859008789062,92.4635607013079,91.38084921768602,92.28638973126068,2691000
1999-12-28,92.08952331542969,92.2863799279039,91.64659593736275,91.8926667029555,4084500
1999-12-29,92.48323059082031,92.48323059082031,91.53831891173148,92.16826003112403,3001000
1999-12-30,92.37496185302734,92.95568883750563,92.08951977591092,92.68008959063458,3641300
1999-12-31,92.52259063720703,92.91630378885473,92.12887748555934,92.50290497962466,3172700
2000-01-03,91.6170883178711,93.3887982337732,90.63280503125881,93.3887982337732,8164300
2000-01-04,88.0342788696289,90.75090017642871,87.96537905387673,90.4162439284896,8089800
2000-01-05,88.19180297851562,89.15640082359315,86.45946399143764,88.15243163790022,12177900
2000-01-06,86.77434539794922,89.13662340333804,86.77434539794922,87.95548440064363,6227200
2000-01-07,91.81394958496094,91.81394958496095,88.23115824180853,88.38864357557347,8066500
2000-01-10,92.12886047363281,92.54225920652732,91.36111996968587,92.12886047363281,5741700
2000-01-11,91.02648162841797,92.03045017579022,90.39654057908635,91.85327925566571,7503700
2000-01-12,90.12094116210938,91.08553839167324,90.00282721563217,91.08553839167324,6907700
2000-01-13,91.34143829345703,91.81389400876802,90.25872727920269,91.00678216177842,5158300
2000-01-14,92.5816650390625,92.89663561967595,91.95172387783563,92.30606578102575,7437300
2000-01-18,91.85331726074219,92.36514457509693,91.45960394200775,91.55803227169136,6488500
2000-01-19,92.60131072998047,92.60131072998047,91.34142895134127,91.53828547925364,6157900
2000-01-20,91.18401336669922,92.58169578229413,90.5934433319408,92.58169578229413,5800100
2000-01-21,90.98711395263672,91.65642634432639,90.75088604968742,91.65642634432639,6244800
2000-01-24,88.40829467773438,91.87297066599561,87.81772490700803,91.75485671185035,7896900
2000-01-25,89.4122543334961,89.4122543334961,87.56180257053956,88.51655693759692,9942500
2000-01-26,88.70359802246094,89.16621110580044,88.25082777068185,88.82171200118592,5158100
2000-01-27,88.34922790527344,89.58942428629666,87.01060324004202,89.35319640419699,10922700
2000-01-28,85.59324645996094,88.23112480072331,85.37670420810731,87.83741161553489,11916200
2000-01-31,87.91615295410156,87.98505276049193,85.04204674467503,85.55387387786058,10768700
2000-02-01,88.78231811523438,89.25477391008262,87.26652244009622,88.03426310672464,8419900
2000-02-02,88.86105346679688,89.60910841401403,88.42796902367114,88.99885306233688,6205900
2000-02-03,90.19966125488281,90.2390325605375,88.1917246664939,88.74292294565949,7997500
2000-02-04,89.82567596435547,90.71153075690334,89.53039103350616,90.19970354343124,4925400
2000-02-07,89.68789672851562,89.94381039345652,89.09732673249817,89.80601072771911,5845800
2000-02-08,90.90838623046875,91.0658715249347,90.4753016706874,90.69184395057808,4936400
2000-02-09,88.99887084960938,91.00680821449771,88.98902801938932,91.00680821449771,8511500
2000-02-10,89.1760482788086,89.80598945870305,88.74296371763116,89.215419602552,6690600
2000-02-11,87.36498260498047,89.41229179626438,86.95158363366353,89.35323480036196,9849800
2000-02-14,87.87676239013672,88.05393328205233,87.12870751315975,88.05393328205233,8528800
2000-02-15,88.87091827392578,88.95950375010979,86.80392382963247,87.71930708353379,11078300
2000-02-16,87.56179809570312,88.78230877059828,87.4338413313996,88.42796696175775,8845400
2000-02-17,87.10906982421875,88.46738074351164,87.06969849322475,88.46738074351164,7584200
2000-02-18,85.23887634277344,87.48304075456932,84.8057919826023,87.48304075456932,9409200
2000-02-22,85.02234649658203,85.88851534257638,84.11680633940611,85.1601460857175,16415400
2000-02-23,86.02632904052734,86.59721314628828,84.72707555845072,85.43575927594706,12119000
2000-02-24,84.2939682006836,86.32159050910732,83.84119817064723,86.10504832082906,17375000
2000-02-25,83.98886108398438,86.12475500818742,83.86090430511507,85.16015775209573,10559900
2000-02-28,85.75072479248047,86.10506663046593,83.60498810690187,84.0183869178849,13397800
2000-02-29,86.57756805419922,86.57756805419922,85.51454197986389,85.71139866029637,8242500
2000-03-01,87.20751190185547,87.56185393667113,86.43977082642152,86.69568451823284,6868000
2000-03-02,87.26652526855469,87.64055278493242,86.5184702357992,87.3649535623383,7600200
2000-03-03,88.90044403076172,89.27447158536413,88.01458929617706,88.46735949385366,12770300
2000-03-06,88.0342788696289,89.03824761344623,87.40433769703763,88.70359136550712,11967100
2000-03-07,86.33141326904297,88.29013533500347,85.17980280815162,88.19170709048285,20062000
2000-03-08,86.2231674194336,86.8334227139547,85.0617137943773,85.96725390882797,11808500
2000-03-09,88.74298095703125,88.74298095703125,85.75075977125735,86.45944373630907,5500900
2000-03-10,88.2705078125,89.45164752453167,87.89648023702331,88.30987913623439,7924600
2000-03-13,87.30590057373047,88.48704015308195,85.47513422573567,86.10507533472313,10540500
2000-03-14,86.06574249267578,88.25085169136905,85.77045746582533,87.73902431149496,8263900
2000-03-15,88.07366180419922,88.46737508897436,85.71138209554836,86.22320936575605,10300800
2000-03-16,92.18791961669922,92.50289008730934,88.74293009440105,89.21538580031623,25601400
2000-03-17,92.79721069335938,93.4682241267014,91.84989761099415,92.08672588158545,10272900
2000-03-20,92.32357025146484,93.0537908797898,91.43546408188041,92.75775548992833,12502300
2000-03-21,94.21817779541016,94.57342019179,91.25782449224478,91.90910221894117,13612600
2000-03-22,94.7905502319336,95.26420694764595,93.90244388997294,94.45504339163735,8260000
2000-03-23,96.40885925292969,96.92198726533013,94.19846166105084,94.19846166105084,11654500
2000-03-24,96.98116302490234,98.36266107369012,95.81675752663834,96.54697792385474,11462900
2000-03-27,95.95492553710938,97.11933125629683,95.8759827764865,96.86276728427248,8798600
2000-03-28,95.40229797363281,96.61604255894072,95.10626270892357,95.52071207951651,6334400
2000-03-29,95.50104522705078,96.30034101785375,94.51426030013354,95.71813791097257,6747500
2000-03-30,93.90240478515625,95.94504852102503,92.91562037169307,94.82998213381164,9491900
2000-03-31,94.96817779541016,96.19179105877579,93.74456453204452,94.49452104830088,9249100
2000-04-03,95.52073669433594,95.52073669433592,93.90241016356413,94.81025187594831,8508200
2000-04-04,94.81028747558594,96.62597158211256,89.29416021717081,95.83654370970969,19585500
2000-04-05,94.21817779541016,95.24443360717416,93.2313933610217,93.38927887052385,8387200
2000-04-06,95.03717803955078,95.79700180749238,94.09973313105142,94.88916042241931,6378500
2000-04-07,95.63917541503906,96.07336069343998,95.04710458085599,95.71811819293013,6023600
2000-04-10,95.26416778564453,96.69500519282482,94.92866108327122,95.83650274851665,9624200
2000-04-11,94.98786926269531,95.75756111834566,93.70504950327808,94.73130531081186,9006400
2000-04-12,92.38278198242188,95.46155019204755,92.30383920781608,94.96815785076139,10779200
2000-04-13,91.09992218017578,93.56688281113809,90.80388690446031,93.13269774008872,12225800
2000-04-14,85.88975524902344,90.1921372904497,84.31089945400463,90.07372310582329,29604000
2000-04-17,88.8895263671875,88.88952636718749,85.06080342863635,85.37657439264056,23918200
2000-04-18,91.23807525634766,91.23807525634766,88.2777223927413,88.7711145366757,11069200
2000-04-19,90.38944244384766,91.65252635572675,90.01446440750856,91.25781263326454,6553700
2000-04-20,90.82361602783203,90.9025587623195,89.91577458122615,90.66573055885709,8537600
2000-04-24,89.83690643310547,90.50792023335273,88.73170723269818,89.36324963293092,12893100
2000-04-25,93.5669174194336,93.5669174194336,91.2183700300827,91.33678418416763,14102000
2000-04-26,92.51105499267578,93.94189264322917,92.20515177083334,93.4485003499349,7711100
2000-04-27,92.20516967773438,93.05380458701147,90.31054290353435,90.31054290353435,15595300
2000-04-28,91.6328353881836,93.3794444624576,91.61309969242907,92.83671282920861,8743400
2000-05-01,92.87615203857422,93.77412588425103,92.10646017085122,92.56038101591862,7328300
2000-05-02,91.02099609375,92.91562220498157,91.02099609375,91.88936639473113,9411900
2000-05-03,88.8895263671875,90.94203763321491,88.27772012442932,90.94203763321491,12630700
2000-05-04,89.56053924560547,89.90591373586507,88.88952595024395,89.67895335655162,5963600
2000-05-05,90.64603424072266,90.94206962361201,89.00797178873485,89.08691455750534,7862400
2000-05-08,89.96517181396484,90.54737485630595,89.5803257351292,90.15266092929502,5064100
2000-05-09,89.24481964111328,90.56711130762248,88.58367380785869,90.3500186459568,5620300
2000-05-10,87.23173522949219,89.02768271951115,86.99490698905014,88.73164741895857,10293900
2000-05-11,89.22506713867188,89.3632169882562,87.86330433562645,88.49484650515477,7091100
2000-05-12,90.19212341308594,90.60657299550931,89.44216702584366,89.56058119225032,5960800
2000-05-15,91.751220703125,91.95844544336651,89.67897330070983,90.1526298498333,4441300
2000-05-16,92.63933563232422,93.29061344993535,91.77096520884268,92.56039286655316,8192200
2000-05-17,91.67224884033203,92.32352638860564,91.23806380814962,92.00775545610935,5907200
2000-05-18,90.54734802246094,92.4025029296343,90.54734802246094,91.96831773859373,4325600
2000-05-19,89.12638854980469,90.45854781178694,88.67246761609222,90.03423041722962,6518400
2000-05-22,88.45540618896484,89.34351267680586,86.52130761544441,89.20536277869726,10839400
2000-05-23,87.15282440185547,88.92903685569763,86.87652468681335,88.69220852851868,7979200
2000-05-24,88.57377624511719,88.85007590363583,86.20549345781458,87.15280657273563,11081500
2000-05-25,87.05412292480469,89.56055539169432,86.97518016994202,88.85007059793033,8278900
2000-05-26,87.15282440185547,88.21855187416077,86.72850698232651,87.66595244407654,4814000
2000-05-30,89.9947280883789,90.27102769215901,88.08036654790241,88.41587320963541,5362700
2000-05-31,90.19212341308594,90.94207980032823,89.73820244186035,90.03423785787705,6056500
2000-06-01,91.77095794677734,91.84990070630145,90.31051689558133,90.74470207296393,8961600
2000-06-02,93.36951446533203,94.15894177004844,93.14255411522608,94.06026335695888,8962200
2000-06-05,92.91561889648438,93.60636797494166,92.75773339283698,93.13271146399951,6998100
2000-06-06,92.50119018554688,93.33008926551123,92.145947722705,92.5998686474474,4858900
2000-06-07,93.14263153076172,93.46827056461225,92.20518582725262,92.5998998076775,4919500
2000-06-08,92.77748107910156,93.31034472282327,92.24461743537985,93.15245919875758,5723100
2000-06-09,92.58007049560547,93.44844037448134,91.9682644445793,93.15240518850092,3085300
2000-06-12,91.49468231201172,92.8169738812319,91.49468231201172,92.8169738812319,3678900
2000-06-13,93.21167755126953,93.3103560157532,91.33678672607991,91.45520088346031,6558700
2000-06-14,93.36951446533203,94.02079199172307,92.95506513035593,93.62607833936487,6420500
2000-06-15,93.5669174194336,93.94189557403584,92.73801834083916,93.54718172708611,5881200
2000-06-16,92.79806518554688,93.88608343010135,92.3430757378241,93.88608343010135,5567900
2000-06-19,93.98503875732422,94.42024626156777,92.58050544817456,92.71898056316114,5106900
2000-06-20,93.64874267578125,94.24220745826402,93.05527789329847,93.80699995110999,6480000
2000-06-21,93.60918426513672,93.96526315710047,92.98604620420015,93.01571944519713,3115000
2000-06-22,92.18487548828125,93.49049818832987,91.78923224584227,93.41136953984207,7490500
2000-06-23,91.39354705810547,92.50134762850675,91.07703260941939,92.30352609807794,4863300
2000-06-26,92.57064056396484,92.5805316464057,91.71011639161043,92.0266310297178,5201300
2000-06-27,91.88806915283203,92.8771764634115,91.79904949487988,92.41229602743915,4159500
2000-06-28,92.14530181884766,93.04539010411119,91.9870445379222,92.18486613907902,5347700
2000-06-29,91.2748794555664,92.26398738204632,90.84956304718006,91.63095830909919,6345700
2000-06-30,91.96723175048828,92.16505328576574,91.08692591850361,91.11659914879523,7420200
2000-07-03,93.23333740234375,93.33224822072094,91.90793243608934,92.06618974549285,1436600
2000-07-05,91.55179595947266,92.83763579036413,91.3935387495168,92.65959642916377,2748200
2000-07-06,92.26398468017578,92.71897431303258,91.29465894061133,91.74964857346812,5963200
2000-07-07,93.74760437011719,94.1828116493201,92.5804575758912,92.8574076626567,3034800
2000-07-10,93.58934783935547,94.26194091196973,93.39152634741009,93.60912998855001,2816100
2000-07-11,93.78718566894531,94.40043240080301,93.15415678444705,93.35197831085276,5431600
2000-07-12,94.40046691894531,95.03349603491476,94.12351668070868,94.49937771831553,5883000
2000-07-13,94.8158950805664,95.19175612928971,94.44003403184311,94.94447912355069,5356000
2000-07-14,95.7456283569336,95.7456283569336,94.74662954866393,95.23129233683436,5341900
2000-07-17,95.58739471435547,96.21053273867298,95.38957311933403,95.5775036346044,4208300
2000-07-18,94.80596160888672,95.34997077826478,94.53890256210111,95.34997077826478,4262100
2000-07-19,94.04439544677734,94.89502838834474,93.84657383245934,94.61807812829954,8506800
2000-07-20,95.34998321533203,95.34998321533203,94.20261827207699,94.32131119724131,4538900
2000-07-21,93.49051666259766,94.79613962064495,93.49051666259767,94.79613962064495,5656900
2000-07-24,92.95636749267578,94.23231678045563,92.7783280571716,93.76743603219475,5628500
2000-07-25,93.25308990478516,93.58938658030092,92.91679322926939,93.53004010815108,4757100
2000-07-26,92.3431396484375,93.15420835571813,92.19477342149592,93.03551537416486,12062500
2000-07-27,92.026611328125,92.81789775399022,91.59140379389913,92.38269021976436,7652600
2000-07-28,89.94949340820312,92.36291724717405,89.58352339983459,92.24422427148696,6229500
2000-07-31,90.52312469482422,91.23528214434644,89.9296601535557,90.48356039207299,5265500
2000-08-01,91.07708740234375,91.61120585583274,90.60231544368688,90.91883008279146,3946600
2000-08-02,91.53202819824219,92.04636421145902,90.91878141325287,91.07703864808883,7439800
2000-08-03,92.16506958007812,92.30354467925402,90.28576466269082,90.44402191889185,4607100
2000-08-04,92.65967559814453,92.8772794477559,92.04642838560343,92.62011126185156,3686600
2000-08-07,93.76741790771484,93.96523946448217,92.6596171898178,92.87722090226185,4159800
2000-08-08,94.12347412109375,94.20260272481052,93.37175238578448,93.37175238578448,3658700
2000-08-09,93.33219146728516,94.45977411112477,93.29262716399255,94.41031873200899,5383800
2000-08-10,92.8772201538086,93.59926883019071,92.60026997656614,93.39155619725886,4193400
2000-08-11,93.31243896484375,93.68829996555014,92.14529164686076,92.81788501654587,5089400
2000-08-14,94.49937438964844,94.67741382224355,93.0948410880648,93.5498307491412,2966700
2000-08-15,94.42024230957031,94.83566763714227,94.04438129890997,94.53893526030515,5564600
2000-08-16,94.08393096923828,94.91478149503895,93.58937708483312,94.51913838751481,5191600
2000-08-17,95.07302856445312,95.23128579052795,93.90588152215126,94.12348520800415,5652200
2000-08-18,94.75651550292969,95.19172288102247,94.45978319968461,95.19172288102247,4626400
2000-08-21,95.27088165283203,95.40935677151347,94.57850605942483,94.97414925565752,2380600
2000-08-22,95.11261749267578,95.78521087760735,95.0137067007741,95.31043907647918,3075300
2000-08-23,95.48847198486328,95.76542218328633,94.49936413335236,94.83566080286607,5483200
2000-08-24,95.78520965576172,95.9039026045297,95.2708735444338,95.68629886512174,4529000
2000-08-25,95.7456283569336,95.98301421236401,95.54780681074158,95.68628189307599,2822200
2000-08-28,96.07206726074219,96.79411615501112,95.74566159620966,95.74566159620966,5518700
2000-08-29,96.09188079833984,96.14133621820517,95.52808901187505,95.86438586695931,3561900
2000-08-30,95.17195892333984,95.90389874461684,95.17195892333986,95.78520580062597,3964800
2000-08-31,96.43794250488281,96.91271391413761,95.52796397047776,95.62687468073918,4863100
2000-09-01,96.53695678710938,97.22933250177103,96.22044217469262,97.0117287057345,3191200
2000-09-05,95.76539611816406,96.34896959172033,95.46866384347445,96.14125699943759,3470800
2000-09-06,94.67740631103516,96.19074136803353,94.65762415342734,95.70607850664189,4322200
2000-09-07,95.48847198486328,95.63683816258991,94.84555188138118,95.11261100128912,4265500
2000-09-08,94.83561706542969,95.27082431938035,94.52899377287355,95.13234928403241,3518200
2000-09-11,94.69719696044922,95.70608708891861,94.1235143383784,94.79610775735799,3937500
2000-09-12,94.00479888916016,95.11259954947012,93.96523457986336,94.79608507509585,4769100
2000-09-13,94.25205993652344,94.53890113057939,93.47066495961239,93.68826862406864,7691600
2000-09-14,94.72686004638672,94.91479054037036,93.7872075764685,94.87522622584748,3397100
2000-09-15,92.65444946289062,94.08234337584614,92.65444946289062,94.04267965604181,4085700
2000-09-18,91.80169677734375,93.26925468650845,91.51413475460201,92.8924492773986,5109300
2000-09-19,92.63459014892578,92.85274054319643,91.83140006092931,92.09913009026147,6588200
2000-09-20,91.95040893554688,92.67427174718226,90.84974082470403,92.45612131079899,6508100
2000-09-21,90.55223846435547,92.37676889333504,90.51257475937766,91.68265405622324,5972300
2000-09-22,92.19828033447266,92.21811218655579,90.38366586886625,90.5125729074066,7791300
2000-09-25,91.54385375976562,92.69410148898278,91.2067121839606,92.6147740593816,9726300
2000-09-26,90.37374877929688,92.01979248100449,90.37374877929686,91.62315544444844,5302400
2000-09-27,90.84976959228516,91.36539805973756,90.19531807590327,91.10758382601135,7186200
2000-09-28,92.01979064941406,92.86264433531925,90.68114067768228,90.86954326629638,7036400
2000-09-29,91.147216796875,92.634606104918,91.147216796875,92.31729638586883,9333600
2000-10-02,91.28606414794922,91.96034748078222,90.83984723651562,91.56371022617458,5517800
2000-10-03,90.4332504272461,92.49576315628855,90.29442745509901,91.72232088289763,9347200
2000-10-04,91.18682861328125,91.54380184404225,89.95725415177115,90.67120061329314,6148900
2000-10-05,91.50424194335938,91.92071118497414,90.94894962120634,91.00844522715131,4566900
2000-10-06,89.52105712890625,91.7918061411481,88.68811862659919,91.30592534813566,10014900
2000-10-09,88.84672546386719,89.67966351509094,88.45008829661778,89.67966351509094,4508000
2000-10-10,87.3791732788086,89.640005270135,87.3791732788086,88.90622646593258,6104700
2000-10-11,86.64539337158203,87.9741279460604,85.75295970215626,87.33950844780207,10346000
2000-10-12,84.48370361328125,87.31965892236556,84.26555320489014,87.12134036928275,12336900
2000-10-13,87.29981231689453,87.35930787276702,84.32503452327023,84.36469822718523,11778800
2000-10-16,87.69644927978516,87.72619705769553,86.74452038665315,87.2006529812789,5659000
2000-10-17,85.51496887207031,87.93445546817249,85.29681844127421,87.85512803879209,7831700
2000-10-18,85.19762420654297,86.38753515914831,82.59965196002129,84.16636804761833,10897300
2000-10-19,88.41041564941406,88.49965900303056,86.5858848643656,86.84369899703549,8767300
2000-10-20,88.78727722167969,89.6003838480118,87.81551564386814,87.81551564386814,7373500
2000-10-23,89.18387603759766,89.50118580335295,88.17245115925265,88.80707069076324,5290000
2000-10-24,88.58888244628906,90.07627133893999,88.21207726015083,89.4614839299776,5750700
2000-10-25,86.50658416748047,88.56909786610906,86.38759299255958,88.05346944145191,9137600
2000-10-26,86.74457550048828,87.35936330124619,85.05886701453915,87.02222160405637,9345800
2000-10-27,88.39057922363281,88.3905792236328,86.7048715202429,87.49814573360285,9762900
2000-10-30,89.18387603759766,89.54084952407236,87.67665465026,87.85514139349735,10154100
2000-10-31,90.72078704833984,91.18683546797827,88.88634114125242,89.49121249440016,7752400
2000-11-01,90.41339874267578,90.90919496302386,89.62012479011885,90.27457580097833,6753600
2000-11-02,90.56216430664062,91.32569071106538,90.44317317867832,90.84972619921618,11395100
2000-11-03,90.61174774169922,91.22653526194274,90.35393362030676,91.0480485625172,5187100
2000-11-06,91.24636840820312,91.57359402844554,90.77040386966871,90.84973129275778,4042500
2000-11-07,91.2265396118164,91.38519446331522,90.47292906719706,90.83981841128805,5231300
2000-11-08,89.20370483398438,91.42487311797865,89.20370483398438,91.42487311797865,6123300
2000-11-09,88.8665542602539,89.62016485206145,87.10151892680989,88.84672240257476,10635300
2000-11-10,86.70491790771484,88.50961770863022,86.64542230988246,88.21213971946834,8569500
2000-11-13,86.03057098388672,86.93292021850333,84.41427510210093,86.07023468650722,17285300
2000-11-14,88.29143524169922,88.6087449820108,86.94286884537497,87.24034672691708,7668900
2000-11-15,88.5690689086914,88.91612638874113,87.41882126052658,88.25175921264594,8837700
2000-11-16,87.18085479736328,88.76740356528619,87.1411910781652,87.94438139192619,6684100
2000-11-17,86.71480560302734,88.21211099422884,86.14959760767313,87.14119058197876,6551100
2000-11-20,85.47530364990234,86.54622392765054,85.2373213659583,86.1495867877438,5458500
2000-11-21,85.9115982055664,86.42722644964414,84.73160280085007,85.59428851690319,7684300
2000-11-22,83.85897827148438,85.59426515779273,83.84906234641976,85.25712370559569,5736900
2000-11-24,85.57447052001953,85.65379795503229,84.80102802864508,84.80102802864508,3411600
2000-11-27,86.32807922363281,86.74454824814379,85.87194648250174,86.60572523997345,5992000
2000-11-28,84.8406982421875,86.68506124745244,84.81095045178,85.75296381468414,5336100
2000-11-29,84.68202209472656,86.24873866275546,84.57294689062327,85.27697775347171,6914100
2000-11-30,83.9482421875,84.72168453224663,82.34186193302622,84.08706517245452,11201600
2000-12-01,83.9085922241211,85.07867186043003,83.13514975266264,84.52337982963935,7587200
2000-12-04,84.62255096435547,84.95969260166366,83.45247116428587,83.69045349650342,6996600
2000-12-05,87.39898681640625,87.73612835847089,85.29681014235608,85.5942879735896,8883400
2000-12-06,86.00082397460938,87.79560653420863,85.69343027655647,87.4386332074375,12888000
2000-12-07,84.82080841064453,86.22886952758533,84.82080841064453,85.5942504326261,6529100
2000-12-08,85.01918029785156,88.50958751325204,84.95968472031633,86.98253435651434,10276300
2000-12-11,87.97412109375,88.56907682702604,86.76437776942205,87.18084678271528,6405600
2000-12-12,87.59733581542969,88.0931323731353,87.18086670695696,87.69649512697082,5022900
2000-12-13,86.39746856689453,88.4698972287195,86.3280570806133,88.37073796260347,6070500
2000-12-14,85.29682922363281,86.62556383371962,85.0588469054083,86.22892663667878,7678400
2000-12-15,83.37024688720703,84.74284221892196,83.11164196963756,84.74284221892196,9065300
2000-12-18,84.48424530029297,84.96166980870056,83.87751832085833,84.06649885543632,7235400
2000-12-19,82.76351928710938,85.9165099870269,82.76351928710938,84.32509512271521,9616600
2000-12-20,80.366455078125,82.07722615157023,80.26699164362238,81.87829928256498,9994300
2000-12-21,80.92346954345703,82.0275139288213,79.9089422704196,80.20733264484237,14331500
2000-12-22,83.35037994384766,83.45978975045652,82.01756957243052,82.11703303298404,10182900
2000-12-26,84.24553680419922,84.24553680419922,82.9326193475104,83.29068774478917,4665300
2000-12-27,84.86222076416016,85.13077209569231,83.5493031433363,83.86758620292996,4854100
2000-12-28,85.12081909179688,85.22028254013972,84.40468226372847,84.54393109140845,8358700
2000-12-29,83.50947570800781,85.4788511475249,83.50947570800781,85.33960237907421,8774600
2001-01-02,81.99764251708984,84.12615968092503,81.20193516612342,84.02669626205422,8737500
2001-01-03,85.93641662597656,86.57298267505787,81.26163470303571,81.67938117274532,19431600
2001-01-04,85.01139831542969,86.2347985719873,84.66327629120599,85.89662289131284,9219000
2001-01-05,82.23633575439453,85.06109619878833,82.23633575439453,84.96163280285897,12911400
2001-01-08,82.8729019165039,82.8729019165039,81.28148757341214,82.67397512361742,6625300
2001-01-09,82.65411376953125,83.70842617140494,82.38556249735588,83.41998221240176,5702400
2001-01-10,84.10625457763672,84.10625457763672,81.99763040894479,82.11698649396509,8746100
2001-01-11,84.18582153320312,84.97158239108627,83.449792375186,83.449792375186,7245100
2001-01-12,84.02672576904297,85.12082376082739,83.56919388156949,84.46436496575674,7244000
2001-01-16,84.56380462646484,84.7826241632541,83.71836550705183,84.02670212707304,8542200
2001-01-17,84.95172119140625,85.9662482446229,84.43451132113894,85.83694577705607,7851400
2001-01-18,85.79716491699219,86.38399922375112,84.62349630347433,84.94177931730967,8107000
2001-01-19,85.309814453125,86.69235662509473,85.2202973340766,86.69235662509473,7782500
2001-01-22,85.876708984375,86.43370408550136,85.02132365050237,85.45896265853023,7050900
2001-01-23,86.55306243896484,86.9907014584218,85.39928684221468,85.59821366924056,8463100
2001-01-24,86.81168365478516,87.40846424819568,86.47350798518585,86.73211290899708,6199900
2001-01-25,86.59281921386719,87.36863358311618,86.35410710025212,86.73206794680931,10818300
2001-01-26,86.49340057373047,86.65254206512648,85.58828334141567,86.03586878596694,7136800
2001-01-29,86.95491790771484,87.14587993366926,86.17193474839713,86.25469143512814,6705900
2001-01-30,87.71878814697266,87.7951729512552,86.43928439588797,86.76393924053949,7069100
2001-01-31,87.22228240966797,88.29170870542102,86.9549258357297,87.46417090233952,9706900
2001-02-01,87.80152893066406,87.81426296822283,86.73210289311876,87.27318778728315,8239100
2001-02-02,85.80908966064453,87.83973653983786,85.77725942136817,87.46415525753724,8276600
2001-02-05,86.43928527832031,86.53477599787368,85.77726097025406,85.80909121010518,4352900
2001-02-06,86.1846694946289,87.01856939222213,86.07645444129194,86.12738088637279,7106700
2001-02-07,85.73908996582031,86.19104645953549,85.0961519853347,85.75818617185178,5748700
2001-02-08,84.73968505859375,86.19105514256583,84.72696072877616,85.809121270232,5943300
2001-02-09,83.92484283447266,84.88606352454163,83.55563346048103,84.88606352454163,9913000
2001-02-12,84.88605499267578,84.98153597927322,83.83571557398665,83.83571557398665,5804400
2001-02-13,84.19221496582031,85.40805834692303,84.02671130395277,85.10887155234327,6587600
2001-02-14,84.06491088867188,84.44048252646031,83.17372230523709,84.44048252646031,8400100
2001-02-15,84.87969970703125,84.99428662656658,84.02034152003039,84.56141673853641,5929800
2001-02-16,83.00817108154297,83.57471421847787,82.30795457463364,83.39011442220088,6434900
2001-02-20,81.72869110107422,83.47924723158602,81.5440912738571,83.41558675973224,5760000
2001-02-21,79.96541595458984,82.01515422294146,79.88902629262267,81.41678553567667,10910800
2001-02-22,80.08634948730469,80.55104470314444,78.31033015079083,80.43009563533434,21281600
2001-02-23,79.54530334472656,79.91451286721187,77.53375689120496,79.62169302901758,20173000
2001-02-26,81.23855590820312,81.23855590820312,79.2524682095117,80.08000596478644,11503700
2001-02-27,80.48743438720703,81.37862320965264,79.89542760851684,80.71659861486872,11415000
2001-02-28,78.90235137939453,80.74202667542131,78.4694863181757,80.68473806832219,14825800
2001-03-01,79.31612396240234,79.31612396240234,77.50191180321845,78.96601557048307,14672000
2001-03-02,78.68592071533203,79.98451588971751,77.85202084053375,77.97933209314267,12564300
2001-03-05,79.4052505493164,79.43071377501823,78.8132439074366,79.02967889759529,5293200
2001-03-06,80.25823211669922,81.32129603430033,79.88265569959545,80.43010277767043,6917000
2001-03-07,80.83112335205078,80.86931574401254,80.05451233808579,80.78019692502751,6371700
2001-03-08,80.92024993896484,80.99663473022092,80.29641328957315,80.58923298814906,6055000
2001-03-09,78.52676391601562,80.27095299119435,78.36762245296543,80.27095299119435,10020300
2001-03-12,75.16570281982422,77.97932293905879,74.95563490672794,77.8774700636379,13972900
2001-03-13,76.40065002441406,76.66801143838424,74.8156020268112,76.00598220830041,12888000
2001-03-14,74.89201354980469,75.93598171740564,73.68253681223344,74.51007480547024,19883400
2001-03-15,74.91108703613281,75.66223511001499,74.70738611050103,75.40124071897353,10370300
2001-03-16,73.4085464477539,74.93403447441521,73.28088759152837,74.76169623593259,58514600
2001-03-19,74.90216827392578,75.11918603875355,73.28732041057867,73.88730525897762,10067800
2001-03-20,72.89157104492188,75.6106450962574,72.8341281847429,75.25320986930447,15083900
2001-03-21,71.65331268310547,73.56815264354353,71.42353149827771,72.87880908906027,19004600
2001-03-22,70.92566680908203,71.87031836825894,68.95976347717749,71.50011484412963,28624800
2001-03-23,73.0702896118164,73.18518019570642,71.16821324956817,72.28520314361968,12861700
2001-03-26,74.00218200683594,74.21281069804022,73.25539073363792,73.84899130635493,9943800
2001-03-27,75.51490020751953,75.73191792529087,73.58091271559866,73.79793043337,12880700
2001-03-28,73.42772674560547,74.64683892970878,73.33836794131264,74.61492785371254,10953300
2001-03-29,73.70856475830078,74.35960811154983,71.57670736689867,73.21070234735838,12060300
2001-03-30,74.48088073730469,74.48088073730469,73.0830462421457,73.75324206385757,9183600
2001-04-02,72.89157104492188,74.92130155597125,72.63626295120677,74.23196288537484,10561000
2001-04-03,70.45973205566406,72.85966632971359,70.2490984772371,72.75115989344158,12836000
2001-04-04,70.75334167480469,71.55119172722624,69.76401053161614,70.5746240422127,14884300
2001-04-05,73.43411254882812,73.71495242443972,71.80649667628967,72.31712260053028,21522800
2001-04-06,72.31710052490234,73.01920730413971,71.52563009696588,72.75751025868777,14937800
2001-04-09,73.12135314941406,73.39581373634827,71.98521556107374,72.76391791794245,9034300
2001-04-10,74.45536804199219,75.15747511584547,73.51071143502739,73.68942906804202,17873600
2001-04-11,74.50642395019531,75.94893319382612,74.12983623106,75.8148949828528,12722300
2001-04-12,75.85955047607422,75.91699818820693,74.01492231124848,74.23193996753352,9233200
2001-04-16,75.06168365478516,75.88506496339124,74.62127402064674,75.5020981586107,7350000
2001-04-17,76.12128448486328,76.37659749341938,74.69153358482538,74.87663539428628,10924700
2001-04-18,79.14667510986328,80.42323438582882,77.03397106644022,77.27013141589404,32481600
2001-04-19,80.19986724853516,80.32113711336768,78.87862810238825,79.30627444981076,13809900
2001-04-20,79.46585845947266,80.04031142227427,78.9297056073177,79.72117142846113,7626700
2001-04-23,78.02334594726562,79.0765089226989,77.81271724793092,78.9233230859946,8451800
2001-04-24,77.60208129882812,78.92332066539365,77.2957047651262,78.20206116988926,10044700
2001-04-25,78.616943359375,78.93608334690484,77.19996103559215,77.49995340302057,8249000
2001-04-26,78.96793365478516,79.92535282156057,78.82751139784172,78.97431781274231,10590400
2001-04-27,80.28285217285156,80.32114741195207,79.27436867256172,79.73393102052619,7938700
2001-04-30,80.84452056884766,81.23386676077885,79.57434028010076,80.71047752757218,10766900
2001-05-01,81.09346771240234,81.15729473198239,79.52967894939947,79.82967129808404,10578000
2001-05-02,80.94667053222656,81.50197589304642,80.42328111972705,81.32325826970853,9572900
2001-05-03,79.91903686523438,80.51902161339713,79.2871410394248,80.50625328658651,9926200
2001-05-04,81.278564453125,81.28494861597765,78.7892766064292,78.92331480819824,12145300
2001-05-07,80.57646179199219,81.30410056589353,80.57008249848916,80.97219712521684,7185200
2001-05-08,80.53816223144531,81.12537860174129,80.14242691945137,80.97219278116178,6952600
2001-05-09,80.19986724853516,80.77432010983577,79.82327959013682,79.94455432465834,9507400
2001-05-10,80.43605041503906,81.38070703941524,80.27648040123628,81.22752118967789,6872400
2001-05-11,79.8807373046875,80.73603010653498,79.40202733866224,80.42327429224488,7734400
2001-05-14,80.04029846191406,80.0658302416477,79.44031381239587,79.72115851977699,7914000
2001-05-15,80.41048431396484,80.74238763827368,79.68922508644556,80.13602382918161,9782200
2001-05-16,82.30620574951172,82.4657757528025,79.54245699347972,79.68287450583598,14909000
2001-05-17,82.4338607788086,83.02746626254562,82.05727790404156,82.33812267145433,11824600
2001-05-18,82.81041717529297,82.81041717529297,81.76363878872068,82.3955294996578,6683100
2001-05-21,84.0295181274414,84.1507928280461,82.43381888659083,82.87423343536562,11531500
2001-05-22,83.92101287841797,84.31036388800607,83.65932560131806,84.14441467089694,8342700
2001-05-23,82.49769592285156,83.64660195321225,82.49769592285156,83.64660195321225,12330800
2001-05-24,82.7402114868164,82.97637189021111,82.05086815161869,82.63808438396269,7902800
2001-05-25,81.7636489868164,82.78489085705198,81.63599010077053,82.75297491811837,7425000
2001-05-29,81.11260223388672,81.92322034769829,80.99771166931849,81.8402408529226,9003900
2001-05-30,79.97647857666016,81.11899538603032,79.78499264643293,80.7998554154446,10041800
2001-05-31,80.391357421875,80.90836749062395,79.95094756958682,80.05945399191219,9874200
2001-06-01,80.88921356201172,81.12537400751245,79.86158253734504,80.55092112575946,8848300
2001-06-04,81.278564453125,81.33601217941998,80.4743352425107,80.93389757411283,5623500
2001-06-05,82.21044921875,82.48490488799825,81.23387692693458,81.37429927751022,9115400
2001-06-06,81.52750396728516,82.22961097116826,81.29133862165702,82.22961097116826,12064900
2001-06-07,81.82110595703125,81.9232330834969,81.06155128043366,81.09346722487653,7355300
2001-06-08,81.06155395507812,81.61685926675628,80.51263280643707,81.50834797388383,8170600
2001-06-11,80.48707580566406,81.05514439573886,80.0466660878852,80.87642684421259,7012200
2001-06-12,80.34667205810547,80.8955931616751,79.17223937956807,79.69562870277524,9364400
2001-06-13,79.65731811523438,80.79345533911228,79.56157517474942,80.5317582930993,7629400
2001-06-14,77.87014770507812,79.33819342116428,77.71057773027263,79.26159808016955,12603000
2001-06-15,77.99562072753906,78.34767513838095,77.06748438410524,77.3939343938368,16821100
2001-06-18,77.61796569824219,78.37327842789357,77.3939332961295,77.86760250110204,11368300
2001-06-19,77.95721435546875,78.66131827363216,77.38112755568415,78.3348682731642,7732300
2001-06-20,78.36688232421875,78.64212354966261,77.51555424510862,77.5731653722455,8787200
2001-06-21,79.25658416748047,79.57022943502572,78.18762640005379,78.23243286684597,12259100
2001-06-22,78.6357192993164,79.10938853025037,78.19405679195572,79.04537996664422,12212000
2001-06-25,77.91236877441406,79.01333302068348,77.77154708474644,78.91091547054792,8406800
2001-06-26,77.8035888671875,78.34126659719428,77.17629329863982,77.38752592837382,8005800
2001-06-27,77.7587661743164,78.24523500472287,77.39391210974217,77.83557447199176,10105100
2001-06-28,78.18762969970703,79.3334006943618,78.04680797426337,78.09161444294647,10269300
2001-06-29,78.47567749023438,79.37821414622871,78.25804744706764,78.60369947169062,9824200
2001-07-02,79.45507049560547,79.5766902306438,78.48852958975426,78.6037470009637,8522200
2001-07-03,79.43580627441406,79.43580627441406,78.76370930434629,79.35899798271396,3303100
2001-07-05,77.88682556152344,79.14781455764498,77.87402579947197,78.77655797211389,5517900
2001-07-06,76.20331573486328,77.76514429668465,76.20331573486328,77.64992699524772,11665900
2001-07-09,76.6194076538086,77.15709026066837,76.29935999463055,76.48498822297857,8339300
2001-07-10,75.69763946533203,77.22106387564261,75.66563276048039,76.99703159229362,8630700
2001-07-11,75.77449798583984,76.10094803433783,74.94877426525126,75.59527204032432,15328600
2001-07-12,77.57317352294922,77.7523994776901,76.36979088361875,76.4914105887105,12002800
2001-07-13,78.24525451660156,78.29646331684748,77.20830317109146,77.34912004645778,10433800
2001-07-16,77.2658920288086,78.2708413107704,76.99705321329907,77.94439138705803,6915300
2001-07-17,77.98919677734375,78.05960763998483,76.70260894225977,76.93944104065353,7469800
2001-07-18,77.45792388916016,77.86118211942357,76.84983050043269,77.16987811022432,7709300
2001-07-19,78.13640594482422,78.71889480966911,77.29788295571218,78.20681679405905,10082900
2001-07-20,77.66912078857422,78.0531816747973,77.40028207504767,77.5475060659048,6705800
2001-07-23,76.13935089111328,78.01483073197379,76.13935089111328,77.96362680809217,8065200
2001-07-24,75.40320587158203,76.29933511827814,74.73110405302184,76.17131804976101,12269000
2001-07-25,76.23531341552734,76.47855264064737,75.18555800769424,75.48000112125355,12088500
2001-07-26,77.03544616699219,77.35549372471424,75.88967532432262,76.20972288204469,12898200
2001-07-27,77.32990264892578,77.6755546568054,76.75382085266543,77.34270728822078,8478800
2001-07-30,77.35547637939453,77.67552386535274,77.00342707496273,77.5731112092854,8547700
2001-07-31,77.675537109375,78.52686473922789,77.32348774491724,77.45150480771316,11918100
2001-08-01,78.16203308105469,78.53968694273192,77.80358129593199,78.072420134774,11940800
2001-08-02,78.48210906982422,78.89176979613507,78.02123953183926,78.87897003498706,11070100
2001-08-03,78.05317687988281,78.32201557689423,77.38747757047119,78.32201557689423,10816300
2001-08-06,77.00346374511719,77.77797844394664,76.87544175964574,77.67556085556949,8550100
2001-08-07,77.30429077148438,77.5795318872176,76.75381342355647,76.98424318963359,8865100
2001-08-08,75.8704833984375,77.55393690264937,75.80647485504082,76.88823730753845,15183800
2001-08-09,76.09451293945312,76.15212404486545,75.44161800719164,75.97929561216714,14118500
2001-08-10,76.35694885253906,76.70899824487884,75.10876041550264,76.04330360537205,11173300
2001-08-13,76.37615966796875,76.71540934526456,76.04970974601628,76.55538554400889,7431600
2001-08-14,76.34415435791016,77.03545836409383,76.04331370819109,76.9010389545924,13178100
2001-08-15,75.68484497070312,76.56177703563739,75.5824322918235,76.31854265020237,8520600
2001-08-16,75.94731140136719,76.01131995725481,74.8911531368321,75.40323135101268,10734700
2001-08-17,74.73115539550781,75.44806416894008,74.25748605632404,75.30724236669968,11604600
2001-08-20,75.42241668701172,75.4672231545408,74.60309563302908,74.76311942899565,10417400
2001-08-21,74.13581848144531,75.87687803332483,74.12301872747781,75.40320899991413,14480800
2001-08-22,74.9039306640625,75.16637201391424,74.11021406283336,74.73110712610375,11752300
2001-08-23,74.63507843017578,75.22396467711764,74.56466758722213,74.86551302828997,8744100
2001-08-24,76.18413543701172,76.25454630605509,74.72471903054777,75.02556458308959,11687700
2001-08-27,75.72967529296875,76.29935973367408,75.69767345728422,76.15214054573794,7425100
2001-08-28,74.62229919433594,75.84487848044533,74.62229919433594,75.7104590751792,12046600
2001-08-29,73.95658111572266,75.00633658507691,73.71974419410414,74.97432987983149,16180000
2001-08-30,72.53559112548828,74.08462040699,71.71627001406719,73.51493604409441,17692600
2001-08-31,73.06688690185547,73.46374290274629,72.41398689468012,72.58681537803716,15985400
2001-09-04,72.59961700439453,74.35987930368233,72.5676151654407,72.8748582138066,24473400
2001-09-05,72.77880859375,73.09245869888683,71.65864220450163,72.77880859375,21477100
2001-09-06,70.90335845947266,72.52280376719659,70.90335845947266,72.10674082068317,21653000
2001-09-07,69.59114837646484,71.21058839178372,69.53353727113478,70.42326917586362,33133900
2001-09-10,70.44247436523438,70.63449998325797,68.93824683125432,68.93824683125432,23408700
2001-09-17,66.76192474365234,68.10612355466758,64.00951370109014,64.64960883810105,32388700
2001-09-18,66.60189819335938,67.4020170813933,66.16023100443245,66.78112404291288,22029200
2001-09-19,65.25775909423828,66.8900051935262,63.08783491452886,66.63396591942613,42771800
2001-09-20,63.183807373046875,65.16810185448018,63.08779209997727,64.26557000812107,36210900
2001-09-21,62.50212478637695,63.60079437420025,60.26623734858851,60.57463324945235,49782100
2001-09-24,64.6994400024414,64.99499290896104,63.64574541127735,64.06979574526083,25549600
2001-09-25,65.37406158447266,65.53468581440994,64.1854432633093,64.73156466472354,25466200
2001-09-26,65.14278411865234,65.79170759745608,64.52598745734089,65.7595807799638,18587500
2001-09-27,65.70817565917969,65.7210283461059,64.24970941233966,65.05283077999391,20536800
2001-09-28,67.10237884521484,70.43051303490181,65.8559332712891,66.16433394489118,21687200
2001-10-01,66.99319458007812,67.02532140739045,66.0680017562437,66.75547370468314,20457400
2001-10-02,67.8348159790039,67.8348159790039,66.59479691033107,66.8196698187719,19833100
2001-10-03,68.9720458984375,69.31256849416526,67.0445550681028,67.20517930396403,32045800
2001-10-04,69.02989196777344,70.01291177460271,68.586567387492,69.57601353802703,32674100
2001-10-05,68.89495086669922,69.14552428781936,67.79627675641824,68.9077986490216,29796100
2001-10-08,68.4452133178711,68.93993881574187,68.02116779298844,68.27816270413491,12970300
2001-10-09,68.0789794921875,68.5865526952046,67.84768018696799,68.49660351004846,15976300
2001-10-10,69.59529876708984,69.74307528470732,67.79630458794603,67.97620792735223,19987400
2001-10-11,70.67469787597656,70.86744901274795,70.00007379914167,70.00007379914167,23006300
2001-10-12,70.35344696044922,70.60402048898108,68.93995500966102,70.12857390944176,31360500
2001-10-15,70.22489166259766,70.32126224664675,69.4281922208123,69.7944151457814,16873000
2001-10-16,70.6682357788086,71.06658563906802,70.0000383850811,70.54616469568498,15877100
2001-10-17,69.16483306884766,71.41357354548175,69.16483306884766,71.36217258671104,28542300
2001-10-18,69.01701354980469,69.49246476949573,68.58654181742097,69.27401328171781,16510000
2001-10-19,68.9720458984375,69.33184752003325,68.1111023471154,68.74717294860432,21912500
2001-10-22,70.33419036865234,70.39843912755414,68.8821448885146,68.9399722028325,17540600
2001-10-23,69.9743423461914,70.85455999488515,69.63381485890467,70.6489611752783,22062500
2001-10-24,69.78801727294922,70.32128599157599,69.53101752436358,70.01931655649005,16065200
2001-10-25,71.04088592529297,71.06016004904995,68.580121487158,69.03629372290274,27467900
2001-10-26,70.88023376464844,71.82470467151923,70.46260994096167,70.64250822763026,18623300
2001-10-29,69.03628540039062,71.02802958078688,69.03628540039062,70.77745619842824,18727500
2001-10-30,68.20750427246094,69.1969456347445,67.82200203567407,68.97207259786187,26178600
2001-10-31,67.97620391845703,69.29974654676857,67.97620391845703,68.68294983934578,28124200
2001-11-01,69.71736907958984,70.03861766362388,67.91194870405074,68.4901971356849,29806800
2001-11-02,70.1927719116211,70.27629472680009,69.3061281363549,69.67235109808021,17575900
2001-11-05,71.11158752441406,71.37500881719211,70.64256242984807,70.75179067501402,15929500
2001-11-06,72.21664428710938,72.26804520968199,70.57827541860506,70.89952383189126,23245800
2001-11-07,72.12033081054688,72.67930529508656,71.72840701711088,71.81192991172973,19716000
2001-11-08,72.3451919555664,73.29609007637634,71.89544582523648,72.51866896431166,22563500
2001-11-09,72.42225646972656,72.57645436410088,71.59986116391326,72.12028212109078,15895800
2001-11-12,71.97895812988281,72.3773081452618,70.67468964170244,71.31718682026337,26068800
2001-11-13,73.59803771972656,73.59803771972656,72.71781501232502,72.88486561485406,15296200
2001-11-14,73.66869354248047,74.14413985424561,73.0583185742386,73.99636341717506,17571300
2001-11-15,73.80363464355469,74.0028071516752,73.1996858745915,73.4823861327212,19470200
2001-11-16,73.4759750366211,73.9514215587905,72.85917835605595,73.93857377251102,18134900
2001-11-19,74.38186645507812,74.43326738525192,73.5337707146604,73.83574505210336,13625400
2001-11-20,73.7586898803711,74.40118716190092,73.655887962431,74.12491313476849,16209700
2001-11-21,73.27033996582031,73.67511120893579,72.92981742610797,73.56588792296425,11470200
2001-11-23,74.32406616210938,74.369040763905,73.24467081715049,73.27037128987142,6717100
2001-11-26,74.48468017578125,74.74810140660773,73.93213234308575,74.3690305154063,13726000
2001-11-27,74.16344451904297,75.10791609217223,73.3024958088263,74.28552054333873,19261400
2001-11-28,72.82061004638672,73.99638077189587,72.76278766736,73.72010685664284,20195500
2001-11-29,73.80363464355469,73.83575655352007,72.6021634483667,73.02621383556125,16354700
2001-11-30,73.27676391601562,73.82931157060676,73.257484893948,73.50163682152093,13680300
2001-12-03,72.8398666381836,73.29603879460333,72.60856738959586,73.01976496444921,15220400
2001-12-04,74.07345581054688,74.07988215099441,72.82701046424881,73.1932334399735,17239900
2001-12-05,75.42910766601562,75.81460467551906,74.24691128142995,74.27903807466373,25204000
2001-12-06,75.3906021118164,75.7761042664658,75.12718086812707,75.3906021118164,17972900
2001-12-07,74.88945007324219,75.22997270495449,74.33690225134038,75.10790160606678,18857800
2001-12-10,73.48881530761719,74.7802358295996,73.46954117923687,74.43328681316267,13862700
2001-12-11,73.34103393554688,74.34975403504505,73.1804096846595,73.82290668820899,20833300
2001-12-12,73.42456817626953,73.7458167278996,72.67284774190252,73.59804513919354,16171500
2001-12-13,71.99821472167969,73.05190944568315,71.98536693805863,72.8912851901721,19026700
2001-12-14,72.68569946289062,72.91699882473765,71.95967946156557,72.17170469356937,16721900
2001-12-17,73.43741607666016,73.47596433174671,72.53791921035322,72.59574159298306,13925900
2001-12-18,73.87431335449219,73.9835366771196,73.46311073061435,73.64943546431826,13663700
2001-12-19,74.39473724365234,74.47826009911445,73.24466688590441,73.30248927002502,20143400
2001-12-20,73.66226959228516,74.40114199789704,73.59802088350636,74.20839096969837,14867900
2001-12-21,74.10908508300781,74.18645171191383,73.62555471947695,74.16066283561183,14037700
2001-12-24,73.96722412109375,74.16708168426456,73.88985752306476,74.03169382675628,5728800
2001-12-26,74.3733901977539,74.9213900924213,73.9156488777977,73.9156488777977,10304800
2001-12-27,74.82469177246094,74.83758866676138,74.30248068394506,74.33471800097216,9407300
2001-12-28,74.78602600097656,75.26955634150012,74.73444825082672,74.972991656226,10593800
2001-12-31,73.69002532958984,75.0374608411022,73.64489602821682,74.88273251049826,14619500
2002-01-02,74.48300170898438,74.6248380412855,73.37410484051108,74.21222593934998,18651900
2002-01-03,75.32758331298828,75.39850149512151,74.48946694398924,74.56038512612247,15743000
2002-01-04,75.83045196533203,76.06254691817412,75.14061555514164,75.54033081491698,20140700
2002-01-07,75.29534149169922,76.06898803077446,75.14705669703534,75.88202238477425,13106500
2002-01-08,75.12123107910156,75.46937332701563,74.76664530493301,75.29530466241977,12683700
2002-01-09,74.5087890625,75.93359096652446,74.3605042857354,75.22441423818852,16610300
2002-01-10,74.83757781982422,75.01164651785871,74.33470722692093,74.58614252337257,12823400
2002-01-11,74.10263061523438,74.96653570957344,73.94789738026137,74.92140641238744,13708400
2002-01-14,73.63842010498047,74.03813521979886,73.4707949401117,73.91564425818828,12301100
2002-01-15,74.23805236816406,74.3927807549871,73.43216818031757,73.85122894174309,20219900
2002-01-16,72.73587799072266,73.75451671364037,72.65206781177109,73.69004696685252,17067000
2002-01-17,73.28384399414062,73.65132678982187,73.10977526722807,73.34187018226088,17283400
2002-01-18,72.9486083984375,73.39990139506854,72.63914683022996,72.85190135095235,17028000
2002-01-22,72.44571685791016,73.45145805811094,72.22006550564475,73.33541061818599,11689300
2002-01-23,73.00016021728516,73.20646621657063,72.22006058505384,72.61333216474225,12438900
2002-01-24,73.22584533691406,73.65779798266398,73.05822008680005,73.26452619512283,12142800
2002-01-25,73.20648193359375,73.61264557349725,72.87767998582953,72.92925772640511,12810700
2002-01-28,73.40631866455078,73.61907309490762,72.8002926818577,73.43210752750821,10589200
2002-01-29,71.09827423095703,73.58039474539083,70.94999440243394,73.39987760524629,27720800
2002-01-30,72.1233901977539,73.10334289548908,69.88625561401402,71.16922145738201,34711800
2002-01-31,72.96793365478516,73.04530026043439,71.96219237496392,72.30388627548146,19909200
2002-02-01,72.626220703125,73.0452810993648,72.31675928042904,72.90988834531363,15838500
2002-02-04,70.82105255126953,72.35545813360234,70.55672527787816,72.35545813360234,24243400
2002-02-05,70.38265228271484,71.233665208357,69.97004025323523,70.53093703646067,33614000
2002-02-06,70.07965850830078,70.75015447016524,69.66704636541876,70.69213319322468,29486000
2002-02-07,69.6412353515625,70.82749857425941,69.62834337813807,70.09253312098804,23445400
2002-02-08,70.97579956054688,71.40130859124324,69.82177822420898,70.03452782083252,19277800
2002-02-11,71.84615325927734,71.97509269825798,70.80172609612666,70.95001087780626,18792400
2002-02-12,71.6204833984375,72.02020342618422,70.93709569432113,71.53667327657968,13942500
2002-02-13,72.38121795654297,72.55529151741004,71.78808898195362,71.87190399967544,16781100
2002-02-14,72.24586486816406,72.83255059933154,71.9428517910753,72.53598596948747,20453800
2002-02-15,71.49156951904297,72.36192311534968,71.37552204495375,72.30390183766747,18366800
2002-02-19,70.11832427978516,71.10472505624006,70.02161726040808,71.01446648314767,15988100
2002-02-20,71.29816436767578,71.29816436767578,69.51232765101796,70.30531964323667,29242800
2002-02-21,69.82174682617188,71.3239098979219,69.79595796450924,70.87261711563174,26288600
2002-02-22,70.68569946289062,70.87911359708028,69.5445698436038,69.85402655583633,26572900
2002-02-25,71.85258483886719,72.08467972541386,70.72434771987999,70.75013658713222,17458700
2002-02-26,71.70433807373047,72.23299779943353,71.28527739535866,71.94932504754017,22346500
2002-02-27,71.98152160644531,72.76161631358742,71.33681474909913,72.18137915823128,28597900
2002-02-28,71.65916442871094,72.6906943627527,71.5817978391368,72.09756526551902,23755400
2002-03-01,73.32902526855469,73.3999434827935,71.89133038439142,72.02671836101257,26273600
2002-03-04,74.62480163574219,74.77952986880312,73.27091852933486,73.43209520673388,27184600
2002-03-05,74.38627624511719,75.04388000130233,74.12194898844425,74.3540438531304,22718900
2002-03-06,75.26953887939453,75.5274226515912,74.18643097114766,74.20577139328573,20143200
2002-03-07,75.10836029052734,75.75306724581084,74.50878262536474,75.66280866556905,19330800
2002-03-08,75.42426300048828,76.0109486727307,75.09546600489222,75.67569831181402,19930100
2002-03-11,75.58538818359375,76.01089683176941,75.0631774960329,75.35974189382796,15621800
2002-03-12,75.54032135009766,75.59189909287232,74.74733445951516,74.85048502634024,17153600
2002-03-13,74.81180572509766,75.26954713455552,74.55392192461768,75.19218051879422,17175300
2002-03-14,74.70862579345703,75.0632165179388,74.5474490857331,74.81178124738727,11168100
2002-03-15,75.42047882080078,75.61444194212717,74.93556361826603,74.9808221731901,21220100
2002-03-18,75.43341064453125,76.00884297920494,75.0648752736412,75.71142890206673,17548900
2002-03-19,75.9377212524414,76.12522239555317,75.53039424466857,75.84074215498075,17912000
2002-03-20,74.50884246826172,75.37522693855061,74.47651774491867,75.32350146182618,17114500
2002-03-21,74.54115295410156,74.93555098027234,73.78468654960156,74.54761987023221,25846800
2002-03-22,74.37956237792969,74.961461883333,74.15973148352627,74.6769765845103,15235400
2002-03-25,73.45498657226562,74.5864558602761,73.25455644831872,74.41188355060686,17499600
2002-03-26,73.88172149658203,74.36663698402637,73.36448126966398,73.39680600913768,19947600
2002-03-27,74.07567596435547,74.36016124287474,73.55196891327637,73.72653628603123,19020300
2002-03-28,74.0433349609375,74.85152716678992,74.03040605608192,74.33428711473263,17532900
2002-04-01,74.07567596435547,74.41834872285486,73.38386352753184,73.85585001845568,17711000
2002-04-02,73.66831970214844,74.32133529485273,73.55840183980892,73.69418243841582,15669500
2002-04-03,73.15109252929688,73.84290486007869,72.51747260238989,73.71359608028935,25658500
2002-04-04,72.8471908569336,73.31917714195158,72.56271063533444,72.80193230353288,23549000
2002-04-05,72.8601303100586,73.46788736933777,72.53038657681587,73.18340712579894,19404900
2002-04-08,73.01532745361328,73.07998185291446,71.91618786704979,71.9743753465765,16470100
2002-04-09,72.50453186035156,73.17694830341432,72.3687561746581,73.17694830341432,15122700
2002-04-10,73.32568359375,73.4097338288649,72.47222767036011,72.4786945908505,17199300
2002-04-11,71.50240325927734,73.09293041272834,71.44421576803218,72.98947940676076,25453700
2002-04-12,72.03898620605469,72.18769567410155,71.14674419620803,71.78036383234492,14950600
2002-04-15,71.48943328857422,72.32348804707404,71.25020667429031,72.16831656006394,17394900
2002-04-16,73.18986511230469,73.26745331965651,72.2006388994283,72.22003471806313,15040900
2002-04-17,73.03470611572266,73.49375865553469,72.80194638668932,73.31272440691173,12920100
2002-04-18,72.7178726196289,73.35795920067223,71.86442220063391,72.99589082073851,25204800
2002-04-19,72.9830093383789,73.21576915895301,72.77611226818141,73.1899064085764,10499200
2002-04-22,71.76744842529297,72.69202025547185,71.66399748323627,72.65969060287603,13922900
2002-04-23,71.45710754394531,72.07780339156884,71.23081475200595,71.82564292876452,16967000
2002-04-24,70.73944091796875,72.2911658129624,70.73297399994256,71.48297370814774,18902700
2002-04-25,70.77826690673828,70.95283431565198,70.29335140853681,70.61016148617342,25451500
2002-04-26,69.43340301513672,71.12737552317391,69.36874863024045,70.9851329167141,19769800
2002-04-29,69.09074401855469,69.99592038480594,68.94203446431042,69.7825564328611,17724400
2002-04-30,69.73728942871094,70.24160057573542,68.94849304682599,69.19418170150583,19473500
2002-05-01,70.59072875976562,70.6359873186298,69.0519328255706,69.80839942350599,24575600
2002-05-02,70.31918334960938,71.06272110762924,69.6855585391471,70.53900924472457,15666800
2002-05-03,69.55628204345703,70.31921597765668,69.31058836101681,70.2157649676154,18185500
2002-05-06,68.19205474853516,69.82136874361622,68.08860373535371,69.59507581830161,23630400
2002-05-07,67.95278930664062,68.74158556837128,67.8234805465723,68.59934297260831,21910000
2002-05-08,70.48082733154297,70.70712016281918,69.04547718342856,69.21358254358249,27917400
2002-05-09,69.66614532470703,70.53899163455624,69.55623240458937,70.24804450887721,18085600
2002-05-10,68.3536605834961,69.86013194634023,68.27607236069773,69.80840646447466,18958900
2002-05-13,69.74375915527344,69.79547970957353,68.39892608719231,68.6769444144128,14677700
2002-05-14,71.26315307617188,71.36013712246093,70.47435673448074,70.87522182382918,34201200
2002-05-15,70.98513793945312,71.70927992684469,70.66186105928409,70.79763675701744,29535300
2002-05-16,71.3536605834961,71.43124879662898,70.68771111908053,70.92693281048446,28092000
2002-05-17,71.70283508300781,71.92912798223156,71.18558994236903,71.54766351394228,27823700
2002-05-20,70.92693328857422,71.56702495240626,70.79115761428609,71.53469529684642,13833800
2002-05-21,70.28040313720703,71.43127316022286,70.03471444437328,71.19204645441127,16877200
2002-05-22,70.43555450439453,70.55193435588971,69.82779250960712,69.97003509841377,15844200
2002-05-23,71.18557739257812,71.35368277357156,70.13816332002249,70.64247453018844,13879800
2002-05-24,70.2739028930664,71.25019514588568,70.22217742816143,71.10795751661475,11877000
2002-05-28,69.8924331665039,70.55838248990581,69.47217240011275,70.50666195824846,24236900
2002-05-29,69.37523651123047,69.84075118283313,69.26531859759892,69.58213356510328,14773300
2002-05-30,69.1812744140625,69.51101831815893,68.47006603749033,68.89032710226967,18217900
2002-05-31,69.32347106933594,70.1898504417029,69.08424448468541,69.43985090338052,19826300
2002-06-03,67.48080444335938,69.56916991530613,67.32562801983411,69.2394261813309,26056300
2002-06-04,67.6489028930664,68.01743825593034,66.9506287385118,67.33855992055605,25856200
2002-06-05,68.28253173828125,68.32132337898972,67.46787275371321,67.85580395923655,19695900
2002-06-06,66.89246368408203,68.27608858957944,66.69203356022851,68.2372969353664,22998500
2002-06-07,66.81488800048828,67.18989050441026,65.76747367736107,65.80626533886486,24011600
2002-06-10,67.07345581054688,67.53897509968152,66.60793652141224,66.75017907451577,18759900
2002-06-11,65.9226303100586,67.59074043594221,65.77392568613162,67.32565098825975,19990700
2002-06-12,66.32347106933594,66.47217563854262,65.1596725881798,65.76096764797504,31266000
2002-06-13,65.65753173828125,66.5950326520045,65.5217511172412,66.03252914408253,21043900
2002-06-14,65.56056213378906,65.66400818592037,63.685554960569796,64.85581586408573,39267500
2002-06-17,67.3191909790039,67.46142868738647,65.85151092608564,65.89676949984704,17647200
2002-06-18,67.86874389648438,67.90753554068044,67.00235935787,67.07348066077168,21628500
2002-06-19,66.28470611572266,67.51962647827065,66.10367180625938,66.91833113165909,21540700
2002-06-20,65.43772888183594,66.62739079115198,65.27609038397561,66.11661254597549,25691000
2002-06-21,64.41450500488281,65.48505328100704,64.02521607267691,65.18659826797993,31190700
2002-06-24,64.75191497802734,65.32936150154222,63.09743025105294,63.97982144542875,37169700
2002-06-25,63.298553466796875,65.45911419068324,63.285579311282625,65.07631472703262,33355000
2002-06-26,63.40237808227539,63.68136950249318,61.76087238079274,61.76735698469411,37913600
2002-06-27,64.51182556152344,64.55075296796252,62.65620995341159,63.908426011332146,31616400
2002-06-28,64.2069091796875,65.20608763395867,64.15500264827826,64.38857708954056,28184200
2002-07-01,62.954689025878906,64.75191421156389,62.863855076069456,64.3496460409227,20270200
2002-07-02,61.61814880371094,63.065007883472504,61.48838243888166,62.84441248838374,34213900
2002-07-03,61.96847152709961,62.182577231552614,60.80708928140431,61.39102518008876,30565800
2002-07-05,64.4339828491211,64.57672331060593,62.71462260872228,62.792477442202426,19013500
2002-07-08,63.629459381103516,64.68702891664357,63.298561447866696,64.21988500805394,19118600
2002-07-09,62.02690887451172,63.80466620217941,61.644109191763356,63.40889235649096,28620400
2002-07-10,59.76898193359375,62.331805307434756,59.71707542195245,62.286388347267966,50522500
2002-07-11,60.255619049072266,60.56704834646012,58.601134200181214,59.53543199250363,59476500
2002-07-12,59.593814849853516,60.91740155505875,59.379704143847064,60.554065775226285,39018600
2002-07-15,59.91172790527344,59.95066027085967,57.02449575327275,59.45755822408623,77317200
2002-07-16,58.75685501098633,59.93770153342176,58.309174730281,59.12019582948335,53282400
2002-07-17,58.87363052368164,60.53460477015017,58.23130332704333,59.98959612597299,48880600
2002-07-18,56.96611404418945,59.10720640229372,56.93367122585249,58.84767870583527,32656700
2002-07-19,54.96125793457031,56.80389979820095,54.69524568159271,56.29133404969294,77572600
2002-07-22,53.332740783691406,55.739855549170294,52.84612816723408,54.56549373539921,78134000
2002-07-23,51.87291717529297,54.007525699521814,51.743155755311996,53.55984533553085,74484100
2002-07-24,54.96774673461914,55.22727438158759,50.400076978240186,50.69204248728085,107022800
2002-07-25,54.5005989074707,55.70090872672674,52.94343794867019,54.675777225924584,87176600
2002-07-26,55.53871154785156,55.752822258504786,54.37084439443905,54.92233762939041,41206800
2002-07-29,58.24428939819336,58.61411482343234,56.64171585554444,56.77147725208865,53492900
2002-07-30,59.003395080566406,59.30185018271275,57.56302114623664,57.952310194684976,47532200
2002-07-31,59.14614486694336,59.399183035784,57.90690233998777,58.71143382681237,44669900
2002-08-01,57.60194396972656,59.26940263675687,57.30997844420733,58.9644580056137,66571900
2002-08-02,56.31083297729492,57.68632692031698,55.55171820854011,57.42030955087841,51772900
2002-08-05,54.35136032104492,56.401622999064784,54.2086248378327,56.11614213248545,47191300
2002-08-06,56.18102264404297,57.0309756899236,55.22077692284555,55.298636690811875,64730000
2002-08-07,57.1607780456543,57.42030584173483,55.64903321231009,57.01155290421266,43289400
2002-08-08,59.00990295410156,59.107226492112446,56.966133406276995,57.36839676993682,48339800
2002-08-09,59.2304801940918,59.652212060874504,57.97177414710064,58.45838669721633,41879200
2002-08-12,58.795780181884766,59.21750714170549,58.101546404078555,58.38702242994622,25841700
2002-08-13,57.72520446777344,59.47052242684358,57.517583386960695,58.49080813140986,49690500
2002-08-14,59.83388900756836,60.099901334506995,57.108855344554506,57.757672176213106,57423600
2002-08-15,60.66436767578125,60.98228650538619,59.82090389918795,60.236146233796596,45551500
2002-08-16,60.48270034790039,61.040683168472945,59.69114309313099,60.223172648783994,36517300
2002-08-19,61.89707946777344,62.124164195443974,60.40479991437997,60.63837419143418,33669900
2002-08-20,61.24184799194336,61.8971546737797,60.7422609840622,61.52083955351077,30508300
2002-08-21,62.124202728271484,62.14366643841916,60.70978203995364,61.676517594559485,39628900
2002-08-22,62.727603912353516,63.03254857844295,61.68300854344583,61.95551039183592,38399800
2002-08-23,61.37803649902344,62.383703998166304,61.08607107027965,62.29287008922038,33716400
2002-08-26,61.80625534057617,62.05280380527053,60.664337022368954,61.57917057703182,33830100
2002-08-27,61.09255599975586,62.448579930787716,60.66433478990807,62.091728922581225,35335700
2002-08-28,59.75603485107422,60.65788993627428,59.56139275323597,60.52163898276349,38970600
2002-08-29,59.781982421875,60.372408114217436,58.91905484848817,59.21750999678626,42965700
2002-08-30,59.54839324951172,60.59298848542705,59.301844696654555,59.48351257245229,30366700
2002-09-03,57.27753829956055,59.0423205407018,57.19319390938786,58.86714220724202,76586400
2002-09-04,58.09504699707031,58.555706252805955,57.134796118158725,57.49164727757011,51099500
2002-09-05,57.60194396972656,58.02367580109312,56.771459412617396,57.41378653880677,67250900
2002-09-06,58.39352035522461,58.76334578613783,57.96529882991454,58.23131613201565,38622200
2002-09-09,58.82173156738281,59.2694117788938,57.61493196228866,57.80957402596499,33998400
2002-09-10,59.49648666381836,59.54839318544139,58.756836055964335,59.133150912613814,41416600
2002-09-11,59.12669372558594,60.55409415110208,59.107230006842535,59.996111113412844,27711200
2002-09-12,58.03663635253906,58.93849092894509,57.738181344167316,58.88009981755981,43601700
2002-09-13,58.17936325073242,58.32859319525317,57.258045184785864,57.54352597426411,41131000
2002-09-16,58.32215881347656,58.32215881347656,57.394350320117226,57.94584377139665,28167600
2002-09-17,56.98556137084961,59.16558547418034,56.9336548564661,58.97093852028101,47609700
2002-09-18,56.41457748413086,57.420244768007606,55.97987173435734,56.453509829686084,54719400
2002-09-19,54.95477294921875,56.31729199017215,54.95477294921875,55.791747092918065,48510500
2002-09-20,54.9730110168457,55.52697635564173,54.777496470824225,55.34449412378119,46325600
2002-09-23,54.523338317871094,54.784024447304986,53.89116401222857,54.51681967295448,46893800
2002-09-24,53.64354705810547,54.5168621839617,53.34375379766917,53.728274591282364,69507000
2002-09-25,54.9730110168457,55.2467343646365,53.46752763172838,54.334323205333824,59294400
2002-09-26,55.8724365234375,56.028849271415524,55.038223598920915,55.40970698303849,53638000
2002-09-27,53.93025207519531,55.807218574925834,53.930252075195305,55.396633551560136,64648300
2002-09-30,53.30461120605469,53.9628551305737,52.72457610509127,53.44147291807501,73096400
2002-10-01,55.86586380004883,55.89844706435819,53.09603274814651,53.721688106727726,67198100
2002-10-02,54.19097900390625,55.7420839807256,53.832527972241316,55.194636920296844,56749100
2002-10-03,53.64354705810547,55.13599968256032,53.40892538084696,54.18448064579997,55547000
2002-10-04,52.65939712524414,54.04105134013376,51.864291601137474,53.96284749990594,68483700
2002-10-07,51.571022033691406,52.920093227636166,51.193025132498065,52.17712677139235,53188000
2002-10-08,52.379150390625,52.99176863054242,50.964903082233505,52.01418093736197,79531000
2002-10-09,50.899723052978516,51.94248209022661,50.6911712455289,51.54492943035901,79956400
2002-10-10,52.54862594604492,52.83538676083366,50.2284847275427,50.79548770980105,76749000
2002-10-11,54.84920883178711,55.22069208909529,53.32416889970571,53.50665120543324,82308300
2002-10-14,55.155513763427734,55.298894133866916,54.11927285896777,54.22354632784279,40631900
2002-10-15,57.80799102783203,57.82102830903526,56.60230107436,56.693542153719015,82320300
2002-10-16,56.406837463378906,57.22149424377276,55.99624726380735,56.96732172607151,62977800
2002-10-17,57.52779006958008,58.19907130559421,57.25406663679922,57.91882922757493,68534100
2002-10-18,57.768917083740234,58.07522870078686,56.65446767033343,57.12371057540331,47448700
2002-10-21,58.76608657836914,58.98115718465267,57.07160128906535,57.4300522995379,45859100
2002-10-22,58.34245300292969,58.66180201463808,57.69072763216641,58.03614625537773,40966800
2002-10-23,58.78560256958008,58.831223128107254,57.14325749033377,57.853635469152366,54905800
2002-10-24,57.58645248413086,59.241835474412646,57.41700250042347,59.144075677186464,54987400
2002-10-25,58.78560256958008,58.90943193084011,57.31270741012098,57.48867100093496,43672100
2002-10-28,58.401092529296875,59.495991007184884,57.90578001084866,59.40474988171658,39416100
2002-10-29,57.72329330444336,58.322879217603116,56.70008507158253,58.05567450571872,59508200
2002-10-30,58.28377914428711,58.62919267099928,57.50171096955271,57.79498529201106,41688600
2002-10-31,57.69073486328125,58.85081034535371,57.47566924289764,58.43370645356586,41620600
2002-11-01,58.83122634887695,59.189677165691315,57.384400711120996,57.57991527025482,51878900
2002-11-04,59.39171600341797,60.57134200286549,59.241821991087285,59.82837566867601,49080600
2002-11-05,59.860965728759766,60.004346085336536,59.202721806416086,59.202721806416086,37270800
2002-11-06,60.63651657104492,60.65606753256735,59.17013478963543,60.27155202990907,65013100
2002-11-07,59.15057373046875,60.10209181618773,58.79864156633683,59.971743807841776,51572000
2002-11-08,58.42716598510742,59.67847719312439,58.34243852567991,59.00068237904801,37905400
2002-11-11,57.52125930786133,58.36849896318528,57.22146635546043,58.33591569121203,33505100
2002-11-12,57.97748947143555,58.60966388846981,57.592973882178875,57.78197483990964,37724500
2002-11-13,58.0361213684082,58.48580830025715,56.99335724452766,57.56035986396762,63891500
2002-11-14,59.131038665771484,59.307002308999635,58.49234568387601,58.70089758101688,31896800
2002-11-15,59.567691802978516,59.66545158978773,58.62268716018192,58.65527541320809,39152100
2002-11-18,58.968082427978516,60.05646202598164,58.883354992508764,60.05646202598164,28934800
2002-11-19,58.889896392822266,59.37217170528286,58.49886222130639,58.66830721319273,32806600
2002-11-20,60.199851989746094,60.23243526285361,58.622673397751555,58.642229328337834,36688400
2002-11-21,61.32080841064453,61.38598489435438,60.238947398353844,60.349739465032435,55128200
2002-11-22,60.8841552734375,61.43812059237258,60.786395517797736,60.92326215905405,32513800
2002-11-25,60.92328643798828,61.431631403177676,60.46055707503927,60.8906981823655,33846400
2002-11-26,59.763206481933594,60.903725727560335,59.71107223820105,60.65607190995548,42284700
2002-11-27,61.44463348388672,61.6857735289241,60.2389432032343,60.29759606776739,37764000
2002-11-29,61.24913024902344,61.88129945196691,61.11226359535916,61.78354465973267,19385700
2002-12-02,61.34690856933594,62.598225084795324,60.75384105582988,62.22022316895582,49911900
2002-12-03,60.525718688964844,60.87113223556236,60.18681881407291,60.77337246502551,34407700
2002-12-04,60.252010345458984,60.70170245590088,59.58725263513935,59.808836881155855,64040800
2002-12-05,59.587257385253906,60.48012303117546,59.37218679596126,60.434502449107676,36724900
2002-12-06,59.97827911376953,60.06952025882516,58.64224521987237,58.733486364928,49824100
2002-12-09,58.32940673828125,59.60678756291661,58.316374421780466,59.352615126866496,36789600
2002-12-10,59.11147689819336,59.372167986967334,58.498858557683825,58.6683035389583,33319900
2002-12-11,59.16361618041992,59.711067964720044,58.75954971599757,58.92899469747258,39201000
2002-12-12,59.1571044921875,59.626347513261145,58.785621262549114,59.43734657575818,34465600
2002-12-13,58.22514343261719,58.96811494502831,58.179522854618,58.59663167495779,36862200
2002-12-16,59.73064041137695,59.82188157953495,58.4337081163277,58.53798160610651,37098400
2002-12-17,59.209251403808594,59.78928661014865,59.13756121225913,59.548151395182444,32353900
2002-12-18,58.524906158447266,58.915940158445125,58.218594617231034,58.86380096584085,35612600
2002-12-19,58.10780334472656,59.1114554684067,57.74283396384846,58.231627713495484,39264200
2002-12-20,58.93695068359375,58.95659771790822,58.35406534765291,58.41955712760196,31176900
2002-12-23,58.95661163330078,59.251332207687504,58.49161339019678,58.67499241601766,22599300
2002-12-24,58.51780700683594,58.85182163571869,58.4523152160186,58.6749883041382,10937000
2002-12-26,58.54401397705078,59.3430269427577,58.1838015755586,58.74704005968957,17485600
2002-12-27,57.22761917114258,58.47853431907602,57.22761917114257,58.26240683330136,22205700
2002-12-30,57.705684661865234,57.941459052457915,57.12279936198395,57.49610798097199,29968000
2002-12-31,57.78430938720703,57.91529301062334,57.050788104642876,57.62712304306154,34036600
2003-01-02,59.644290924072266,59.79492655798499,57.98732393455216,58.19035000935699,44516300
2003-01-03,59.827659606933594,59.8473066434566,59.27097191973527,59.53949474342448,32222600
2003-01-06,60.882057189941406,61.229167950586216,59.70973641560325,59.75558113876955,40984500
2003-01-07,60.73146438598633,61.150617828587606,60.38434841306989,60.84280092614847,38640400
2003-01-08,59.85383987426758,60.5153182257102,59.63116686297694,60.38432969256721,38702200
2003-01-09,60.78385543823242,61.02618055461649,59.86696039613753,60.13547823083582,34804900
2003-01-10,60.94758987426758,61.32744926232729,60.122384303011096,60.22061949242013,37768900
2003-01-13,60.92795181274414,61.47154325884274,60.54154668626471,61.261966496054676,31649900
2003-01-14,61.12440490722656,61.45186876508587,60.521872607973904,60.7052515689028,30733000
2003-01-15,60.515342712402344,61.281607203716,60.19442942057676,61.261960164970056,33511800
2003-01-16,60.26646041870117,60.86244717901497,59.893151732546336,60.580827994954085,44812100
2003-01-17,59.375736236572266,60.44981705782203,59.041721774872386,59.591858538424326,35618300
2003-01-21,58.45227813720703,59.546005839838045,58.25579789268761,59.5132624635516,36826200
2003-01-22,57.74500274658203,58.81253862488152,57.63366618157664,58.13795856211556,42286500
2003-01-23,58.098655700683594,58.53745621178015,57.60090907797658,58.12485341732118,55919800
2003-01-24,56.57267761230469,58.079013978265415,56.43514333489672,58.02006786125972,68633900
2003-01-27,55.79988479614258,56.84777399153226,55.341437020689085,56.14700096522136,57884400
2003-01-28,56.21246337890625,56.58577208550936,55.75401084662128,56.08147479966623,46929100
2003-01-29,56.63819122314453,57.096638950609616,55.51825963788396,55.9439639543618,53712200
2003-01-30,55.29558181762695,56.90015372589162,55.275934773341234,56.841212593034456,49845900
2003-01-31,56.363075256347656,56.46131540893334,55.112165969975244,55.112165969975244,55317000
2003-02-03,56.474449157714844,56.85430363734235,56.27141806011412,56.415503033667996,39696000
2003-02-04,55.917755126953125,56.160080304339395,55.210436630236444,55.871910363307556,43633400
2003-02-05,55.5706787109375,56.67750940487947,55.32835837915679,56.16011532299854,55270600
2003-02-06,55.30862808227539,55.59679779531809,54.78468905466203,55.256237677204425,53638000
2003-02-07,54.634071350097656,55.66230771103526,54.33935586319728,55.609917288870015,43165000
2003-02-10,55.020511627197266,55.09909980208763,54.1298090026038,54.660299169933396,45455900
2003-02-11,54.64063262939453,55.59027604630495,54.24767690504205,55.25626642879207,46861000
2003-02-12,53.76957702636719,54.7650701850456,53.76302634860266,54.463803965017505,35873600
2003-02-13,53.93330383300781,54.136334850656645,53.04915229411312,53.80232027046883,57934100
2003-02-14,55.112178802490234,55.1449221965084,53.58619573422226,53.9464080453423,59580900
2003-02-18,56.081478118896484,56.19281966701619,55.26936886635655,55.36105837889959,39492700
2003-02-19,55.7867431640625,55.97667280169932,55.19730721910371,55.87843264475587,31432000
2003-02-20,55.230072021484375,55.94394104718959,55.04669300558592,55.80640678526574,29280100
2003-02-21,55.7867431640625,56.15350108683599,54.66026669074169,55.2627989914987,60955800
2003-02-24,54.88296127319336,55.66887277247635,54.74542201395055,55.623028018296566,30628600
2003-02-25,55.32175827026367,55.334854629183404,53.84817055498866,54.32626510445747,56770600
2003-02-26,54.51620101928711,55.361058672227564,54.41141514584143,55.02704401950606,37787200
2003-02-27,55.236610412597656,55.505133219510554,54.46380037522556,54.81745700395055,51126000
2003-02-28,55.60337829589844,55.81950569661326,55.118733061295096,55.32175910618909,43666800
2003-03-03,55.07286834716797,56.17969776820839,54.83054829406576,55.839137559958495,42923100
2003-03-04,54.19529342651367,55.02050412731179,54.12980162413063,54.981205048518575,31440500
2003-03-05,54.653724670410156,54.71267077259274,53.93985574385072,54.10358769912062,43974700
2003-03-06,54.19529342651367,54.69958580123771,54.01191438115947,54.27388658739585,41217700
2003-03-07,54.568580627441406,55.007381026340134,53.33076756386008,53.4486547602346,63538000
2003-03-10,53.25872039794922,54.26730965619385,53.11463550438544,54.09702705500923,41014100
2003-03-11,52.73478317260742,53.704078495216514,52.708590458244515,53.36351824477155,48102700
2003-03-12,53.08846664428711,53.11466436614343,51.98818730984416,52.643115366138666,62459800
2003-03-13,54.92228698730469,54.95503540059941,53.39630286716702,53.82200725646678,72117800
2003-03-14,55.09906768798828,55.518221032119385,54.58822486212238,55.14491242885569,63951800
2003-03-17,56.83465576171875,56.94599233175837,54.50311348698545,54.66029482096518,88217500
2003-03-18,57.16865539550781,57.20794946946638,56.507176835887186,57.07696589180237,50792300
2003-03-19,57.607452392578125,57.738440959022284,56.769145554147066,57.16210126007376,49630800
2003-03-20,57.731868743896484,58.02003348916422,56.552997069206974,57.194828313582605,67321600
2003-03-21,58.96419906616211,59.10228792613095,57.82003064295437,58.3921173629844,71165300
2003-03-24,57.0046272277832,57.95809975273597,56.78105128055494,57.87918970956412,65398900
2003-03-25,57.55039596557617,58.03700029352169,56.840225760708,57.03749331106314,61040100
2003-03-26,57.261077880859375,57.76740352187356,57.07695946594512,57.576708015897935,45740800
2003-03-27,57.307098388671875,57.64245974366524,56.54431648583988,56.813921991208005,53120200
2003-03-28,57.01774597167969,57.392559697277356,56.715265159517344,56.85993098638801,32583000
2003-03-31,55.722354888916016,56.93885564555579,55.498784000569636,56.12347208680773,61119500
2003-04-01,56.57719802856445,56.80734601519088,55.83414738121346,56.05771827769347,53574000
2003-04-02,57.94492721557617,58.37234264735584,57.53723301557178,57.56353635268644,50431200
2003-04-03,57.66874313354492,58.51700691950022,57.63586772567207,58.438101927126624,48755500
2003-04-04,58.010719299316406,58.25401654017208,57.616179029755756,58.148808142820045,36250100
2003-04-07,57.89892578125,59.74011512285576,57.846319081442424,59.40475368264628,69776200
2003-04-08,57.990989685058594,58.29347070812596,57.675354477550535,58.063322648928114,39712700
2003-04-09,57.228179931640625,58.58934638752275,57.057210734311994,58.1027471517325,55647300
2003-04-10,57.54384231567383,57.622747354338316,56.36021656719267,57.26765962979397,41812400
2003-04-11,57.307098388671875,58.32632659998737,57.11640291296388,57.97124400864115,47730100
2003-04-14,58.49071502685547,58.52359545800986,57.20845848142537,57.51751647361863,36711700
2003-04-15,59.03651428222656,59.036514282226555,58.14222049130961,58.418398128161684,49709800
2003-04-16,58.03044509887695,59.22064299069651,57.88577916392286,59.12201168672934,51788000
2003-04-17,58.891815185546875,58.997028521353315,57.99094982773216,58.06328274188709,37403100
2003-04-21,58.95099639892578,59.28635762128659,58.56302851093039,59.08908513358076,32052700
2003-04-22,60.062313079833984,60.20697897347969,58.451272028270935,58.58936083124632,59763600
2003-04-23,60.61468505859375,60.72647053740741,59.996568853869135,60.24644817927758,44227100
2003-04-24,60.07546615600586,60.548916338554704,59.812437719384256,60.187251611093735,49692400
2003-04-25,59.33240509033203,60.147788586144195,59.19431129718911,60.036003150599235,43917200
2003-04-28,60.35823059082031,60.621259069901576,59.37845464851484,59.47051386366564,46432900
2003-04-29,60.56862258911133,61.02234636700916,60.10174965130781,60.58834883739411,52017100
2003-04-30,60.4371337890625,60.87112646603028,60.1083494816913,60.4371337890625,48709100
2003-05-01,60.43056869506836,60.9763519576993,59.50997144829898,60.443717862559446,50240400
2003-05-02,61.291954040527344,61.4629232406218,60.160935514570205,60.206965104959195,50201500
2003-05-05,61.17361831665039,61.66679486550033,60.82510769149263,61.462950164034766,35437800
2003-05-06,61.75225067138672,62.0613036043294,61.15386102105033,61.18016435899521,44401000
2003-05-07,61.41033172607422,61.903508180679275,61.13415411553946,61.43005798156236,41413100
2003-05-08,60.79221725463867,61.37088085428195,60.6804317926532,60.838246857623886,40570700
2003-05-09,61.63390350341797,61.67993310206884,60.89742490815401,61.042090794442466,33608100
2003-05-12,62.390140533447266,62.54796069450093,61.338031210687774,61.48269718322714,35662300
2003-05-13,62.27830505371094,62.587363016772045,61.98240126861144,62.15994253630135,39253600
2003-05-14,62.146785736083984,62.62680781884972,61.75224573216533,62.52817156365797,32195100
2003-05-15,62.54132080078125,62.68598662805768,61.975811666981386,62.39665497350483,43879200
2003-05-16,62.383548736572266,62.76493479642984,61.982431400180324,62.39669790407712,38905000
2003-05-19,60.9237060546875,62.08759977755852,60.71328439225919,61.910058537979204,41606000
2003-05-20,60.79880905151367,61.173623057010005,60.226722404450136,61.03553421465364,55404600
2003-05-21,60.9237060546875,61.074943959357256,60.43710690098107,60.568618558680704,49333800
2003-05-22,61.52867889404297,61.844313953497426,60.943443382231784,61.12098465409118,38421800
2003-05-23,61.653629302978516,61.79829518820029,61.2459349916126,61.5023863274694,26155900
2003-05-27,62.732017517089844,63.02134416083272,61.199882157103254,61.35112507518888,43719200
2003-05-28,62.909610748291016,63.435667835640956,62.75179562882692,63.02797334210214,37727100
2003-05-29,62.74517059326172,63.66576728428836,62.52159976291796,63.047651431470065,50844200
2003-05-30,63.75127410888672,63.84333331203779,62.83725415127939,63.06083008525365,52529500
2003-06-02,64.01429748535156,64.73762188863381,63.56715066965619,64.13266002529592,50305500
2003-06-03,64.27735137939453,64.3365301643915,63.68553844516527,63.88281109552566,38254500
2003-06-04,65.20450592041016,65.3294405451292,64.15896921942739,64.21815300322093,49360700
2003-06-05,65.52672576904297,65.52672576904297,64.61927769948613,64.82312741979962,46262400
2003-06-06,65.27025604248047,66.67745234599658,65.18476891971879,66.01988379232178,60356800
2003-06-09,64.60611724853516,65.16504957505062,64.29048210189147,64.94805072528622,37808500
2003-06-10,65.263671875,65.27024896454151,64.56665088908198,64.74419217190754,29965900
2003-06-11,65.95413208007812,66.01331084553539,64.90859540534782,65.20450428318482,37610200
2003-06-12,66.15795135498047,66.34864677636966,65.50696010047828,66.25001052160307,36442000
2003-06-13,65.46752166748047,66.25002982866506,65.06640446022196,66.15797063521391,48628300
2003-06-16,66.84841918945312,66.87471751583384,65.62534132191058,65.73054967798265,36326300
2003-06-17,66.84841918945312,67.19035261774955,66.56566452078792,67.11801967807824,36801800
2003-06-18,66.78926086425781,67.16407486863456,66.41444685988107,66.60514240833263,35521000
2003-06-19,65.77001190185547,66.89445866948185,65.65164934825535,66.83527488425655,43551700
2003-06-20,65.62483978271484,66.32437888413203,65.61163808175961,66.25178463379926,41545000
2003-06-23,64.95166778564453,65.7700017253192,64.62169588463844,65.6314090961216,34237500
2003-06-24,65.01769256591797,65.39386051337553,64.6877205055175,64.81971235066213,36213600
2003-06-25,64.36434173583984,65.62483727529852,64.36434173583984,65.0242857791233,47743400
2003-06-26,65.20246887207031,65.32125899284631,63.98816930025201,64.5293231760153,33477300
2003-06-27,64.45011901855469,65.45983230676119,64.39732230198875,65.16945540062054,54208800
2003-06-30,64.4303207397461,65.11666299563211,64.3247323345949,64.81969025648624,33349000
2003-07-01,65.0242691040039,65.23545094229925,63.638387975505005,64.17954175082257,51322800
2003-07-02,65.84261322021484,65.85581492031221,65.05068240346624,65.1826691945999,34662100
2003-07-03,65.162841796875,65.89537973217624,64.60849148636112,65.38062443385019,30792800
2003-07-07,66.45634460449219,66.58833639730955,65.76340657334629,65.76340657334629,31391100
2003-07-08,66.75334167480469,66.84573343902107,66.10659429031645,66.32437703524373,30952500
2003-07-09,66.37718200683594,66.91833599369231,66.01421072023598,66.6015605949347,36528500
2003-07-10,65.53242492675781,66.02078195559055,65.09025873007288,65.8887901674115,49777700
2003-07-11,66.15281677246094,66.29140447451161,65.59186511131044,65.59186511131044,39976300
2003-07-14,66.47614288330078,67.24827594058272,66.29135438521593,66.7863122478282,42114900
2003-07-15,66.33096313476562,66.95790782895222,65.96139112511248,66.90511110829142,42573600
2003-07-16,65.94158172607422,66.56853134221068,65.48622393863803,66.52893129136773,39894200
2003-07-17,65.00444793701172,65.91516833917444,64.78006951827886,65.43341230602668,52253500
2003-07-18,65.67102813720703,65.86241249932712,64.97808493073678,65.34765195553527,35698100
2003-07-21,64.85929870605469,65.65783038115272,64.57552257069148,65.63143201565691,34786000
2003-07-22,65.4466552734375,65.60504548282402,64.62172514736824,65.1298849246123,49968300
2003-07-23,65.49284362792969,65.63143126897596,64.8592979681582,65.47304611277642,37275400
2003-07-24,64.99785614013672,66.21875102579524,64.9186661154272,65.98777172877406,40896200
2003-07-25,66.14616394042969,66.18575895403688,64.70088552411227,65.11005245961447,43241100
2003-07-28,65.90196990966797,66.64110857232428,65.77657901141255,66.23854256368658,34382800
2003-07-29,65.59844207763672,66.16599438506995,65.12328153792762,66.08679928346054,53472100
2003-07-30,65.44004821777344,65.82941275361426,65.28825888525917,65.73042014849392,28363300
2003-07-31,65.59185028076172,66.59496823304696,65.44666175859086,65.98121995703575,54937200
2003-08-01,65.01112365722656,65.68426472366005,64.83293585127501,65.4598860465076,49321000
2003-08-04,65.01112365722656,65.33449500046585,64.01460621257766,64.87913175745206,55214100
2003-08-05,63.63180160522461,65.1760732400449,63.57900487489479,64.94509383856865,61415600
2003-08-06,64.00135803222656,64.71409357749955,63.63178604526313,63.80997370781045,50096900
2003-08-07,64.67451477050781,64.72071065108781,63.85618558524495,64.1267600186497,43427400
2003-08-08,64.85929870605469,65.03748641440806,64.51613002455593,64.8856970715505,27357300
2003-08-11,65.10346221923828,65.36083991956039,64.56890427359296,64.84608451891619,34631400
2003-08-12,65.69740295410156,65.72379627357901,64.95166328709585,65.14304758062072,43285600
2003-08-13,65.36084747314453,65.89540044559473,65.02427465883721,65.8756029332777,36152000
2003-08-14,65.53903198242188,65.82940893125478,64.97147978332451,65.40044435728964,35525100
2003-08-15,65.74361419677734,65.85580345320338,65.41364224142607,65.57202737020239,12567000
2003-08-18,66.3111343383789,66.3903243470367,65.82277245512908,65.94816334879728,22873800
2003-08-19,66.56195068359375,66.61474741075055,65.99439845409073,66.44976141461532,37437700
2003-08-20,66.2913818359375,66.58175884677043,66.10000248058726,66.18579339970888,21295300
2003-08-21,66.50259399414062,66.99755228685818,66.25841779211802,66.68738265280179,46494200
2003-08-22,65.84261322021484,67.19550048671482,65.81621988996679,67.1493046063207,52040300
2003-08-25,65.94820404052734,66.54215464679362,65.51923943405875,65.80301555510968,23473000
2003-08-26,66.06697845458984,66.25176192483593,65.22225114205236,65.66441230799434,45065800
2003-08-27,66.08676147460938,66.23194989367614,65.71059376837766,66.0273689586116,18919500
2003-08-28,66.49593353271484,66.65431862262021,65.76999641609639,66.25835338037118,27402400
2003-08-29,66.94471740722656,66.97111577001796,66.31117180515169,66.39696270799406,28706600
2003-09-02,67.84224700927734,67.89503870409477,66.68734497871554,67.07670953223206,49419100
2003-09-03,68.2118148803711,68.43619343226011,67.82904613717686,67.99403214355644,44912400
2003-09-04,68.24481964111328,68.33721140939561,67.81585498267465,68.04023355279637,28381000
2003-09-05,67.86203002929688,68.33719042597528,67.57825396100128,67.93462425851008,31637300
2003-09-08,68.42298126220703,68.55496802341261,67.92802335522781,68.00061758438254,32632800
2003-09-09,67.9742431640625,68.27781684972454,67.763061250777,68.21842429675705,35053200
2003-09-10,67.28789520263672,67.84225082668546,67.0173207584377,67.66406311235875,45904900
2003-09-11,67.48587799072266,67.81585000608023,67.20869767124253,67.38028452902101,38396300
2003-09-12,67.61124420166016,67.73663514209444,66.8853069867198,67.2548789598493,42524800
2003-09-15,67.37371063232422,67.73008115567615,67.28131883385988,67.65748688045767,21312800
2003-09-16,68.35699462890625,68.39658965418178,67.42647125514964,67.46607131539787,37892600
2003-09-17,68.22496032714844,68.49553959126689,68.00718278879869,68.29095870813215,31885800
2003-09-18,69.03013610839844,69.09612949635168,68.08641605924606,68.238205383014,30243600
2003-09-19,68.67900848388672,69.29511246746254,68.50014186801624,69.07649378360988,34331600
2003-09-22,67.93708801269531,68.20870123288553,67.59259678915701,68.13582828384102,36677400
2003-09-23,68.1954345703125,68.42730068140202,67.81119641233435,67.96356340492083,32489200
2003-09-24,66.98310089111328,68.38092883009384,66.95660118441434,68.31468209049758,41694700
2003-09-25,66.43323516845703,67.49319803437605,66.38023576158568,67.1818378911855,52673100
2003-09-26,66.21460723876953,66.68497059175643,66.14836051650266,66.53922477018877,42914700
2003-09-29,66.86383819580078,66.90358521886455,66.10861443178325,66.44647929072825,36771600
2003-09-30,66.21460723876953,66.7512173140233,65.75087512860053,66.5657244699557,70764500
2003-10-01,67.62567901611328,67.69192573037378,66.3802185490943,66.40671824565857,65797600
2003-10-02,67.87078857421875,67.943661472126,67.32755746073757,67.52630264672094,44591500
2003-10-03,68.49353790283203,69.08314238380939,68.28817152644484,68.67903076593034,48806900
2003-10-06,68.80489349365234,68.89101372399442,68.36765604506783,68.5531539365981,20226500
2003-10-07,69.06990814208984,69.1030289857442,68.17556449458378,68.40743061737389,42602900
2003-10-08,68.89763641357422,69.15600214578109,68.50677724844606,69.1162551267648,30920800
2003-10-09,69.08314514160156,69.70587553912071,68.78503232176459,69.48063058615142,40066500
2003-10-10,69.2752456665039,69.29511917526887,68.83801331077404,69.07650047025378,22682800
2003-10-13,69.49386596679688,69.75223169527281,69.23550023832094,69.36799366932895,23825600
2003-10-14,69.73897552490234,69.8449743073814,69.13612387602811,69.4276154735454,38484400
2003-10-15,69.5534896850586,70.14972026054618,69.32162364300804,70.12984675041336,39021700
2003-10-16,69.83172607421875,70.0437185821066,69.32824197262256,69.34811548050267,32772200
2003-10-17,69.06990814208984,69.97749911619715,68.88441524385776,69.87150534047986,32790300
2003-10-20,69.5866470336914,69.5866470336914,68.85792269163984,69.19578262525555,27657000
2003-10-21,69.4674072265625,69.74564662830493,69.10966868676364,69.44090751387702,26729100
2003-10-22,68.5928955078125,69.02350673391153,68.36102947969773,68.91750794717316,33914500
2003-10-23,68.46699523925781,68.86448041852947,68.12913056244268,68.1622564333396,45830500
2003-10-24,68.6194076538086,68.6194076538086,67.6919383187826,68.12254962300553,51723600
2003-10-27,68.65251922607422,69.01688375455015,68.41402699912645,68.72539213176941,32460200
2003-10-28,69.5866470336914,69.65951997332685,68.778423560864,68.88442240189845,34956200
2003-10-29,69.67938995361328,69.84500934359103,68.8115459675067,69.40777172798448,30955400
2003-10-30,69.82510375976562,70.20271559333248,69.42761841721637,70.08346948513767,39123100
2003-10-31,69.7588882446289,70.05037493057188,69.70588882743832,69.82513498896583,25761600
2003-11-03,70.21599578857422,70.62673369894631,70.0305028788264,70.05700258797647,37589300
2003-11-04,70.06361389160156,70.40147373929487,69.9443677529152,70.2159808689609,31421600
2003-11-05,70.1166000366211,70.2027253265528,69.49387476686663,69.88473397584544,33558800
2003-11-06,70.48758697509766,70.51408667408151,69.6263644481752,69.95760310402218,28392300
2003-11-07,69.9642333984375,70.69958366191844,69.93773369789842,70.64658426084029,31723200
2003-11-10,69.67938995361328,70.11662251491717,69.56676998146105,70.0503757697866,25530800
2003-11-11,69.65951538085938,69.77876154201007,69.4276492492615,69.61976329094074,26558600
2003-11-12,70.44120025634766,70.53394665785399,69.66610316334481,69.71247636409798,28000000
2003-11-13,70.46109771728516,70.5803438532324,70.07685960653272,70.2292316346937,29714800
2003-11-14,69.86483001708984,70.85191941953431,69.75221013012145,70.48756006976028,49158500
2003-11-17,69.51374053955078,69.65286016052781,68.92413617023364,69.50049321796746,44382100
2003-11-18,68.7916259765625,69.85821461018448,68.69887957836056,69.71909501288157,41155000
2003-11-19,69.3746109008789,69.5667298890482,68.8446271366671,68.91750003060372,29827000
2003-11-20,68.75190734863281,69.71912379655569,68.73203383428466,68.8976531929215,53578700
2003-11-21,69.03673553466797,69.11623460339459,68.64587648560146,69.05660903827487,30016000
2003-11-24,69.95097351074219,70.07684581121327,69.34812181468172,69.35474800268032,28906400
2003-11-25,70.21599578857422,70.50086134405913,69.85825729650226,70.0437552605528,37580000
2003-11-26,70.46771240234375,70.52070674521194,69.81848242277653,70.50083323484878,33053600
2003-11-28,70.52070617675781,70.65983085677988,70.35508685266556,70.40808624940725,10507500
2003-12-01,71.28256225585938,71.33556165719403,70.7525834054161,70.78570424052444,38699000
2003-12-02,71.10369110107422,71.39517768139312,70.9314455847716,71.1368119340896,35352000
2003-12-03,70.99107360839844,71.60055154325485,70.93144802004241,71.31568608717835,39078600
2003-12-04,71.28256225585938,71.36206135786136,70.8453298306012,70.99769679156196,36089500
2003-12-05,70.78571319580078,71.41506979409382,70.63334621556369,70.96458493435948,28824400
2003-12-08,71.26268005371094,71.30905326064844,70.67307568509099,70.71282270409444,32482900
2003-12-09,70.71282958984375,71.50117923884838,70.58033614406358,71.48130572741145,43596100
2003-12-10,70.70621490478516,70.87183425426724,70.19610447797153,70.73270955291703,36915400
2003-12-11,71.50115966796875,71.61377957148632,70.66643703598635,70.67306322275198,45304000
2003-12-12,71.64031219482422,71.68005922508908,71.14345409930566,71.52769223953914,34142200
2003-12-15,71.28256225585938,72.36240357727335,71.20306820815848,72.3226514991218,38693400
2003-12-16,71.65351867675781,71.87875844305054,71.22952872354448,71.33552747542248,32894200
2003-12-17,71.8787841796875,71.8787841796875,71.41505210992584,71.58729256195132,23198800
2003-12-18,72.68700408935547,72.69363027700584,71.80590814096716,71.91190692617188,29353100
2003-12-19,72.48468780517578,72.7975242723325,72.2716935200327,72.7509319311507,41465100
2003-12-22,72.99053955078125,72.99053955078125,72.40480155097485,72.41145904956815,27611300
2003-12-23,73.0371322631836,73.18356168571074,72.80416551486191,72.870730344773,24741200
2003-12-24,72.96393585205078,73.13699024033171,72.83746873291973,72.89737100312813,8055800
2003-12-26,73.01715087890625,73.2700850141381,72.97055855055032,73.02380837672365,8308400
2003-12-29,73.98894500732422,74.06215717313125,73.07040324751446,73.28339748143584,22483700
2003-12-30,74.00225067138672,74.06215291583543,73.78259895204246,73.94234334875519,19559500
2003-12-31,74.06880950927734,74.22855390403991,73.775940553727,74.02887468013239,31501800
2004-01-02,74.03556060791016,74.67454351051728,73.70275669541574,74.37501694236148,38072300
2004-01-05,74.84092712402344,74.89417187755244,74.27515654889972,74.341721377632,27959800
2004-01-06,74.91412353515625,75.03393308409161,74.54803739169209,74.65453702549331,20472800
2004-01-07,75.16707611083984,75.25360328179055,74.47484350868334,74.80764735136337,30170400
2004-01-08,75.46656036376953,75.4865328501663,75.06053946944776,75.38003323544139,36438400
2004-01-09,74.8076171875,75.54644182659614,74.7277424693177,75.10048607598685,54084300
2004-01-12,75.36011505126953,75.38008247252758,74.78769194367814,74.91415904922503,31564100
2004-01-13,74.92076873779297,75.36672956365625,74.38828585461796,75.27353985396454,54239700
2004-01-14,75.54647064208984,75.65297030695481,74.9940150565158,75.05392238754823,30112800
2004-01-15,75.73285675048828,75.91922612709492,74.93412939983564,75.5930797180333,38408700
2004-01-16,76.03231048583984,76.08555520087926,75.63294211487559,75.90584349648918,31922700
2004-01-20,76.01238250732422,76.3119089609096,75.75945345872161,76.23203422431695,29863000
2004-01-21,76.6114273071289,76.74455186285297,75.69289072445433,75.9657871768692,30725000
2004-01-22,76.41175079345703,76.79779932325476,76.26531631607253,76.63805492891836,29888500
2004-01-23,76.16548919677734,76.79116205883214,75.84599526686874,76.54488538206544,44245300
2004-01-26,77.1239242553711,77.16385907072284,76.13216566323399,76.13882315851961,30460600
2004-01-27,76.33185577392578,77.543261021957,76.3118883647124,77.04405547889718,35322800
2004-01-28,75.45991516113281,76.7312226948279,75.17370376692163,76.53154351539925,52621300
2004-01-29,75.53315734863281,75.7794289258097,74.92079445938364,75.58640210050307,60117100
2004-01-30,75.53315734863281,75.69290176061016,75.2735656966676,75.55977718547629,30984400
2004-02-02,75.85929870605469,76.33187949093804,75.29353326376801,75.6795818109319,38832400
2004-02-03,75.73285675048828,75.972475971321,75.5065525298044,75.70623182837524,25093500
2004-02-04,75.11381530761719,75.69955323523034,75.07388047734644,75.34012452824487,39332600
2004-02-05,75.3334732055664,75.57309236319833,75.0672291328439,75.32681570724793,37226800
2004-02-06,76.1788101196289,76.34521206840763,75.34680037573526,75.49323490317005,37216000
2004-02-09,76.19874572753906,76.45833223570034,76.07227868267721,76.3252076942189,24851300
2004-02-10,76.4450454711914,76.63807231898166,76.0523393547168,76.06564927468888,27908100
2004-02-11,77.25708770751953,77.47008197437933,75.99243202633413,76.44504547818416,42965700
2004-02-12,76.9775161743164,77.39018961600779,76.93092384773246,77.1905103927263,27814700
2004-02-13,76.63138580322266,77.34358558937326,76.37845679405451,77.09065658020513,44739900
2004-02-17,77.32362365722656,77.49668303270079,77.05737963607753,77.1106294559438,23984300
2004-02-18,76.98417663574219,77.60984431993143,76.77783482876967,77.34360026712308,28618000
2004-02-19,76.6979751586914,77.47007742641202,76.58481799373399,77.43014259065271,51146200
2004-02-20,76.4649887084961,76.91760201716757,76.09225012894862,76.86435727593384,46728800
2004-02-23,76.2719497680664,76.71791058688521,75.9923958779518,76.6912856814198,36357000
2004-02-24,76.13886260986328,76.53822620485398,75.2336357528531,76.0589878595917,43953000
2004-02-25,76.45836639404297,76.58482841722065,76.09228008914478,76.18546477072172,31213600
2004-02-26,76.50495147705078,76.73791315889281,76.1055827902544,76.28529971494953,29683000
2004-02-27,76.55817413330078,77.03741235656238,76.29858760873114,76.67133127025812,39312000
2004-03-01,77.31697845458984,77.43678294319716,76.71127312298904,76.83108268977915,33130800
2004-03-02,76.8643798828125,77.85613393975835,76.69797795683309,77.17055881723256,38556400
2004-03-03,77.004150390625,77.12395997034331,76.49162965809208,76.71128140060618,31346200
2004-03-04,77.20381164550781,77.27702887594907,76.89097531147372,77.02409985690427,21060000
2004-03-05,77.46343231201172,77.84282854693117,76.73126476299682,76.82444944678866,55905600
2004-03-08,76.51826477050781,77.62317605050846,76.48498743059677,77.43680161863372,39281600
2004-03-09,76.21208190917969,76.68466276840478,76.0390224846997,76.61144551490108,39746100
2004-03-10,74.93407440185547,76.39175100084177,74.92075941147918,76.3584736812629,67671800
2004-03-11,73.96231079101562,75.39336292240567,73.94899579659219,74.81428761954741,89134800
2004-03-12,74.93407440185547,75.02060152657765,74.26846707210692,74.36830918720538,54012200
2004-03-15,74.01557159423828,74.78102143783667,73.8158923382019,74.72777160495355,57677200
2004-03-16,74.40827178955078,74.5879836012962,73.775941543239,74.40161429187641,59832600
2004-03-17,75.24029541015625,75.38672991743007,74.61462254387128,74.66787237891336,41607300
2004-03-18,75.26026916503906,75.39338868566804,74.50147672544865,75.01399246587283,60014300
2004-03-19,74.18154907226562,75.19014172515946,74.16819249031424,75.08327378158742,48636200
2004-03-22,73.23973846435547,73.8542430183325,72.87236884187688,73.8342056018311,62752100
2004-03-23,73.11286163330078,73.74072815082616,73.04606851560384,73.64053592628663,54080200
2004-03-24,73.17296600341797,73.5670488949923,72.70540407064972,73.19300342556754,51584300
2004-03-25,74.14144134521484,74.34182565751472,73.33323345197887,73.52693692827282,49873600
2004-03-26,74.16149139404297,74.66912800131293,74.00786781162306,74.114735726004,37409500
2004-03-29,75.20348358154297,75.30367576251425,74.52886676137416,74.56226075770725,44113600
2004-03-30,75.45728302001953,75.52407608969989,74.95632735343993,75.00976384757806,39059900
2004-03-31,75.54413604736328,75.74452041219422,75.06321764855791,75.470662119991,48517600
2004-04-01,75.99832153320312,76.0584388694519,75.5107274866696,75.52408406362204,45103800
2004-04-02,76.57275390625,76.70634006449568,76.07847900555865,76.68630265035736,50987700
2004-04-05,76.9935531616211,77.06702707580138,76.43916603096785,76.45252260809828,30251800
2004-04-06,76.74642944335938,76.93345212633727,76.55940676038148,76.6996737726149,28420900
2004-04-07,76.56607818603516,76.79986162256549,76.21875109379525,76.77981911110254,45890500
2004-04-08,76.39240264892578,77.08706179718386,75.97159662004736,77.08706179718386,46929700
2004-04-12,76.6930160522461,76.86668220849536,76.52603073554151,76.53271157508617,23085200
2004-04-13,75.61759185791016,77.01359104753702,75.4906814508573,76.9868727988951,56210300
2004-04-14,75.73783111572266,75.90481636910347,75.17676311043618,75.2168379405322,62322300
2004-04-15,75.45060729980469,75.9983186618938,75.04984375856617,75.7778969306179,61602500
2004-04-16,76.03173065185547,76.17867849764752,75.46398178073815,75.73115412292104,47059200
2004-04-19,76.03173065185547,76.13859856953147,75.65768020002501,75.84470797393313,28277600
2004-04-20,74.75594329833984,76.35900245595083,74.66243198127779,76.19869806898511,53299400
2004-04-21,75.25689697265625,75.44391960182517,74.72254733159996,74.94296394684365,50177300
2004-04-22,76.31226348876953,76.59279750131532,75.10329184233245,75.13001009533477,62071500
2004-04-23,76.3857650756836,76.52603213275796,76.0050387504853,76.4258399217084,29395700
2004-04-26,76.27886199951172,76.77314202053068,75.87809840905258,76.47924634273406,35515200
2004-04-27,76.34567260742188,76.8933841259499,76.1185699750639,76.29891693252264,43485500
2004-04-28,75.35708618164062,76.15193742056975,75.14334531436359,76.07178268434676,50165800
2004-04-29,74.69585418701172,75.69108499581763,74.24833487454036,75.29032135635096,69687600
2004-04-30,74.11471557617188,75.06319035337467,74.07464075617251,74.92292338739264,48681400
2004-05-03,74.90958404541016,75.0030953775768,74.375229207899,74.38859088162874,33758000
2004-05-04,74.84947204589844,75.65100435935226,74.58229970406626,74.97638247545875,51185100
2004-05-05,75.33037567138672,75.45060524007461,74.91625556500547,75.08324079396172,34405000
2004-05-06,74.68247985839844,75.20347301103568,74.14144929158057,74.82274685364806,54997000
2004-05-07,73.44676971435547,74.96299818323679,73.44676971435547,74.28837654874823,60950000
2004-05-10,72.69202423095703,73.30652876154801,72.37809112842002,73.09946867093241,75279400
2004-05-11,73.3065414428711,73.50692582689544,73.02600738202626,73.11283789724398,48300600
2004-05-12,73.77410888671875,73.8342262490202,72.1777297098706,73.1863224223688,90830500
2004-05-13,73.46684265136719,74.01455416808561,73.22638343954092,73.3132190469143,57393700
2004-05-14,73.50025939941406,73.96781625916087,72.98594175770502,73.44014203402516,54123100
2004-05-17,72.87239074707031,73.13956827136869,72.41151474104272,72.73212369341083,55020400
2004-05-18,73.23973846435547,73.43344198384547,73.02599752836407,73.13286544836683,30193100
2004-05-19,72.98591613769531,74.26168598658413,72.90576647329486,73.80748586970039,54804100
2004-05-20,73.2197036743164,73.38668894579918,72.83229662143975,73.10614981675872,38082900
2004-05-21,73.34658813476562,73.84086806675094,73.11949067627341,73.45346112416287,47480400
2004-05-24,73.65386199951172,73.98115680382128,73.2597792011611,73.82752811037128,40961500
2004-05-25,74.70923614501953,74.79607177865874,73.2063681645145,73.40675260031033,48668000
2004-05-26,74.9697036743164,75.00310276594544,74.4821095508423,74.58230172974349,35977000
2004-05-27,75.39051818847656,75.49738612079649,74.84948240065171,75.17009638958446,45306900
2004-05-28,75.38381958007812,75.39717615747466,75.04984908932676,75.29698908703747,23367200
2004-06-01,75.28363800048828,75.38383018100036,74.72256994319818,75.11665273163014,41044700
2004-06-02,75.56419372558594,75.79797724590148,75.11667429958824,75.49740061806183,39774200
2004-06-03,74.8695297241211,75.60426915096178,74.85617314180905,75.35044822314876,38688300
2004-06-04,75.4639892578125,75.86475290678082,75.28364230338568,75.4639892578125,32739500
2004-06-07,76.61280059814453,76.68627448699164,75.75783726899648,75.76451810325078,31643800
2004-06-08,76.71971893310547,76.75979377036408,76.25883792068561,76.39242920485839,32846500
2004-06-09,76.0050048828125,76.61282852595647,75.95824921795527,76.48592320476415,36737600
2004-06-10,76.37907409667969,76.37907409667969,76.0985400197719,76.17201395838873,21711000
2004-06-14,75.62430572509766,76.04510685903847,75.39052731735275,76.02506943780135,34633000
2004-06-15,76.15866088867188,76.44587583682193,75.8180145122052,76.07851119820322,37445000
2004-06-16,76.1452865600586,76.27887274369928,75.94490218861131,76.1452865600586,26633400
2004-06-17,76.03173065185547,76.19203507636236,75.69776012814107,76.0450872305703,28402400
2004-06-18,76.17515563964844,76.57068186619338,75.87348716830924,75.93381881674296,31799800
2004-06-21,75.88691711425781,76.517075146778,75.83999077872463,76.25562768958068,25284000
2004-06-22,76.26902770996094,76.34276981988941,75.53161172526275,75.83998549651521,37334000
2004-06-23,76.92596435546875,76.98629599015892,76.03435935809688,76.16173296188833,35580000
2004-06-24,76.68468475341797,77.04669017517443,76.59753728903858,76.7986480025113,35272100
2004-06-25,76.31597900390625,77.05340034438925,76.20872097275583,76.69810012465923,32837900
2004-06-28,76.05450439453125,76.83214658043468,76.02769373223279,76.77180980379698,40824500
2004-06-29,76.36959838867188,76.53719319120034,76.03440878361494,76.10815090589446,28418100
2004-06-30,76.77853393554688,76.95283397093196,76.18860204255053,76.47016009730416,52230600
2004-07-01,75.712646484375,76.6913997353105,75.47130950583325,76.59084180848666,57734700
2004-07-02,75.67240905761719,75.94726700932858,75.48470368307666,75.86011954674558,34615100
2004-07-06,75.00869750976562,75.38410807110175,74.83439755718015,75.3304816441861,38698200
2004-07-07,75.2299575805664,75.46458928681287,74.91487852592648,74.95509964282942,29839800
2004-07-08,74.70706176757812,75.29699363877457,74.54616707258928,74.95509880515772,45291100
2004-07-09,74.90147399902344,75.04225302428847,74.66683717566073,74.89476877460483,27412900
2004-07-12,74.93501281738281,75.10931290347823,74.41211767368578,74.7607127312874,35691300
2004-07-13,74.98863220214844,75.09589023527548,74.81433214440506,75.02885332524752,26752000
2004-07-14,74.76068878173828,75.34392054764885,74.49254118390994,74.58639386606737,54089400
2004-07-15,74.27800750732422,75.02212872932738,74.21096550458851,74.90816039342872,38403500
2004-07-16,74.21765899658203,74.86122222734369,74.03665891573084,74.79418534979087,40871200
2004-07-19,73.90259552001953,74.38526932280115,73.73500073375297,74.24449031608768,39592800
2004-07-20,74.84112548828125,75.01542549375625,73.90929890893644,74.09700424656174,46679800
2004-07-21,73.46009063720703,75.1226267558483,73.37293814300092,74.96173731862757,56241100
2004-07-22,73.66124725341797,74.0031419967351,72.91712610803809,73.31265240218657,72477100
2004-07-23,73.04450988769531,73.54729423861386,72.86350977178287,73.48696257150534,49610500
2004-07-26,72.90373992919922,73.35959800184575,72.54173453786925,73.19870842167273,49679100
2004-07-27,73.58755493164062,73.81548661957653,73.05125440427847,73.10488599139158,51295100
2004-07-28,73.8087158203125,73.98972098736547,72.79644224987011,73.44001049429721,65862300
2004-07-29,74.12382507324219,74.32494087130053,73.74170914860112,74.1037145163538,52200500
2004-07-30,74.30480194091797,74.34502815669035,73.80872293946729,73.9562071299329,41581700
2004-08-02,74.45903015136719,74.65344076604715,73.77524550196547,73.86909819669535,38263100
2004-08-03,73.88247680664062,74.45229799411561,73.84896092183999,74.36515055613026,40948800
2004-08-04,73.87577819824219,74.24448876616626,73.50036752150997,73.66796230427784,40763200
2004-08-05,72.66909790039062,73.99644569874413,72.5819453411319,73.93611403272206,50772000
2004-08-06,71.63002014160156,72.37414150062928,71.47583578192564,72.15291512587235,74729000
2004-08-09,71.73056030273438,72.05234450591232,71.64341286511299,71.74396563368136,37476300
2004-08-10,72.65570068359375,72.6758163571841,71.90487920302857,71.93839509650367,55870600
2004-08-11,72.50820922851562,72.62217245322907,71.79760387208394,72.18642499537471,52933200
2004-08-12,71.71715545654297,72.36741886088807,71.48251868940042,72.18641876165519,50015900
2004-08-13,71.85794067382812,71.96519867518096,71.45570910364107,71.79760389246532,41634700
2004-08-16,72.60204315185547,72.82996954243194,71.79758533400695,71.82440110606046,45731900
2004-08-17,73.01099395751953,73.25903096382703,72.7562466131991,72.90373084105053,40701600
2004-08-18,73.76183319091797,73.85568588328046,72.72944846034245,72.74955902090753,43165400
2004-08-19,73.54730987548828,73.75512581471718,73.19200967696614,73.6143467802794,39881600
2004-08-20,74.06356048583984,74.16411336135785,73.41329127966702,73.4803282348763,44870900
2004-08-23,73.87577819824219,74.25789409836946,73.77522542025098,74.11041498578672,33745100
2004-08-24,73.9763412475586,74.23108860845927,73.64115165865748,74.17075182287171,30453100
2004-08-25,74.47911071777344,74.59307392767975,73.67465791132324,73.96292110464204,38551400
2004-08-26,74.47911071777344,74.61988970317292,74.3115159568808,74.38525806084046,26629500
2004-08-27,74.71372985839844,74.83439827063337,74.44558237750779,74.54613512554911,24902900
2004-08-30,74.09701538085938,74.64002091981195,74.04338381502545,74.55957868564867,26726500
2004-08-31,74.48584747314453,74.51936848534832,73.80876292041702,74.18417882166379,44125300
2004-09-01,74.6265869140625,74.84110798039146,74.0634710329186,74.37854485331921,52778300
2004-09-02,75.47126770019531,75.5517099054243,74.5729571966472,74.5729571966472,42736600
2004-09-03,75.16290283203125,75.63216613308883,75.08916072549557,75.30368182234852,30480500
2004-09-07,75.65899658203125,75.83999671480147,75.29699120190342,75.44447544357632,37338800
2004-09-08,75.47126770019531,75.79304675028285,75.29026250925851,75.4980834734669,32963100
2004-09-09,75.40425109863281,75.67239867427537,75.10257740415419,75.46458276877624,34314800
2004-09-10,75.79306030273438,75.9338393016434,75.13609164115896,75.43105497071689,27900600
2004-09-13,76.04108428955078,76.24890012679984,75.75952635884194,75.9606369745259,44398100
2004-09-14,76.1952896118164,76.21540016612646,75.88021062206163,75.95395273092282,28048900
2004-09-15,75.61878204345703,75.99419278975584,75.53833469156964,75.95397167110606,38295000
2004-09-16,75.84666442871094,76.00085381818353,75.61873806945606,75.65225394397804,23911700
2004-09-17,76.16913604736328,76.31050103737047,75.85947866888904,76.03449905506397,33683000
2004-09-20,75.71141052246094,76.06145656928409,75.58350661310338,75.84604243219027,37149400
2004-09-21,76.04124450683594,76.38456247296932,75.75851448102114,75.89987949392854,40920800
2004-09-22,75.09207916259766,75.74504943201093,75.03822435608613,75.73158829832155,49042100
2004-09-23,74.68817901611328,75.19305631041564,74.68817901611328,75.12574036501748,44068700
2004-09-24,75.031494140625,75.21325283570397,74.80934690702948,74.83627431133293,34981100
2004-09-27,74.55354309082031,74.85646739665789,74.43910547624853,74.78915145490257,39355100
2004-09-28,74.91031646728516,75.06514774375385,74.32466216940217,74.6612469882781,41662900
2004-09-29,75.28729248046875,75.29402561512961,74.72183243000318,74.86319744261957,33325700
2004-09-30,75.23344421386719,75.38154236390638,74.89685937682432,75.09207919861443,43536700
2004-10-01,76.5057373046875,76.5057373046875,75.53637129482213,75.57003183411693,62824300
2004-10-04,76.63362121582031,77.03752706563711,76.60669895265033,76.80864674168251,33082400
2004-10-05,76.67402648925781,76.84905204161541,76.43168499703252,76.64036595138546,36910600
2004-10-06,77.19908905029297,77.19908905029297,76.5259194579939,76.58650225608014,42297800
2004-10-07,76.37113952636719,77.01065415043969,76.31055668755899,76.9971878734513,39388800
2004-10-08,75.73831939697266,76.58650946527985,75.63060978684527,76.16914756572844,51872600
2004-10-11,76.04800415039062,76.08165956374195,75.82585685158114,75.92010022637085,20229100
2004-10-12,75.75177764892578,75.95373059229449,75.35461003241112,75.52963043839553,41754700
2004-10-13,75.08535766601562,76.11530660477415,74.93725949309231,76.06818492574199,54212600
2004-10-14,74.47948455810547,75.34787396336561,74.43909602535548,75.17958156240536,64082200
2004-10-15,74.89686584472656,75.21998444010026,74.43237708601468,74.73530141116223,63482200
2004-10-18,75.17957305908203,75.3276711769164,74.51986466214966,74.64776851589315,43535100
2004-10-19,74.54681396484375,75.5498405536842,74.44583747884188,75.40847039175515,55851900
2004-10-20,74.39871978759766,74.60067277041611,73.88038133098422,74.30447643184976,57118500
2004-10-21,74.8833999633789,74.93725477484706,74.19003595732833,74.58047563665619,53218300
2004-10-22,74.04192352294922,74.8901186645209,73.95441332308825,74.849730131643,48752400
2004-10-25,73.95443725585938,74.12946284809875,73.61111920766471,73.8803881643688,43990900
2004-10-26,75.08535766601562,75.12574620922095,73.96789336914178,74.13618581366775,54337400
2004-10-27,75.98741912841797,76.13551733335325,74.80264376069348,74.97766424299981,73896000
2004-10-28,76.21627807617188,76.44515332042344,75.72486191075308,75.92008174984397,54413300
2004-10-29,76.20280456542969,76.49900086361619,76.00085674602008,76.14895489511333,48820200
2004-11-01,76.41149139404297,76.63363348395303,76.2028053019958,76.44514679633137,36720900
2004-11-02,76.43843078613281,77.12506170385794,76.21628352550374,76.51920787299585,56210000
2004-11-03,77.40103149414062,77.65683405563635,76.90288236550977,77.43468688766927,76960200
2004-11-04,78.45792388916016,78.53870095930048,77.1990948087465,77.26641074582237,55350300
2004-11-05,78.9493637084961,79.19170527924774,78.41755888022878,78.7945375102195,63287200
2004-11-08,78.83492279052734,78.91570502272049,78.57238695574766,78.74741255756027,33863800
2004-11-09,78.68009185791016,79.0974590225197,78.59931476118982,78.81472891224153,44658100
2004-11-10,78.74066925048828,79.13110895184028,78.5993042143183,78.80125206489922,45265400
2004-11-11,79.33978271484375,79.51480827811451,78.8281722953708,78.88202710497372,37863200
2004-11-12,79.96581268310547,80.10717767446114,79.21859406031393,79.41381384910305,55583700
2004-11-15,80.16230773925781,80.18930979450786,79.82472538655514,80.0070175905315,35297900
2004-11-16,79.58840942382812,79.94625102575402,79.48713884423343,79.91249073182404,40028700
2004-11-17,80.0610122680664,80.43910276154219,79.71667691088147,79.919228333013,54494000
2004-11-18,80.1690444946289,80.20955787404853,79.82471425169379,80.02726054440318,31854300
2004-11-19,79.27781677246094,80.15553270967813,79.08877153086868,80.1420265346521,54276500
2004-11-22,79.65592193603516,79.75044456813909,79.01451247407603,79.10903510617997,37560200
2004-11-23,79.77745056152344,79.84496599041793,79.2440699163919,79.62216043907874,41968800
2004-11-24,79.96653747558594,80.0678080961287,79.70322355997533,79.85175552047127,29724800
2004-11-26,79.9057388305664,80.33109587557732,79.87198368723232,80.01376765187004,15487700
2004-11-29,79.54115295410156,80.35135369795567,79.31835251430729,80.20281663736085,61460800
2004-11-30,79.59517669677734,79.83148334310444,79.42638549924392,79.66944523577995,53685200
2004-12-01,80.49989318847656,80.682185399465,79.73695374531859,79.77746713194787,49898300
2004-12-02,80.56739044189453,80.93197993265703,80.35133798267569,80.41210032225429,60163500
2004-12-03,80.51336669921875,81.11426269268496,80.40533790659292,80.55387492090526,49067900
2004-12-06,80.48639678955078,80.77671786536492,80.2365839541902,80.48639678955078,33030500
2004-12-07,79.73697662353516,80.76323019429579,79.6964683763813,80.67545545732966,52047200
2004-12-08,80.20281219482422,80.22306631085652,79.67618457359349,79.811215447874,43895100
2004-12-09,80.48639678955078,80.65518799290554,79.48715575030592,79.76397064523637,60922800
2004-12-10,80.56739044189453,80.72267541043783,80.24330917751777,80.29057049200013,47828600
2004-12-13,81.26959991455078,81.2898540371374,80.58092884000943,80.85774891829158,38541000
2004-12-14,81.55316162109375,81.66793840760096,81.14131065671006,81.14131065671006,41500700
2004-12-15,81.61390686035156,81.76919700741364,81.22906318843879,81.4923770086371,46699200
2004-12-16,81.56660461425781,81.85692549485606,81.04673032397946,81.50584229443494,51641800
2004-12-17,81.02261352539062,81.38214036218022,80.83267520976072,81.03617832989379,70761900
2004-12-20,81.04295349121094,81.5992035661371,80.8394452203278,81.23289178380568,47187400
2004-12-21,81.66704559326172,81.7281001504269,81.03617610485246,81.13114526005981,33094200
2004-12-22,81.86377716064453,82.13511984953799,81.60600445268298,81.66026885011661,31500700
2004-12-23,81.92481231689453,82.27077431452034,81.85019813645606,81.99265185890657,25646100
2004-12-27,81.75521087646484,82.32503085153382,81.66702673140531,82.21649174183322,29944100
2004-12-28,82.20297241210938,82.30472658988248,81.80952568495067,81.83666047738566,23422900
2004-12-29,82.32502746582031,82.35216224212952,82.04689989022305,82.1350892070853,22650600
2004-12-30,82.16899108886719,82.46746840668096,82.10794173318452,82.3521495067724,21076900
2004-12-31,81.99263763427734,82.52853783553229,81.9451530683651,82.28433001786094,28648800
2005-01-03,81.60598754882812,82.59638375902203,81.33464491614056,82.46070985496311,55748000
2005-01-04,80.60881042480469,81.76879519214333,80.34425276780274,81.71452562777613,69167600
2005-01-05,80.05253601074219,80.89369330119001,80.04575102339977,80.54773140273149,65667300
2005-01-06,80.45956420898438,80.82587597116466,80.22214135630179,80.34424527702856,47814700
2005-01-07,80.34425354003906,80.88015384859733,80.13396026995255,80.70378035042397,55847700
2005-01-10,80.72413635253906,81.03617861150556,80.27642017091475,80.27642017091475,56563300
2005-01-11,80.16787719726562,80.54775378714702,80.0389882790857,80.47991942115826,63099700
2005-01-12,80.43244934082031,80.61560267953604,79.72017543101525,80.31713038031666,72720500
2005-01-13,79.78800201416016,80.54097539340133,79.70659766828014,80.47992084013369,55537500
2005-01-14,80.20855712890625,80.4052803648734,79.8829501817689,80.02540386807014,42032500
2005-01-18,81.04295349121094,81.14470762665249,80.01185250936757,80.07969204994883,57391700
2005-01-19,80.19501495361328,81.07687209504084,80.1882299641336,81.01582271601542,54378900
2005-01-20,79.70658111572266,80.18142676283605,79.56412742158864,79.97113871560431,72049300
2005-01-21,79.21817779541016,80.04577048784483,79.12999364023096,79.90331677158758,63160400
2005-01-24,79.06219482421875,79.59809016066349,78.94009084460833,79.42850158761749,58441900
2005-01-25,79.2860107421875,79.68624227869822,79.17747679740111,79.30636570880067,68245000
2005-01-26,79.5234603881836,79.77444811489973,79.39457144175216,79.58450977832595,57195100
2005-01-27,79.65911865234375,79.87619174774076,79.35386139099606,79.4963151246537,55878800
2005-01-28,79.65911865234375,79.7405230039042,79.10286852192449,79.69981824040856,60738900
2005-01-31,80.154296875,80.21534623994059,79.84903452400899,80.01183800594657,52532700
2005-02-01,80.66307830810547,80.77839724840956,80.11360803734229,80.21536217455254,49841200
2005-02-02,80.90727996826172,81.12435304302991,80.65629229847278,80.7648262481417,52468900
2005-02-03,80.69697570800781,80.83264958718782,80.43241811289342,80.76481005988316,48837100
2005-02-04,81.55850982666016,81.69417856668413,80.71056726293365,80.72413206676377,50024600
2005-02-07,81.44996643066406,81.75522366745415,81.37534707492775,81.57207036046617,45412000
2005-02-08,81.54492950439453,81.84340690510578,81.44996036333733,81.51779472474533,39263500
2005-02-09,80.93440246582031,81.73486027793271,80.89370288780039,81.68737571176628,55279400
2005-02-10,81.22611236572266,81.4160506713447,80.90050532049361,81.17184797513826,45858600
2005-02-11,81.92481231689453,82.10797079963837,81.03617021118536,81.19897372606734,53133000
2005-02-14,81.86377716064453,81.98588111187502,81.72810840391347,81.87056215111048,32432100
2005-02-15,82.16899108886719,82.37249929199997,81.86373395959663,81.94513827593546,43852700
2005-02-16,82.22329711914062,82.39288563852887,81.85698529621034,82.03335880549474,55523000
2005-02-17,81.55850982666016,82.30469824765335,81.55172483702975,82.23686387764137,58124000
2005-02-18,81.66704559326172,81.7281001504269,81.33465355003601,81.56529144827361,47723300
2005-02-22,80.4527816772461,81.72130549379102,80.43921687471997,81.33464392891928,80697600
2005-02-23,81.02938842773438,81.11079277611124,80.46635850494393,80.67664660229588,68292600
2005-02-24,81.5652847290039,81.61955429191767,80.710562402549,80.88693071887313,68563600
2005-02-25,82.37254333496094,82.53534687925782,81.52460066091062,81.58565004923518,60899900
2005-02-28,81.8298568725586,82.28435807317419,81.42963041990023,82.18260391854588,69381300
2005-03-01,82.23686218261719,82.43358029896808,81.93159976070915,81.9587345432408,47294400
2005-03-02,82.19615936279297,82.71170989221167,81.84341753241009,81.91803689227717,64226500
2005-03-03,82.23007202148438,82.69135294465009,81.87732504618869,82.5285494351299,61230800
2005-03-04,83.2543716430664,83.32220599408492,82.6167173575481,82.79309081053961,56168500
2005-03-07,83.29510498046875,83.6071472619769,83.03054728146334,83.20692080594407,43442400
2005-03-08,82.98302459716797,83.43752041750182,82.83378592770218,83.21366241330313,44362000
2005-03-09,82.06047058105469,82.9558975053423,82.05368559306093,82.73882446840682,73263600
2005-03-10,82.24364471435547,82.42001821892397,81.6738297886536,82.21650993092717,65149000
2005-03-11,81.66704559326172,82.5692577431623,81.51102705631999,82.29113009189021,57976500
2005-03-14,82.17578125,82.1893512246252,81.59239655141005,81.81625455386573,36336400
2005-03-15,81.49744415283203,82.39287117095436,81.45674457146328,82.3657363915652,62438500
2005-03-16,80.80552673339844,81.51101548293437,80.6562880319964,81.19896810249554,74874200
2005-03-17,80.96832275390625,81.22609537541271,80.71055013239977,80.93440298838426,62584200
2005-03-18,80.72794342041016,81.40215036250108,80.46234658880586,81.11612380473638,60232000
2005-03-21,80.42826080322266,80.8913534585789,80.1967170734232,80.84368238504624,61244300
2005-03-22,79.61103820800781,80.99350448919974,79.61103820800781,80.61213591390738,92472400
2005-03-23,79.67915344238281,80.16948752565723,79.5088988410102,79.64510044380505,70817300
2005-03-24,79.77449035644531,80.35335492388664,79.72000764060765,79.9924160240382,51932500
2005-03-28,79.89027404785156,80.31931900383867,79.89027404785156,79.96518649426967,46765500
2005-03-29,79.35907745361328,80.29207458067566,79.16839312300394,79.77449911490864,71160300
2005-03-30,80.48277282714844,80.49639091207874,79.52253417314645,79.52934581349122,62002100
2005-03-31,80.33295440673828,80.67346371086776,80.2716652259596,80.48959097277209,64575400
2005-04-01,79.97200012207031,81.0343872856748,79.61787279945504,80.7892202178032,95255300
2005-04-04,80.10820770263672,80.26484425045408,79.50210162743569,79.924334985925,71581200
2005-04-05,80.48957061767578,80.61896058740686,80.13543812131266,80.21035056493723,46853900
2005-04-06,80.76880645751953,81.00716193290245,80.48277988706,80.66665262642408,53268200
2005-04-07,81.20465087890625,81.21827415960384,80.57811505655754,80.63940942817818,46734600
2005-04-08,80.36021423339844,81.18424631518181,80.36021423339844,81.15700494110293,63772900
2005-04-11,80.42146301269531,80.6462003390845,80.24440196380526,80.55766981463947,44945000
2005-04-12,80.8369140625,81.08208119939661,79.72685550071155,80.28529060236269,86144800
2005-04-13,79.88347625732422,80.905004060125,79.76769915756323,80.74155587073032,65949000
2005-04-14,78.84151458740234,80.01967895517426,78.84151458740234,79.95157813989616,96119800
2005-04-15,77.7382583618164,79.13434308940258,77.7042053604632,78.82107522083555,128677300
2005-04-18,77.9765853881836,78.28985314267153,77.60883492967429,77.71780033771704,100035200
2005-04-19,78.59632873535156,78.67804761047367,78.20133685306948,78.38520951785179,64930100
2005-04-20,77.49991607666016,78.7461761227599,77.32966143255128,78.57592147865104,107735900
2005-04-21,79.00495147705078,79.14115308812288,77.89488808335535,78.1741081405391,86952200
2005-04-22,78.70528411865234,79.33863134061804,77.81995825714941,78.82105598178138,88845800
2005-04-25,79.22288513183594,79.3386570324548,78.8074634218422,78.90280559832348,52284100
2005-04-26,78.4533462524414,79.52254532307688,78.41929843746216,78.97092188026951,72626000
2005-04-27,78.75979614257812,79.0458226858548,77.93576432270437,78.22179086598105,84131900
2005-04-28,77.7723159790039,78.78022571456715,77.7723159790039,78.50100561636897,72481500
2005-04-29,78.8279037475586,78.9096278508589,77.6156914586153,78.36481088704276,103993800
2005-05-02,79.27057647705078,79.27738811875695,78.67127670515467,79.04583906258974,56026400
2005-05-03,79.40677642822266,79.57703109689199,78.78705213606158,79.0458373619653,86000300
2005-05-04,80.0196762084961,80.18993083872694,79.18883278164814,79.44081150486302,81055700
2005-05-05,79.9924545288086,80.36020524409484,79.50212024176027,80.13546782990431,96906700
2005-05-06,79.74046325683594,80.35338101966808,79.72003353070144,80.31252156739907,67415400
2005-05-09,80.23760223388672,80.41466850481574,79.71322025690641,79.82218051887574,43750500
2005-05-10,79.40677642822266,80.01969427458427,79.26376313003163,79.92435207579025,74613500
2005-05-11,79.84261322021484,79.95157868200597,78.89599785288097,79.63149913269352,91647400
2005-05-12,78.9640884399414,80.08095829982986,78.9640884399414,79.89708560157442,95086800
2005-05-13,78.80744934082031,79.4203669342283,78.18091366567349,79.2024412561008,85267000
2005-05-16,79.54296112060547,79.57019728773585,78.76660046342178,78.79383663055216,49207000
2005-05-17,80.07412719726562,80.15584606209885,79.10708252785501,79.27733709060013,61071800
2005-05-18,80.89817810058594,81.09567406432743,80.36698456847486,80.4214620928712,77944900
2005-05-19,81.23870086669922,81.32042496057078,80.83689723319614,81.05482295442795,61768100
2005-05-20,81.1229248046875,81.30679751177257,80.8641344519086,81.2727445087989,46345500
2005-05-23,81.57239532470703,81.74946159001013,81.17059690255793,81.18421498646178,51047900
2005-05-24,81.3817138671875,81.6064512277778,81.17740623105831,81.34085441826527,50654100
2005-05-25,81.32039642333984,81.63366421294263,80.92540456854438,81.2795317928649,47608800
2005-05-26,81.75626373291016,81.8652239787605,81.4634256032849,81.57919748817534,43256200
2005-05-27,81.8924560546875,81.8924560546875,81.58599987748444,81.76306090638691,24596100
2005-05-31,81.36810302734375,81.83800231906355,81.31362029342394,81.77671314022338,43377200
2005-06-01,82.062744140625,82.3487707155436,81.34767250756877,81.39534360338853,69611000
2005-06-02,82.23976135253906,82.29423886113248,81.79028683528587,81.87882252879392,39704500
2005-06-03,81.82435607910156,82.32830820505981,81.53832961807859,82.09676445921008,60999400
2005-06-06,81.74951934814453,81.85847968363514,81.41582150126627,81.68822493787403,36046400
2005-06-07,81.81073760986328,82.5734800798365,81.72901872805907,81.98780384670238,66501300
2005-06-08,81.66092681884766,82.12401438817838,81.49747864592774,82.01505413532367,46881200
2005-06-09,82.04910278320312,82.11720358709353,81.34084299207474,81.54514540374595,56653300
2005-06-10,81.85846710205078,82.16492871477536,81.44985681417973,82.10363431392577,36465300
2005-06-13,82.1172103881836,82.45771963159544,81.59282324370446,81.68135897227712,49383200
2005-06-14,82.30790710449219,82.53945093085034,81.98101589554948,82.02868698896201,33857100
2005-06-15,82.46453857421875,82.56669240187695,81.8788673668814,82.51221486345081,53195600
2005-06-16,82.67562103271484,82.83906396668746,82.3487299690124,82.4440721134762,46564500
2005-06-17,82.98197937011719,83.35121424657378,82.88625238919094,83.10505766226939,51529400
2005-06-20,83.00932312011719,83.31017708273983,82.69479089476289,82.79051786696948,41019400
2005-06-21,83.05718231201172,83.18026058658948,82.75632314821532,83.07769448831993,39879800
2005-06-22,83.12554931640625,83.37854497023054,82.78366583559242,83.20076409952352,46310100
2005-06-23,81.95632934570312,83.14608270176643,81.93581716629795,82.95462873834582,62185600
2005-06-24,81.35459899902344,82.058878166068,81.25886682075883,81.9699851184069,58572500
2005-06-27,81.4708480834961,81.64862898379778,81.19734020996938,81.34776980124552,48183800
2005-06-28,82.15460205078125,82.2161385737237,81.6212646517016,81.64177682601574,41174200
2005-06-29,81.93582153320312,82.32556861286139,81.88795803979701,82.30505643236299,42316500
2005-06-30,81.49134826660156,82.27084220054745,81.33407956703479,82.202466546412,62288800
2005-07-01,81.73068237304688,81.91530241535622,81.51187710504514,81.67597975186418,49737500
2005-07-05,82.3871078491211,82.49651310433045,81.49821362582878,81.53923798816744,51549000
2005-07-06,81.69649505615234,82.49650130773738,81.64863156802492,82.31872040180883,52363600
2005-07-07,82.01786041259766,82.01786041259766,80.86229757711546,80.8828097551523,103268800
2005-07-08,82.95462036132812,82.95462036132812,81.86059409745333,82.03153586420653,64491200
2005-07-11,83.37857055664062,83.48797059137416,82.94779389991675,82.9614721647144,49688300
2005-07-12,83.59734344482422,83.85033386150985,83.17340608479539,83.41272345871187,51871100
2005-07-13,83.71359252929688,83.77512905417252,83.41273338529652,83.60418730721379,41182300
2005-07-14,84.04181671142578,84.404212439518,83.75463056489494,84.0896801997261,63638800
2005-07-15,83.99394226074219,84.13069880133745,83.66573699677083,83.95975703813984,56075900
2005-07-18,83.6589126586914,83.85036663265032,83.45378563661951,83.76147877809213,56598400
2005-07-19,84.11703491210938,84.17857667007512,83.69994173802826,83.90506875887856,59165700
2005-07-20,84.40423583984375,84.60252897969977,83.62474154757138,83.82302947069697,69477000
2005-07-21,83.91190338134766,84.5204557122699,83.7409615981284,84.47943135365063,101110900
2005-07-22,84.47262573242188,84.48629878514274,83.85039489063112,84.02133674166402,52607100
2005-07-25,84.23326873779297,84.75292796552947,84.00078521656025,84.38369833093259,57301600
2005-07-26,84.3358383178711,84.46575574655773,84.06916954499911,84.26062873027973,42758800
2005-07-27,84.64352416992188,84.711899831919,84.1375380110688,84.44523109842017,43181600
2005-07-28,85.1768569946289,85.22472047709111,84.54095346092913,84.75975869743183,47880700
2005-07-29,84.60935974121094,85.21791218850551,84.44525705862358,85.06748777255973,62358100
2005-08-01,84.54779815673828,84.81446689325541,84.41104161446752,84.67087643641763,40418200
2005-08-02,85.05378723144531,85.19737769319607,84.60933758313364,84.69823064283328,45147400
2005-08-03,85.27945709228516,85.29313014269952,84.86919776235858,84.95808563187803,36837200
2005-08-04,84.59567260742188,84.99909272177135,84.49310649160662,84.94439531450199,50855600
2005-08-05,84.02128601074219,84.77343387453519,83.8776955685803,84.41103298710395,53595500
2005-08-08,83.86402130126953,84.38368566775056,83.67940129494755,84.20590479192556,47616000
2005-08-09,84.37004852294922,84.50679989916367,84.01449181475327,84.14440405713782,47170000
2005-08-10,84.32899475097656,85.12900097803232,83.98027208146682,84.6640391575956,72863700
2005-08-11,84.66401672363281,84.80760714556433,84.11016720807875,84.28794284472116,58570200
2005-08-12,84.14437866210938,84.57515527896338,83.9324125279298,84.49310134796046,54776900
2005-08-15,84.66401672363281,84.69820715507112,83.98708895831925,84.25375763001027,36208500
2005-08-16,83.56317901611328,84.45891227296222,83.48112508378219,84.40421486813729,71942100
2005-08-17,83.55635070800781,84.0144787019569,83.44011153469482,83.54951679197515,62275100
2005-08-18,83.54950714111328,83.80249764007377,83.31018447263936,83.45378016041539,53388600
2005-08-19,83.7409439086914,83.98026131129913,83.55632390044538,83.85034391414288,39842100
2005-08-22,83.7409439086914,84.26060828058824,83.3375186728143,83.81615869475786,69912000
2005-08-23,83.58369445800781,83.8366901800251,82.83839077297232,83.76147537663427,55168600
2005-08-24,82.83840942382812,83.9187630096541,82.79737983845857,83.37858621674111,79104600
2005-08-25,83.13923645019531,83.19393906841088,82.87940683876455,82.9751338122774,35631100
2005-08-26,82.57169342041016,83.07084034278736,82.51699081565641,83.06400642973878,61956800
2005-08-29,83.20764923095703,83.26918578749445,82.31191046864295,82.33242787088624,56179200
2005-08-30,82.77001953125,82.94096132688105,82.3187306867538,82.90677088106301,74160200
2005-08-31,83.81615447998047,83.87085708831948,82.55802057182223,82.86571883118333,102945200
2005-09-01,83.75465393066406,84.20594284630614,82.83156913207758,83.7751661146968,74578700
2005-09-02,83.60419464111328,84.02129295761938,83.44693114148357,84.00078078086148,47653400
2005-09-06,84.58200073242188,84.65038162595047,83.86404830093936,83.87088743363817,57251300
2005-09-07,84.72557830810547,84.8760026781872,84.4178800032492,84.53411915061044,41749700
2005-09-08,84.44520568847656,84.78708911231655,84.31528831806472,84.55461088813435,39068700
2005-09-09,85.1973876953125,85.29311468105128,84.65037709348078,84.67088927374917,43093900
2005-09-12,85.02641296386719,85.24521816317804,84.97171035985761,85.09478861051542,33017600
2005-09-13,84.55463409423828,85.07429328505258,84.45890190990042,84.8760002187964,58427500
2005-09-14,84.24694061279297,84.7324146096209,84.11702319930072,84.60933632755687,57694600
2005-09-15,84.20589447021484,84.54777791896382,84.03495274584037,84.50674835773928,73156900
2005-09-16,84.8046646118164,84.96946573201501,84.37205970669514,84.66733121813976,75424100
2005-09-19,84.52315521240234,84.83903156329777,84.21415234431409,84.78409609019116,53355300
2005-09-20,83.80901336669922,84.88022887649939,83.68541117411189,84.59868851157577,84480300
2005-09-21,83.02621459960938,83.68542465327536,82.93694313345715,83.63048917240259,94469100
2005-09-22,83.32148742675781,83.54122936714089,82.70348155570716,83.0536834855862,84597200
2005-09-23,83.39013671875,83.69913957022014,83.01933015362495,83.25279804336954,59368100
2005-09-26,83.48628234863281,83.93948694072334,83.14294347261995,83.788416997048,70415400
2005-09-27,83.4656753540039,83.76780997526902,83.10173177742875,83.44507062258889,66150800
2005-09-28,83.5480728149414,83.85708091706404,83.22533346422743,83.72661048023882,58620500
2005-09-29,84.22783660888672,84.36516996756836,83.14288526293363,83.46562441866048,66607700
2005-09-30,84.48881530761719,84.48881530761719,83.59613230272423,84.20041196348912,47824200
2005-10-03,84.18667602539062,84.69481600248693,84.08367333355008,84.43388039023414,50994800
2005-10-04,83.23907470703125,84.48195971348345,83.19787571996861,84.31715852629762,60776300
2005-10-05,82.14726257324219,83.30088147620056,82.10606358208018,83.25968248503855,106052100
2005-10-06,81.85198211669922,82.5798640622709,81.14470490343018,82.25025645158661,140941800
2005-10-07,82.13353729248047,82.4356772201254,81.80392962241906,82.19533578371538,75661400
2005-10-10,81.43997955322266,82.20219226969938,81.23397937297258,82.18159277556792,52677000
2005-10-11,81.32325744628906,81.98246754924944,81.24772246417459,81.7077953632819,75629800
2005-10-12,80.68462371826172,81.8039063995709,80.62282524457044,81.29576640645973,100510400
2005-10-13,80.63655853271484,81.08290006342826,80.25888372081853,80.65715802446648,99052900
2005-10-14,81.48807525634766,81.58420975517248,80.72586227356706,81.11040550780363,88651000
2005-10-17,81.79015350341797,81.90001917387913,81.33694386056575,81.57728516513282,68109300
2005-10-18,80.90438842773438,81.68720079971192,80.89065717512798,81.67346954710551,74996900
2005-10-19,82.25025177001953,82.26398825743944,80.42369186329273,80.68462749598658,116563800
2005-10-20,80.8013687133789,82.27085866340954,80.54730130153877,82.05112199533774,131966700
2005-10-21,81.11724853515625,81.5635901634375,80.69151164206556,81.22711950042867,96579500
2005-10-24,82.37386322021484,82.4631294427372,81.30951583868641,81.33011533319653,71308400
2005-10-25,82.20906066894531,82.56613079207945,81.67345286477641,82.20906066894531,76594500
2005-10-26,81.96870422363281,82.77211573109562,81.84510205025899,82.06483866526422,80855800
2005-10-27,81.09661865234375,81.96870208588571,80.97988472468349,81.85196291929144,66623100
2005-10-28,82.26395416259766,82.36695158088428,81.09659944566586,81.32320424376196,72322000
2005-10-31,82.49059295654297,83.29400987383505,82.49059295654297,82.60046390688335,77698900
2005-11-01,82.7378158569336,83.01935630093483,82.5524151354457,82.79961959005385,66365100
2005-11-02,83.60299682617188,83.60299682617188,82.49057724111324,82.51804497346541,74012300
2005-11-03,83.96007537841797,84.22788448626108,83.60300529951849,83.87767741194452,84897600
2005-11-04,83.85025024414062,84.0905864941892,83.4657122440629,84.04938749102011,59156000
2005-11-07,83.93265533447266,84.20045933883343,83.67171433816605,84.02878983660537,46765400
2005-11-08,83.93265533447266,84.06312059368852,83.6305153340913,83.72664983622401,42152800
2005-11-09,84.04247283935547,84.42701062710712,83.67853454181417,83.8296044552693,57666800
2005-11-10,84.69483947753906,84.81844169421991,83.60302426263823,84.0081616601868,79048100
2005-11-11,84.98326873779297,85.03819899490193,84.06998576203912,84.70172824975899,34867000
2005-11-14,84.93519592285156,85.16179566105343,84.72232219935594,85.00386266894112,45092200
2005-11-15,84.62616729736328,85.20984235676234,84.36523162957923,84.83904096951919,69592500
2005-11-16,84.79782104492188,84.839025266161,84.44761921746476,84.71542308031299,51133000
2005-11-17,85.5875244140625,85.59439265927278,84.55750766783524,84.92831432514939,55717500
2005-11-18,85.92398834228516,86.02699105661304,85.37464926409584,85.87592110745689,72437200
2005-11-21,86.35659790039062,86.45960061377113,85.82099007753476,85.93772404119603,50021200
2005-11-22,86.7273941040039,86.87845879468294,86.12311438554775,86.21924884276851,66438800
2005-11-23,87.22865295410156,87.48959378982735,86.66557754286296,86.69304527498853,50854700
2005-11-25,87.29732513427734,87.35912884516553,87.07758850244014,87.19432768102126,15270000
2005-11-28,86.6793212890625,87.39346142841015,86.54885086027079,87.37973018066428,54498500
2005-11-29,86.58319091796875,87.19433890659768,86.58319091796875,86.96773400239164,51738900
2005-11-30,86.11624908447266,86.87845647813205,86.03384587807994,86.63125733682365,56007200
2005-12-01,86.99520111083984,87.22866901850227,86.50766056342547,86.53512306167443,65468200
2005-12-02,87.1050796508789,87.2630178532176,86.86474346378606,87.05014416841884,46699400
2005-12-05,86.9197006225586,87.02270336812438,86.64502838069556,87.00209862786141,59273400
2005-12-06,87.0844497680664,87.71619187911375,86.95397935248315,87.24238791529531,57935200
2005-12-07,86.57636260986328,87.11883885297492,86.30169036489143,87.05016686252897,66816500
2005-12-08,86.5213851928711,87.08446066472763,86.16431511466675,86.67245511635805,62608600
2005-12-09,86.74800872802734,87.05701164600326,86.39780157910164,86.63127475803076,50744500
2005-12-12,86.83038330078125,87.11192364079608,86.4939127325369,87.00892094959713,48389900
2005-12-13,87.42094421386719,87.6887481219633,86.72053520167786,86.80980142473138,88630900
2005-12-14,87.76427459716797,87.95654351370415,87.30420179846567,87.33853777881929,64375000
2005-12-15,87.51020812988281,87.89474596702934,87.33167046023546,87.7848750198817,55900300
2005-12-16,87.22856903076172,87.91888692099143,87.22856903076172,87.86366022576324,46238300
2005-12-19,86.77983856201172,87.58060963243031,86.76603452518312,87.48396557451169,48733000
2005-12-20,86.86270141601562,87.38733922070816,86.62109120770886,86.88341011005512,46603200
2005-12-21,87.00077819824219,87.50471266428762,86.84200800485982,87.13194030585164,51806900
2005-12-22,87.45639038085938,87.45639038085938,87.03529597338122,87.19406616634014,32247900
2005-12-23,87.50467681884766,87.57370753841911,87.2699660522571,87.51848085607942,27977300
2005-12-27,86.61420440673828,87.70490816242942,86.55207304510594,87.64277680079707,44499500
2005-12-28,86.80745697021484,86.9731317553609,86.63487753289832,86.80055231804437,30764300
2005-12-29,86.42089080810547,86.95243321976245,86.33114611952846,86.78675841526909,32788900
2005-12-30,85.95146942138672,86.33114104548193,85.84792069964921,86.15166221229077,44645600
2006-01-03,87.4632797241211,87.67037721004056,85.86864698934797,86.42090344066129,73256700
2006-01-04,87.87742614746094,88.00858290049081,87.46323140444682,87.5736847403719,51899600
2006-01-05,87.93268585205078,88.07765196857075,87.58752692699164,87.77391569587962,47307500
2006-01-06,88.66441345214844,88.76105751576483,87.91886901850212,88.37448126129925,62885900
2006-01-09,88.89222717285156,89.09241470266616,88.6230036488036,88.65061172644866,43527400
2006-01-10,88.98197174072266,89.03719843589094,88.54016871279148,88.62991340911682,44960800
2006-01-11,89.26498413085938,89.35472880660213,88.86459858277749,89.06479662352476,49598900
2006-01-12,88.9129409790039,89.24429059687391,88.6644261322478,89.10622913387928,40509200
2006-01-13,88.83010864257812,88.98197943406781,88.49875897633515,88.75418378024925,44856700
2006-01-17,88.58849334716797,88.65061942732643,88.22952510611665,88.49874865355146,52066600
2006-01-18,88.23644256591797,88.9819819695624,87.7808354451746,88.07076772807567,75067600
2006-01-19,88.57467651367188,88.8922273409665,88.22951760867998,88.45042436391344,81530400
2006-01-20,86.95934295654297,88.57468424488015,86.95934295654297,88.55397555144619,114957800
2006-01-23,87.26997375488281,87.5461019242466,87.06978096376173,87.12500765097585,67017400
2006-01-24,87.35971069335938,87.77390027733148,87.2699660179161,87.41493210897103,53008800
2006-01-25,87.43566131591797,87.79462428018456,86.86959562348177,87.69798020262404,87747700
2006-01-26,87.91886901855469,88.13286583560449,87.50467942209754,87.84293364475512,71294000
2006-01-27,88.73343658447266,88.81628187498461,87.98099278505353,88.12596414338998,65771200
2006-01-30,88.66441345214844,88.91982764883187,88.60228738269781,88.66441345214844,33709600
2006-01-31,88.0155029296875,88.73342867182458,88.00859827830949,88.58156847515527,72937000
2006-02-01,88.62989044189453,88.6574985156169,88.16737883980569,88.2364095575239,63561000
2006-02-02,87.60136413574219,88.45735706785784,87.53233338208445,88.42974897976187,83626900
2006-02-03,87.16643524169922,88.6299110240304,87.07669581449636,87.3804373630405,86040400
2006-02-06,87.3942642211914,87.532330991445,87.09742724853214,87.2838160716973,45511900
2006-02-07,86.6211166381836,87.4356921986972,86.56588992672627,87.2423987085966,71208100
2006-02-08,87.40804290771484,88.42971558280809,86.703915792888,86.87649524520931,59422200
2006-02-09,87.26307678222656,88.08455139375017,87.23546343785587,87.61513507286229,62023300
2006-02-10,87.42183685302734,87.76009106584515,86.60035706947782,87.27687076181972,64508700
2006-02-13,87.26307678222656,87.52539565368774,86.9455259553171,87.39423358460368,52308700
2006-02-14,88.18810272216797,88.38139087176259,87.1250126326904,87.29759209007234,90964400
2006-02-15,88.49871826171875,88.58156354022778,87.83601396740778,88.13975541064823,85471300
2006-02-16,89.16144561767578,89.19596361282608,88.48492661965214,88.59537999076782,61017900
2006-02-17,88.91983795166016,89.16145340540274,88.761067800197,89.08551802280486,40342600
2006-02-21,88.69893646240234,89.32711764472727,88.56086447793105,89.12693012070551,46456300
2006-02-22,89.23737335205078,89.49968691922152,88.80936920898175,88.8922144969309,42326700
2006-02-23,89.10620880126953,89.49278502280976,88.5539525418926,89.2373708478804,43423200
2006-02-24,89.33404541015625,89.38236218764257,88.88533243781269,89.1269479254912,36777400
2006-02-27,89.3685531616211,89.76892824371967,89.2442904717101,89.32712524270782,35858600
2006-02-28,88.51944732666016,89.67918669207785,88.45042186765814,89.18905642611976,74394800
2006-03-01,89.30643463134766,89.38927995253303,88.70586135319056,88.77489736527562,48641600
2006-03-02,89.29951477050781,89.34093215489679,88.78177639881734,88.9819639345021,60642300
2006-03-03,88.88531494140625,89.78964009532018,88.80937956309023,88.82318886826047,73402500
2006-03-06,88.47802734375,89.17524449963288,88.2571258679512,89.14763642352634,57478400
2006-03-07,88.33995819091797,88.4020842567987,87.94647730688824,88.26402282148187,61780800
2006-03-08,88.52635192871094,88.66441337183603,87.79461153336986,88.15357444551897,66692400
2006-03-09,87.93268585205078,88.8300958971802,87.93268585205078,88.55397297049868,56313600
2006-03-10,88.76798248291016,88.94056197006104,87.97412105538245,88.1605045841539,60490800
2006-03-13,88.93364715576172,89.1614533032945,88.72654970042154,88.94054654202121,45479100
2006-03-14,89.8655776977539,89.900095698873,88.78178408983663,88.85082009207483,69877300
2006-03-15,90.26595306396484,90.33498905834598,89.63777186211745,89.84485877843315,53398900
2006-03-16,90.45235443115234,90.75609599530887,90.32119234359246,90.43854512366833,65526400
2006-03-17,90.52786254882812,90.72191929322844,90.36153423951323,90.56944462615684,47286800
2006-03-20,90.38232421875,90.72191822982026,90.24371377084586,90.5417257050748,45538500
2006-03-21,89.81401062011719,90.78430493830002,89.71698224582887,90.35459878762349,87102700
2006-03-22,90.36154174804688,90.45163273131202,89.71698776999462,89.75856985077857,51605700
2006-03-23,90.17445373535156,90.3685105861026,89.86257740916633,90.2784089856449,46704200
2006-03-24,90.2437515258789,90.49325466661004,89.9180110206104,90.09127679680412,43209200
2006-03-27,90.11206817626953,90.29226077706626,89.91801135224114,90.1189950002335,32523000
2006-03-28,89.55760192871094,90.46551276892014,89.43978248745424,90.0496707377653,82079900
2006-03-29,90.11898803710938,90.44472851841064,89.60611757020243,89.68929232786215,61505700
2006-03-30,89.95957946777344,90.77738873119854,89.78631371786452,90.17442730561217,70571700
2006-03-31,89.98035430908203,90.26451262583711,89.66154073352506,90.11203794734902,62925600
2006-04-03,89.91109466552734,90.70118636688369,89.7447662496457,90.14674421353665,61624700
2006-04-04,90.48633575439453,90.60415523724122,89.65466197380825,89.91109199086833,54809300
2006-04-05,90.79815673828125,90.98528666178976,90.361534350494,90.520935838883,50607200
2006-04-06,90.70115661621094,90.93680608692542,90.22987882538743,90.6873029696357,57906200
2006-04-07,89.77937316894531,91.06847072604002,89.64770008688926,90.83283185250593,80180900
2006-04-10,89.91797637939453,90.15361520616443,89.58529860304915,89.91797637939453,41496500
2006-04-11,89.15562438964844,90.13977258605043,88.88533024116691,89.9942352774154,72799400
2006-04-12,89.32193756103516,89.49520326203015,89.13480764287681,89.2457002295854,43033700
2006-04-13,89.20415496826172,89.57840438373333,88.9269233870758,89.1209802062542,51051800
2006-04-17,89.16948699951172,89.61997371373988,88.72592710808792,89.28730643899752,64167700
2006-04-18,90.58332824707031,90.74966716731521,89.3566038266058,89.3566038266058,92531800
2006-04-19,90.756591796875,90.83976654263844,90.2645230212395,90.61798132100449,87269000
2006-04-20,90.8813247680664,91.38725763105278,90.51400234456003,90.79122322352,86005500
2006-04-21,90.89523315429688,91.33879317296235,90.52791050955695,91.26949319913322,72342600
2006-04-24,90.72887420654297,90.83976681769572,90.36155168548825,90.71500998632351,52546400
2006-04-25,90.35462951660156,90.87442682177549,90.04275324855786,90.81898050685388,84359800
2006-04-26,90.3753890991211,90.88825940211572,90.30608916107288,90.44469961246887,67262400
2006-04-27,90.8120346069336,91.2278765938408,89.8140222985971,90.02887011422212,124478600
2006-04-28,91.11701202392578,91.31106885744667,90.59028784369825,90.64572358872913,55854400
2006-05-01,90.3753890991211,91.34568340949207,90.31995337880235,91.1169714058039,64990300
2006-05-02,91.05459594726562,91.11004224145798,90.61103616902604,90.79815551471354,49063500
2006-05-03,90.71500396728516,91.01302651807138,90.41005459449954,90.89519651697631,60821300
2006-05-04,91.0407485961914,91.22094115422475,90.77045447149075,90.84669181821664,42921400
2006-05-05,91.84471893310547,92.03877574231943,91.38036795567899,91.51897845150283,62588200
2006-05-08,91.73380279541016,92.01796111296758,91.73380279541016,91.8377579968091,30016700
2006-05-09,91.91402435302734,92.01799016254797,91.69917648544308,91.7754138489701,29864000
2006-05-10,91.86547088623047,92.00408132306994,91.4080469268916,91.76844252291299,64378200
2006-05-11,90.756591796875,91.86549675444189,90.45857980251849,91.83776831408694,80626900
2006-05-12,89.57147216796875,90.59720251835154,89.53681690049373,90.34769939795541,91726500
2006-05-15,89.75164794921875,89.9179868567735,89.13482237474194,89.25956862393234,84029300
2006-05-16,89.61995697021484,90.09817203692035,89.41203599660811,89.93183314297495,62137600
2006-05-17,87.9150390625,89.47443607478691,87.8595927543656,89.17641349047724,144789500
2006-05-18,87.4714584350586,88.53877581917762,87.40215321014692,88.26154963188117,87906300
2006-05-19,88.08832550048828,88.35861970656838,87.18734657610538,87.92892393672425,124309400
2006-05-22,87.41604614257812,88.13683239485562,86.9794182969132,87.52000666420837,110852800
2006-05-23,86.75069427490234,88.45562861712057,86.75069427490234,88.143752382778,92006500
2006-05-24,87.4437484741211,87.94275462897512,86.46653249390741,87.10414911948732,168405000
2006-05-25,88.52494049072266,88.52494049072266,87.62395646371198,87.96355585767398,78977900
2006-05-26,88.97544860839844,88.97544860839844,88.37248177771218,88.71900805737704,62989700
2006-05-30,87.3952407836914,88.71206150417417,87.36059080725688,88.69127046078327,72419900
2006-05-31,88.37245178222656,88.37245178222656,87.46453578841867,87.75562622477823,86926200
2006-06-01,89.218017578125,89.36356549478137,88.20614599958301,88.28238337015453,73721700
2006-06-02,89.40512084960938,89.70313284296341,88.9338431181747,89.57838658769002,91702600
2006-06-05,88.1021728515625,89.30810102370687,87.85959656486662,89.30117420062788,86105100
2006-06-06,87.88731384277344,88.28235952555687,87.15960089430439,88.16454008927867,130498600
2006-06-07,87.22892761230469,88.46951127295382,87.18041340379447,87.95664602760992,108599400
2006-06-08,87.15267944335938,87.67247673626213,85.84972279937105,87.03485999267112,204957200
2006-06-09,86.87544250488281,87.99127431310019,86.83386041860045,87.57543758732403,94972200
2006-06-12,85.93286895751953,87.27741269852193,85.81504953154416,87.24275743787017,95815900
2006-06-13,84.93484497070312,86.5219540681994,84.93484497070312,85.75958607520943,185688800
2006-06-14,85.59326934814453,85.6833656228516,84.78931383481853,85.1358452896693,163566400
2006-06-15,87.4090805053711,87.57541409352919,85.84275712790485,85.90513024059558,134057000
2006-06-16,86.77214050292969,87.40561264606038,86.63987481227761,87.21766089025864,94253500
2006-06-19,86.08995056152344,87.34994295626046,86.00641879262842,87.29425156964848,95804400
2006-06-20,86.38230895996094,86.88352073958717,86.12474563116899,86.32662289301967,65494700
2006-06-21,87.02272033691406,87.50304370731273,86.29178584875646,86.31963152850746,75008200
2006-06-22,86.639892578125,87.05756736301399,86.34752075980502,86.98099303283165,74566100
2006-06-23,86.6259765625,87.22464573040787,86.34056217060339,86.54940222862643,54107000
2006-06-26,87.00881958007812,87.05754820574191,86.49368763577212,86.69556488809977,37899600
2006-06-27,86.25699615478516,87.21764835608992,86.15953360498034,87.02273387852269,69780200
2006-06-28,86.84175872802734,86.85567891762689,86.07602083551575,86.45192968697177,62368100
2006-06-29,88.59600067138672,88.65169205556828,87.13413635826875,87.15501929958116,110634800
2006-06-30,88.60294342041016,88.86747478004426,88.38018324499389,88.7839377226301,54227800
2006-07-03,88.9649658203125,89.11114643202983,88.62386002289361,88.70739711204133,23914000
2006-07-05,88.45677947998047,88.72130559416414,88.0739078440357,88.60992813435837,69653400
2006-07-06,88.71435546875,88.9997645482403,88.46374952474605,88.54728129873186,50100300
2006-07-07,88.13655853271484,88.79787644781642,87.91379831079426,88.54031309464045,81626500
2006-07-10,88.30361938476562,88.7073739101736,87.99732742671661,88.3662735129948,60964100
2006-07-11,88.69344329833984,88.69344329833984,87.67013691603498,88.13654020384067,73640800
2006-07-12,87.74671173095703,88.68648106120683,87.51698880482307,88.51244950704866,82561300
2006-07-13,86.31964111328125,87.48913323757944,86.31964111328125,87.32902188898785,102405700
2006-07-14,85.98548889160156,86.50062600171704,85.50516552003494,86.41012621455116,103242500
2006-07-17,85.8602066040039,86.38926402555165,85.72794623188321,85.98550953776464,81159000
2006-07-18,86.2988052368164,86.35449663287025,85.19892406436038,86.11781085515335,122771000
2006-07-19,87.49610900878906,87.8929007540718,86.12473946303349,86.44495689685624,133565300
2006-07-20,86.8974380493164,87.92074445110075,86.77909786556462,87.79544151800427,112259800
2006-07-21,86.28487396240234,87.1480746104429,86.19437943313413,87.12022891427803,101560000
2006-07-24,87.85812377929688,87.93469811817788,86.62598222725244,86.62598222725244,92884000
2006-07-25,88.17135620117188,88.61687659057407,87.5169958056653,87.69799012355432,95480700
2006-07-26,88.28968811035156,88.72128295964708,87.83720501358754,88.12261399673251,84525800
2006-07-27,88.20618438720703,88.88839066474112,87.85115840037686,88.67258784751866,87257100
2006-07-28,89.09024047851562,89.20161791761772,88.31057716071352,88.43588009909205,82137000
2006-07-31,88.9997787475586,89.07635309327802,88.7213270641265,88.86751831397204,49593100
2006-08-01,88.56119537353516,88.6725728281515,88.1295951232182,88.64472713674176,65225600
2006-08-02,89.15987396240234,89.42440540347268,88.79092780619703,88.81181074922404,64770900
2006-08-03,89.39652252197266,89.48702232418434,88.5124446125854,88.64470497493737,63693800
2006-08-04,89.2433853149414,90.09961764927459,88.74217886390394,89.85597982902374,96294200
2006-08-07,89.03453826904297,89.15984119217367,88.6864751837934,89.03453826904297,45377300
2006-08-08,88.69344329833984,89.42437794599233,88.37322056683884,89.16680402433617,90901300
2006-08-09,88.39411926269531,89.52184577239419,88.13655062161595,89.22946338113904,78910600
2006-08-10,88.6656265258789,88.75612105106063,87.9068459449652,88.11568600125935,69322300
2006-08-11,88.4150161743164,88.54727657975309,87.98341589130582,88.52639363736957,47482200
2006-08-14,88.48461151123047,89.2155462266287,88.3523458190482,88.84659483848984,57839000
2006-08-15,89.54276275634766,89.70982633253315,89.03458803101204,89.27823126465617,68143000
2006-08-16,90.28758239746094,90.41984809898621,89.82813647280832,90.02306161645515,71737600
2006-08-17,90.51728820800781,90.75396856481339,90.14138473673088,90.20403354493658,70992800
2006-08-18,90.97675323486328,90.97675323486328,90.21101001069239,90.62869006424833,58288400
2006-08-21,90.58692169189453,90.6913363913893,90.35719873096131,90.62171951036298,42133600
2006-08-22,90.57996368408203,90.85842061704868,90.27366636884165,90.48947447515802,60839900
2006-08-23,90.32935333251953,90.8027247843616,89.93256682778353,90.62172513128432,66592100
2006-08-24,90.25276947021484,90.56603479911568,90.0787378972896,90.4894604821468,57983000
2006-08-25,90.36416625976562,90.67046357520923,90.18317721975163,90.24582604644348,41756000
2006-08-28,90.79573059082031,91.06722999229639,90.24579559423888,90.25275303195276,52681500
2006-08-29,90.90019226074219,91.07422387160544,90.36417192511031,90.8375434301226,61817800
2006-08-30,90.95586395263672,91.2203847208702,90.87928963555866,91.10204452575759,50052200
2006-08-31,90.94193267822266,91.18558111401258,90.90016680284006,91.08812386410533,37510300
2006-09-01,91.48489379882812,91.59627652778451,91.08113937289251,91.2899793341753,48794500
2006-09-05,91.65896606445312,91.78427434572873,91.33178579151499,91.54758328599623,52348300
2006-09-06,90.85142517089844,91.30391356731492,90.72612755536453,91.26910513343017,53795600
2006-09-07,90.43379211425781,90.89323813297312,90.0439629912437,90.53820683576268,86269400
2006-09-08,90.69132995605469,90.81663820860143,90.37807525775379,90.55210682592585,45096300
2006-09-11,90.78179931640625,90.97671375760838,90.13439657652458,90.39892787045906,68496600
2006-09-12,91.6728286743164,91.77724331870617,90.75393731553017,90.88620294644993,69875600
2006-09-13,92.04178619384766,92.20189220945956,91.55450008848068,91.63803181453203,62898400
2006-09-14,92.04877471923828,92.05574278012294,91.71463708013951,91.86082827214499,57805400
2006-09-15,92.26484680175781,92.56549249998713,92.06906436001879,92.50955618359905,76703100
2006-09-18,92.39069366455078,92.56549064898263,92.04808773431029,92.14597361884168,64154100
2006-09-19,92.15996551513672,92.38371078871873,91.64257324031158,92.37671208094314,92089100
2006-09-20,92.64936828613281,92.83116393575938,92.33473592092525,92.46758330526504,75204100
2006-09-21,92.20191192626953,92.8172007387675,91.88727948124635,92.71931485212113,88932500
2006-09-22,91.92225646972656,92.0690799900043,91.59363722313486,92.06209195005502,65966800
2006-09-25,92.62835693359375,92.88706356312578,91.62852393045034,92.10396630904187,92299100
2006-09-26,93.39752960205078,93.41151634859762,92.57248225597368,92.64240531994623,73962700
2006-09-27,93.5093994140625,93.67020965383085,93.18078022708278,93.33460242816952,82432200
2006-09-28,93.47442626953125,93.68418476029393,93.1877566877809,93.50938779611836,58597500
2006-09-29,93.39752960205078,93.64923769608562,93.32760653807823,93.55135180778106,47966600
2006-10-02,93.04794311523438,93.57233413098608,92.95704525850007,93.3695636303884,51687400
2006-10-03,93.24369049072266,93.60027244730438,92.7472624315507,92.91507135340314,73108100
2006-10-04,94.33442687988281,94.39036319017266,93.047923749497,93.1527976633153,80890500
2006-10-05,94.51620483398438,94.67702571485243,94.21555919096582,94.33441984067731,60505900
2006-10-06,94.39734649658203,94.46028151047874,93.97084148716536,94.3553969331574,64983600
2006-10-09,94.45326232910156,94.60009643801779,94.13863000286103,94.28546411177726,41176800
2006-10-10,94.57913970947266,94.7049883964817,94.27848339812967,94.46027905993317,56403700
2006-10-11,94.4672622680664,94.69099681200905,93.90092186795907,94.27847857844431,104071800
2006-10-12,95.28529357910156,95.362204648555,94.67000502347405,94.70496654027235,59158600
2006-10-13,95.53005981445312,95.58599613468142,95.11753078636464,95.2014406010882,53944000
2006-10-16,95.67686462402344,95.8236987695257,95.38320700177903,95.45313005559156,42273000
2006-10-17,95.37622833251953,95.57898813847636,94.85882542225966,95.41817790142362,90500600
2006-10-18,95.50203704833984,96.04740255324691,95.15944193324191,95.81666935213136,86848600
2006-10-19,95.65589141845703,95.70483969068471,95.25036117093173,95.36223379137188,64063200
2006-10-20,95.67686462402344,95.75377571571318,95.32028265460383,95.67686462402344,48094500
2006-10-23,96.11734008789062,96.34807332382177,95.36221604359554,95.48107667990703,66219900
2006-10-24,96.40403747558594,96.43898833790116,95.94257087040201,95.98452044018939,53234900
2006-10-25,96.732666015625,96.77461558946787,96.14533997553744,96.30616090028504,78105400
2006-10-26,97.03327178955078,97.18709394281704,96.47391947483332,96.94937267640849,66843700
2006-10-27,96.42500305175781,97.01231831021445,96.22923129893893,96.91443243380502,80238000
2006-10-30,96.3550796508789,96.62776249623919,96.0684100607216,96.25020573680202,49717800
2006-10-31,96.341064453125,96.66968351186011,95.96350780519379,96.53684681618091,71274100
2006-11-01,95.69085693359375,96.70467726027506,95.59297105381957,96.64175290944038,83005600
2006-11-02,95.63490295410156,95.79571315500343,95.34124536902732,95.44611926771142,60693100
2006-11-03,95.46712493896484,96.06143900717456,94.82387325845343,95.97753986107897,71346400
2006-11-06,96.54386901855469,96.68370446843271,95.75378325704044,95.76078196422897,63303300
2006-11-07,96.9144058227539,97.17310185321095,96.48790090648941,96.62773631028357,63318900
2006-11-08,97.12419891357422,97.22208479802835,95.69086150861185,96.48793533024165,87517800
2006-11-09,96.61380767822266,97.2850329564074,96.41803586141125,97.1941350883293,95916300
2006-11-10,96.65574645996094,96.72565885400151,96.29216573716094,96.58582339715889,48991500
2006-11-13,96.89347839355469,97.21509891256845,96.53689633931873,96.61379678053983,59398200
2006-11-14,97.62060546875,97.70451526659473,96.57182368015145,97.16613762786132,96704000
2006-11-15,97.90032958984375,98.20097537898606,97.55772354915082,97.58569705018456,76509600
2006-11-16,98.15194702148438,98.36169474151858,97.52967055828829,98.19389656549122,76728800
2006-11-17,98.17993927001953,98.18692730653129,97.69749803175712,97.83733344329859,56353800
2006-11-20,98.23591613769531,98.40372510210138,97.84437255617695,98.09608066840482,69174200
2006-11-21,98.33380126953125,98.35477605632384,98.08908119860126,98.22892733556832,51367900
2006-11-22,98.5295639038086,98.69737285131953,98.23590624723548,98.41070323344051,45505300
2006-11-24,98.13102722167969,98.4736224688245,98.02614263415227,98.05411612499724,30998000
2006-11-27,96.78157806396484,98.13101612244326,96.75361524504345,98.08206785338132,84545100
2006-11-28,97.20110321044922,97.29898908805247,96.56483967164783,96.65573751112245,106652900
2006-11-29,98.21492767333984,98.25687724140886,97.24305689428424,97.51573975549377,90034900
2006-11-30,98.25686645507812,98.6204471196984,97.71848883018498,98.19394210988224,83994300
2006-12-01,98.04016876220703,98.34781327251731,97.16618352553692,98.2569153938988,126080000
2006-12-04,98.78826141357422,98.97005710978199,98.04712388868208,98.06111063502765,87813200
2006-12-05,99.21473693847656,99.2566971650141,98.7672572075678,98.97701566522217,73374400
2006-12-06,99.1308364868164,99.3336069050274,98.93506477397986,99.19376082263712,53253200
2006-12-07,98.6973648071289,99.49443857250908,98.66240327898512,99.30565485554101,62857400
2006-12-08,98.87913513183594,99.2147422808994,98.4316553768317,98.67637536873231,79625500
2006-12-11,99.16581726074219,99.34760226688215,98.82321136238122,98.87914767244588,39779400
2006-12-12,99.08891296386719,99.1937868844559,98.5085857095007,99.06793817974945,77451600
2006-12-13,99.1937484741211,99.52236752306408,98.97700200966017,99.44545645482728,55520200
2006-12-14,100.06777954101562,100.15168935275105,99.17281978675788,99.18680653350742,64755200
2006-12-15,100.07691192626953,100.46361003211524,100.00661000679092,100.28783914111298,70857400
2006-12-18,99.80268859863281,100.45656175314949,99.66207406129422,100.21750523865221,48954600
2006-12-19,99.99250030517578,100.23154603452808,99.26832541859744,99.52143581679368,65023600
2006-12-20,99.93631744384766,100.3019239745073,99.84491312913126,100.03474873346303,41469600
2006-12-21,99.57062530517578,100.14012090032891,99.35970895748702,100.02763575762714,48698400
2006-12-22,98.95902252197266,99.5917935079182,98.90277454327895,99.58476653365835,62069100
2006-12-26,99.54255676269531,99.56364840807143,98.98008785352721,99.00117949890333,32696900
2006-12-27,100.1964340209961,100.25971969467149,99.71834235093847,99.74646097285799,39727100
2006-12-28,99.9854965209961,100.33000052606936,99.8308173124402,100.1261110574465,37288800
2006-12-29,99.57062530517578,100.21746047054702,99.4370377995084,99.87998358604827,45461200
2007-01-03,99.39488983154297,100.44248788598635,98.8324317336786,100.01360661303443,94807600
2007-01-04,99.60584259033203,99.87301776524691,98.86057576367818,99.29648412005233,69620600
2007-01-05,98.81139373779297,99.41604624230234,98.69890848185747,99.36683595436948,76645300
2007-01-08,99.26837921142578,99.4230584679319,98.60747888420957,99.00824170194038,71655000
2007-01-09,99.18402099609375,99.55665449240364,98.71294548440586,99.35275421512875,75680100
2007-01-10,99.51441955566406,99.53552192757535,98.64260300711398,98.8394655005415,72428000
2007-01-11,99.95036315917969,100.27377559446956,99.48632542694233,99.54257340008054,54476800
2007-01-12,100.70970916748047,100.70970916748047,99.91522118408459,99.94333981058993,55370600
2007-01-16,100.5127944946289,100.85027147878293,100.35107760938436,100.59013408768503,44871300
2007-01-17,100.55499267578125,100.86435109384313,100.3510924783307,100.43546978302126,50241400
2007-01-18,100.21753692626953,100.72375800331089,100.05583069361059,100.66048305073194,68177300
2007-01-19,100.4144058227539,100.61126837430359,100.16129529530366,100.21753254299976,56973000
2007-01-22,100.10503387451172,100.61125486142276,99.78863771154006,100.59016321431838,60253600
2007-01-23,100.40034484863281,100.59720740744112,99.8800590985224,100.02067367935621,54064400
2007-01-24,101.2088623046875,101.22995395031121,100.47766022392706,100.51984351517447,55834700
2007-01-25,100.02064514160156,101.18776621311,99.8448742836588,101.145582923716,73583800
2007-01-26,99.92926788330078,100.29486360312386,99.54256978713836,100.23862636023071,67255600
2007-01-29,99.87300109863281,100.40031365910268,99.6550469568175,99.97143234745913,66114600
2007-01-30,100.39327239990234,100.44249338667133,99.8800245298031,100.08392472041588,70407600
2007-01-31,101.06828308105469,101.33545832326878,100.11911578344585,100.28083276068386,91868600
2007-02-01,101.67292022705078,101.70807655283063,101.18076385074612,101.34949704936234,69312400
2007-02-02,101.81350708007812,101.9119383285381,101.5111863627373,101.75725911978651,49607000
2007-02-05,101.84168243408203,101.90495739492074,101.48310286625002,101.73621343781119,45705300
2007-02-06,101.86976623535156,101.96819749462864,101.47604119824324,101.92601420182456,57081300
2007-02-07,102.09471130371094,102.2001694873819,101.64473850638534,102.03142566531065,55669700
2007-02-08,101.96116638183594,102.03146829092064,101.43385378679075,101.79242248926869,70641000
2007-02-09,101.20182800292969,102.17911351612567,100.81512998083025,101.9892779910584,79084400
2007-02-12,100.85736846923828,101.27218533443212,100.67457054429032,101.20188339170168,65657000
2007-02-13,101.70809173583984,101.87682495964462,101.07530996195398,101.08234766508316,64081800
2007-02-14,102.37601470947266,102.57990425553636,101.79245396976545,101.80651864721294,66039400
2007-02-15,102.50955200195312,102.6150102105252,102.24940387380825,102.41814773572382,38715200
2007-02-16,102.46033477783203,102.48142642032018,102.10879309876209,102.25644532437975,39841800
2007-02-20,102.67827606201172,102.7907719600142,101.94707418139426,102.34079909620361,56911800
2007-02-21,102.63613891601562,102.69942459221274,102.19320355186066,102.37600142213064,63971600
2007-02-22,102.55878448486328,102.94548254710652,102.06662819119126,102.68534509078043,79067400
2007-02-23,102.15801239013672,102.50251636386682,101.9681768826892,102.46737077910288,71966200
2007-02-26,102.06663513183594,102.61503942896296,101.7713413355524,102.5306728380829,69192800
2007-02-27,98.08014678955078,101.38463704470516,97.72860504478537,101.15965590672067,274466500
2007-02-28,99.08554077148438,99.8237805047006,98.2910638057464,98.70588044685402,177536300
2007-03-01,98.79024505615234,99.31053063632878,97.06066589321682,97.96763876233646,212828600
2007-03-02,97.49657440185547,98.89571423877963,97.48954742996389,98.46683293296277,162574000
2007-03-05,96.56851959228516,98.13639273779684,96.55445491888706,96.9762985670082,143750400
2007-03-06,98.22079467773438,98.51608855617509,96.82869189988351,97.57395893521573,143333300
2007-03-07,98.1223373413086,98.75511896561987,98.00984139989279,98.14342898929861,115144900
2007-03-08,98.95199584960938,99.24728969249854,98.48093109584295,98.81137053834357,117891600
2007-03-09,98.9801025390625,99.4300755875184,98.48794619359568,99.3527359669305,107765100
2007-03-12,99.1277847290039,99.37385761191373,98.54422391172699,98.7270218300206,80366900
2007-03-13,97.2012710571289,98.9730440651043,97.05361883638083,98.55821674405033,190605200
2007-03-14,97.92543029785156,97.98167824299307,96.14663060452106,97.32780526789686,231853800
2007-03-15,98.05907440185547,98.4246808921131,97.58800965873733,97.70753258804748,132435900
2007-03-16,97.78446960449219,98.56093328991636,97.49505943349278,98.33504902842773,121531600
2007-03-19,98.96327209472656,99.05503891977268,98.22210419192152,98.29975055832499,96161200
2007-03-20,99.5068130493164,99.56328412243428,98.79388594637048,98.87858717066935,82147400
2007-03-21,101.14442443847656,101.3985388654261,99.40092998530812,99.59857334285164,152368700
2007-03-22,101.0667953491211,101.41973151520256,100.79150557040785,101.27855920292137,118942200
2007-03-23,101.21500396728516,101.51146896844982,101.04559077915368,101.13735760240247,74416800
2007-03-26,101.08089447021484,101.39853479847287,100.29737591610919,101.2926582793051,113787500
2007-03-27,100.84089660644531,101.05266040733203,100.50913583156546,101.02441948947816,99864600
2007-03-28,100.1068344116211,100.56564718840491,99.71153679857018,100.33270799117726,152907900
2007-03-29,100.21266174316406,100.66441945112497,99.66208237317277,100.61500323473308,139432700
2007-03-30,100.23384857177734,100.82677861215042,99.21739091927802,100.40326177077876,128194100
2007-04-02,100.3468017578125,100.55856558720176,99.86680302647979,100.3468017578125,79416400
2007-04-03,101.4267578125,101.63145597034044,100.87617846851224,100.91852906870317,82417800
2007-04-04,101.5396957397461,101.61027648023622,101.05264231612888,101.42675363005901,63995200
2007-04-05,101.81500244140625,101.95617471676724,101.37029954180262,101.4126501473355,46822800
2007-04-09,101.95618438720703,102.210298815261,101.75147541337608,102.10441152063129,50967400
2007-04-10,102.076171875,102.24558506819382,101.83617792937444,101.87852853498434,56620000
2007-04-11,101.65972900390625,102.25265913542245,101.3209025538202,102.22442898329341,106365700
2007-04-12,102.11145782470703,102.29498068829996,101.17970150780482,101.462056802663,115534400
2007-04-13,102.57737731933594,102.57737731933594,101.89973510935624,102.28090144757402,84287000
2007-04-16,103.55148315429688,103.66442532789071,102.93032274104772,102.9373775878629,83064600
2007-04-17,103.82673645019531,104.045555102841,103.51615096743832,103.7420352351724,108424100
2007-04-18,103.95380401611328,104.25732389830077,103.45969562025272,103.48087092502136,88345300
2007-04-19,103.9255599975586,104.04555697792185,103.31145463606573,103.44557207610552,102947700
2007-04-20,104.90670776367188,104.90670776367188,103.79142855628243,104.62436323275831,124114100
2007-04-23,104.51142883300781,104.98436188114097,104.44790292447222,104.73024747624436,77270800
2007-04-24,104.55374908447266,104.75139236748385,103.98906014486985,104.6313954292807,114471000
2007-04-25,105.51378631591797,105.64084892821589,104.48321880978177,104.98438210131536,108418800
2007-04-26,105.63375854492188,105.7396458254696,105.24553749517494,105.52082719139295,88741600
2007-04-27,105.5490493774414,105.69728725072783,105.06199592761133,105.23846394446264,108191100
2007-04-30,104.67375183105469,105.69727482507037,104.6172915505623,105.62668331832732,100874100
2007-05-01,104.9420166015625,105.50671650452117,104.23614441555286,104.76554855506009,134342700
2007-05-02,105.55612182617188,105.84553200705896,104.99848753904618,105.10436405851473,87129800
2007-05-03,106.12787628173828,106.16316127071349,105.69022824845699,105.85964143270333,86569700
2007-05-04,106.53022766113281,106.67139994238292,106.03611929138012,106.41023068353249,96409000
2007-05-07,106.55137634277344,106.72784434293396,106.45255469351363,106.50197090351952,63461400
2007-05-08,106.41021728515625,106.53021424764745,105.97258003715851,106.29022032266504,80584000
2007-05-09,106.69964599609375,107.87139645129494,106.14200091779992,106.33258943057486,102070100
2007-05-10,105.5843734741211,106.60083124732536,105.36555479781437,106.39612226121167,153617800
2007-05-11,106.48782348632812,106.53722891307322,105.6831300401644,105.7043053331622,113408900
2007-05-14,106.25492095947266,106.79844546470268,105.73257175450783,106.48786003314267,108027500
2007-05-15,106.28317260742188,107.05257065010134,106.01493774930265,106.37492866092002,180673300
2007-05-16,107.01020812988281,107.03138342992871,106.14904335884047,106.44550833023578,114166500
2007-05-17,106.79850006103516,107.26437844653631,106.6643825769583,106.85497114752849,101132800
2007-05-18,107.730224609375,107.730224609375,107.15846978227421,107.29964208501723,99182000
2007-05-21,107.67375946044922,108.1608130868627,107.64552930664937,107.70200038500597,174664600
2007-05-22,107.58905029296875,108.1113996511734,107.56082014125103,107.78669366726108,82148800
2007-05-23,107.60314178466797,108.35136446744185,107.5466707256799,107.9631326686196,133786600
2007-05-24,106.62904357910156,108.14667514019169,106.40317009544529,107.66667648494673,187593000
2007-05-25,107.07376861572266,107.30670776222154,106.71376685715333,106.93965115827575,83309200
2007-05-29,107.46197509765625,107.64549797082368,106.90433009293939,107.25021130815306,82020000
2007-05-30,108.33724212646484,108.37959272728129,106.82667632974434,106.91138830213025,129013600
2007-05-31,108.22429656982422,108.6266379955004,108.08311355797136,108.47134529906353,114866700
2007-06-01,108.76078796386719,108.98666146311908,108.3584356469508,108.6196156804904,107771700
2007-06-04,108.77493286132812,108.97963110259971,108.3372846825547,108.37963530000694,78008800
2007-06-05,108.3443603515625,108.63375985458927,107.8996572855396,108.52082845449117,126917900
2007-06-06,107.17961883544922,107.96313731011945,107.11609293038902,107.89961140505923,164096800
2007-06-07,105.24553680419922,107.64549769030452,105.21729588793706,106.98197617794204,232414600
2007-06-08,106.61495971679688,106.72084703643102,105.23851072761511,105.58439207187422,175886000
2007-06-11,106.79850006103516,107.25731282900063,106.37497229771441,106.5373199396587,102015600
2007-06-12,105.63375854492188,106.96785642209434,105.56317779531052,106.35375112378198,233898000
2007-06-13,107.21495056152344,107.34201318502195,105.68320885807377,106.23378842813375,193208200
2007-06-14,107.89958953857422,108.0831123729185,107.31371451221365,107.33488980960908,146396500
2007-06-15,108.51351928710938,108.93177613644376,108.41426089861581,108.56313766418218,154030800
2007-06-18,108.38597869873047,108.74043608355424,108.22293133052219,108.73335083004291,88537500
2007-06-19,108.65530395507812,108.73328496518984,108.01018930935162,108.14488476474224,110851700
2007-06-20,107.14532470703125,108.87507761775096,107.01772530403171,108.87507761775096,177119700
2007-06-21,107.74085998535156,107.8330223637584,106.51444050452598,107.1028410413148,205262000
2007-06-22,106.72706604003906,107.59194248116505,106.2308281190263,107.41471387957654,204964700
2007-06-25,106.21670532226562,107.22336303584619,105.64248606750036,106.50736298513095,232014400
2007-06-26,105.12490844726562,106.66326216800347,105.11782319766233,106.48603357334635,198445700
2007-06-27,106.6207046508789,106.74122959902236,104.96184781210741,105.01147700453984,213638000
2007-06-28,106.60657501220703,107.3367561437555,106.10324091496427,106.60657501220705,157705000
2007-06-29,106.64205169677734,107.50692864674012,105.73464158815764,106.97524252916539,199701800
2007-07-02,107.60614013671875,107.69830249429926,106.88305504812406,106.95394001634297,103357000
2007-07-03,107.99604034423828,108.10946926877405,107.7479267411411,107.8826114197025,54048400
2007-07-05,107.88263702392578,108.1520280793395,107.49274258121248,108.03859912788317,89279000
2007-07-06,108.44974517822266,108.58444067390333,107.70538273489836,108.02440293716421,81109000
2007-07-09,108.53482055664062,108.71913444312128,108.1945337885845,108.57735369835328,72348100
2007-07-10,106.9894027709961,108.18747031725444,106.88306989530793,107.9606124262135,180362600
2007-07-11,107.74796295166016,107.79049610836066,106.70585734377308,106.86890471685204,175607600
2007-07-12,109.44927215576172,109.70448172201846,107.99599575949907,108.0172623219227,133882500
2007-07-13,109.77542114257812,110.20785944583405,109.44931569373864,109.57692593621582,111794300
2007-07-16,109.76121520996094,110.25745311458981,109.58398661422385,109.87464410735468,98378700
2007-07-17,109.7044906616211,110.2219950847218,109.65486146713967,109.83209004656071,126201300
2007-07-18,109.50598907470703,109.73993208383847,108.67656066988107,109.33584575429143,237887400
2007-07-19,109.93138122558594,110.25747585136988,109.70452338401687,110.02353275869325,145212700
2007-07-20,108.81835174560547,109.87463801178144,108.34338043344128,109.8037422505497,245502500
2007-07-23,109.15156555175781,109.68325142247801,108.67659413864232,109.3004315379405,121183900
2007-07-24,107.2587890625,109.37135169766347,106.87596909261599,108.5490081048259,256732400
2007-07-25,107.47855377197266,108.03150635033316,106.51442938610674,107.76921138339225,265214500
2007-07-26,104.9334945678711,106.9042753973938,103.77796083202975,106.4718372546756,467592500
2007-07-27,102.87056732177734,105.53608152767686,102.82803418922617,105.06820625243886,422987600
2007-07-30,104.47986602783203,104.78469419766617,102.99822588410059,103.45193092055742,283017500
2007-07-31,103.3030014038086,105.95434500437185,102.82093401408133,105.15326831608188,316976700
2007-08-01,103.80636596679688,104.21753775773716,102.04826068122861,102.92022266317873,467670000
2007-08-02,104.63579559326172,104.74921370420256,102.9769272667637,104.04029912922701,294758400
2007-08-03,101.94187927246094,104.62157448130205,101.51652636238266,104.4088980262629,359398200
2007-08-06,103.65042114257812,104.08994478700686,101.04160946956652,102.2325917686226,324980000
2007-08-07,104.75631713867188,105.62827909839218,102.95566793400538,103.45900207718722,232568700
2007-08-08,106.21670532226562,106.75547667374806,104.45150358372162,105.21004760868507,274930600
2007-08-09,103.069091796875,105.59282600626847,102.99819601101098,104.51527280076874,357622100
2007-08-10,102.58705139160156,103.8560039499289,101.4598687932043,102.36019349448163,411018400
2007-08-13,102.9556655883789,104.13246643489445,102.80679957817809,103.85599017020017,181917200
2007-08-14,101.3818588256836,103.54405021571566,101.17627838008957,103.28884056284012,264134500
2007-08-15,99.98530578613281,102.40980312477755,99.68756296600647,101.176287883816,323834000
2007-08-16,100.73678588867188,101.33227165646075,97.12131649519053,99.09918380148221,546743700
2007-08-17,102.58705139160156,103.36685107429649,100.23344938629197,103.147089247199,388218100
2007-08-20,102.53740692138672,103.12580733521058,101.58036788815478,102.91313079258367,187320400
2007-08-21,102.74297332763672,103.48025046550605,102.18293563200439,102.5090410616729,157066400
2007-08-22,103.96234893798828,104.06869264609263,103.02658704632096,103.50864390808084,173156700
2007-08-23,103.8701400756836,104.67120598551749,103.22502538078558,104.45144425404513,203915300
2007-08-24,105.15328979492188,105.15328979492188,103.7000128966482,103.84179363417266,128901900
2007-08-27,104.17498779296875,105.15329330373284,104.01902573133457,104.81301735888425,113024300
2007-08-28,101.88518524169922,103.67873792817667,101.70087137956583,103.61493822403541,219790700
2007-08-29,103.88431549072266,104.02610703002387,102.05532578610504,102.34597248045081,207654200
2007-08-30,103.60782623291016,104.34510320248243,103.01234078476094,103.11158835945247,191817300
2007-08-31,104.6286849975586,105.27379976733938,104.08991388956584,104.67121813540322,185477500
2007-09-04,105.6849594116211,106.32297804089673,104.49397760188464,104.52942548510555,120062000
2007-09-05,104.77047729492188,105.17456378340542,104.2104395561849,105.06113485851414,166261800
2007-09-06,105.01152038574219,105.35179635594426,104.29550973566062,104.88391013618012,127878400
2007-09-07,103.55113983154297,104.1324440608198,102.9769100354701,103.84178653759331,235447600
2007-09-10,103.35264587402344,104.01194202017959,102.31763670477518,103.87016127582498,192305900
2007-09-11,104.55779266357422,104.70665863552782,103.59366861080196,103.67164963040764,162081900
2007-09-12,104.82719421386719,105.23128071182,104.19626067799358,104.41602246438424,149554600
2007-09-13,105.56446838378906,105.94727748176459,105.06113429302923,105.30925871274617,154079000
2007-09-14,105.55736541748047,105.69206090411478,104.7350328131256,104.89099486952566,121911000
2007-09-17,104.99027252197266,105.38016695740696,104.65708174402772,105.13913855294722,109870800
2007-09-18,108.08109283447266,108.10944465056163,105.01149222272683,105.50773013309765,263759500
2007-09-19,108.71913146972656,109.44931256163038,108.25834135753851,108.75457935924345,193779900
2007-09-20,107.95349884033203,108.76874618578574,107.83298467378877,108.70494647711756,175186800
2007-09-21,108.24482727050781,109.06394215954639,108.08100646639882,108.77191660487216,141457500
2007-09-24,108.0453872680664,108.85026440705546,107.81033436371136,108.5653468554918,139450200
2007-09-25,107.83167266845703,108.02399060520631,107.17637877976392,107.41855048175022,142289900
2007-09-26,108.40152740478516,108.8146497083222,107.83170316306189,108.44426232092805,135547000
2007-09-27,109.04257202148438,109.04970175311408,108.4015265474242,108.91436727406968,102713300
2007-09-28,108.67933654785156,109.113826394694,108.25196556559833,108.87165457671509,133372100
2007-10-01,109.90443420410156,110.22495694559198,108.62233236964639,108.6935644759747,148162300
2007-10-02,109.75482177734375,110.15369538173029,109.55538497515047,110.12520906791293,112978800
2007-10-03,109.5340347290039,109.98277303867488,108.98557800257186,109.55540218484612,119055900
2007-10-04,109.70498657226562,109.8759262210726,109.39870158733241,109.76908894056824,76864400
2007-10-05,111.00846099853516,111.18653038681097,110.13948151426979,110.42438818811391,134579700
2007-10-08,110.41722869873047,110.75199989499393,110.23915937597283,110.6807678184953,71280400
2007-10-09,111.45719146728516,111.47144006190887,110.42439116117698,110.83039459425365,94054300
2007-10-10,111.2719955444336,111.4286974690179,110.69505248959702,111.14377993864075,101711100
2007-10-11,110.73780822753906,112.19797959840797,110.07538435476673,111.77772752063004,233529100
2007-10-12,111.350341796875,111.3645903899143,110.59532939317259,110.73066385581586,124546700
2007-10-15,110.41014862060547,111.3717277433072,109.64801722809226,111.30762536672545,161151900
2007-10-16,109.5340347290039,110.06112399959375,109.31323043963955,109.98277303867488,166525700
2007-10-17,109.86881256103516,110.46712309717559,108.60095938605014,110.38877213159819,216687300
2007-10-18,109.46998596191406,109.82612489165236,109.03549603289345,109.29903536298055,148367500
2007-10-19,106.60657501220703,111.45718317980842,106.59945614967111,109.04256282405781,297169900
2007-10-22,107.22628784179688,107.3829898164796,105.88721306063904,106.02966643712443,261989800
2007-10-23,108.09528350830078,108.23061803989339,107.01974785845563,107.8816088463099,180085100
2007-10-24,107.89580535888672,108.0810044865243,106.01539297225432,107.70349823656163,326694200
2007-10-25,108.15219116210938,108.47271379871663,106.7561336302454,108.01685672546655,237374500
2007-10-26,109.42010498046875,109.42010498046875,108.19498637535291,109.02123117759308,176484000
2007-10-29,109.78333282470703,110.00413710727238,109.37021057699134,109.640868632156,106841000
2007-10-30,109.0212173461914,109.5126906725591,108.88588285127919,109.2990051999869,132981600
2007-10-31,110.15373992919922,110.59535948564384,108.86451905489854,109.6765151832064,220954400
2007-11-01,107.5752944946289,109.2705188092457,107.26189058417928,109.18503809917196,333040800
2007-11-02,107.69637298583984,108.26619725032982,106.27894749083278,107.93142590251047,331228200
2007-11-05,106.87721252441406,107.66784077314428,106.10795172550176,106.58517621891704,226841000
2007-11-06,108.31602478027344,108.34451109291345,106.7703733244221,107.4541643811738,177800500
2007-11-07,105.35298919677734,107.64652408569067,105.0965688095543,107.15505077113863,306639700
2007-11-08,104.81877899169922,105.70199630003287,103.33012134843209,105.40997073080644,374509900
2007-11-09,103.37995910644531,105.08942081181699,103.20188972594858,103.77171391723662,277745100
2007-11-12,102.35428619384766,104.42701656254745,102.35428619384766,103.42983229676062,243087800
2007-11-13,105.47409057617188,105.63791141557371,103.43697577542864,103.54381309058289,191117400
2007-11-14,105.18203735351562,106.41427462237003,104.54811069131368,106.28606986458489,230558800
2007-11-15,103.66487121582031,105.05382115148335,102.93835593052711,104.3985271010363,263111100
2007-11-16,103.84293365478516,104.32728801438597,102.97396508947237,104.21332100406904,308770600
2007-11-19,102.39701080322266,103.53665916526487,101.99101827462125,103.47967566031353,267746000
2007-11-20,103.02385711669922,103.65778390278888,101.2217952123602,102.58224837336603,414767500
2007-11-21,100.9155044555664,102.5038916327294,100.90838559086234,101.91269980741923,259012400
2007-11-23,102.66059875488281,102.81017100064285,101.64203588931859,101.90558605553248,77688400
2007-11-26,100.39551544189453,103.19477177977728,100.18895974082075,102.87423819724279,214232000
2007-11-27,101.54944610595703,102.01954117048992,100.39554873684062,100.95825425717737,293897900
2007-11-28,104.79739379882812,105.03956554442456,102.66768012569021,102.703296174982,258596900
2007-11-29,104.83300018310547,105.21763613028465,104.06375002573198,104.43412651083997,199409900
2007-11-30,105.88721466064453,106.74906466592647,104.93988393338293,106.15787281950776,222908000
2007-12-03,105.18915557861328,105.73761239896206,104.91136773660439,105.55242412712086,146430400
2007-12-04,104.24894714355469,105.08942947188423,104.21333109082185,104.46263259145837,136533900
2007-12-05,105.99402618408203,106.27181400880056,105.29599719067274,105.36721842841212,171130000
2007-12-06,107.51114654541016,107.70346447594486,105.8230526787444,105.865787581421,154457400
2007-12-07,107.48976135253906,107.91000231748352,107.23334111031245,107.85301883382336,148980100
2007-12-10,108.32315063476562,108.44423649116084,107.45417131852632,107.7533265287658,123914300
2007-12-11,105.35298919677734,108.90012882961764,105.29600568089508,108.36592059527747,250346400
2007-12-12,106.39290618896484,108.10237902324683,104.84726503501224,107.5966571234587,322435600
2007-12-13,106.17211151123047,106.40716445487402,104.91850668029329,105.64503297260109,237551300
2007-12-14,104.82589721679688,106.20059869056207,104.77604343444987,105.36722430146165,159152900
2007-12-17,103.33012390136719,104.61221497655912,103.1805408127311,104.42702670021892,177269400
2007-12-18,103.90704345703125,104.33440342885814,102.53947198389974,104.06374537391537,245569300
2007-12-19,103.90704345703125,104.6264398074596,103.23750087916135,103.94977836736476,198917200
2007-12-20,104.56233215332031,104.60506706149232,103.408435290219,104.59081846927118,214813800
2007-12-21,106.06966400146484,106.27731599234355,105.32495764028037,105.52545298532769,146084400
2007-12-24,106.85733032226562,107.03634481898477,106.32028683210818,106.56375485154133,45601400
2007-12-26,107.08645629882812,107.17953639182865,106.33459335251455,106.44199766219822,67093100
2007-12-27,105.74024200439453,106.71408093882842,105.48962835856534,106.70692429506427,122981700
2007-12-28,105.47534942626953,106.4133836922409,105.188919660132,106.36325438584994,116398100
2007-12-31,104.69482421875,105.69730084941315,104.58740898435164,105.33211527528067,108126800
2008-01-02,103.77827453613281,105.25336310657494,103.02642242169806,104.9239716386062,204935600
2008-01-03,103.72816467285156,104.17928471947405,103.1624836475225,103.76396975890034,125133300
2008-01-04,101.18614196777344,102.71134881929113,100.89972317295937,102.6397386574993,232330900
2008-01-07,101.10021209716797,101.84490747212055,100.31971164359223,101.54416447880263,234991000
2008-01-08,99.4676513671875,102.32471671257954,99.13110312494018,101.7375546455018,326365700
2008-01-09,100.51300811767578,100.8137510173914,98.60113551694418,99.59645520630272,301824900
2008-01-10,101.17184448242188,102.25309920982049,99.79701423693035,100.01899050048966,335701200
2008-01-11,100.35545349121094,101.60855410667963,99.53199174294247,100.80657320915415,267076600
2008-01-14,101.16465759277344,101.57997247916079,100.53452315464416,101.07873414254718,170365500
2008-01-15,98.93775939941406,101.31507784915604,98.74442062761435,100.09777017785053,239940100
2008-01-16,98.08560180664062,99.61796517754495,97.58436349394778,98.35770728760636,378802600
2008-01-17,95.54359436035156,98.73006055645126,95.1855654328056,98.67993126203046,397892600
2008-01-18,94.5625991821289,96.68213525387269,93.87518975563287,96.48163992729668,348561500
2008-01-22,93.60308074951172,94.8275335245726,90.22328690561986,91.08971622747632,435923700
2008-01-23,95.85151672363281,96.0878171560543,90.8247869025235,91.00380138834187,511913000
2008-01-24,96.66068267822266,96.9972308447835,95.45769944055904,96.29548607023845,259949300
2008-01-25,95.26436614990234,97.92810319328119,94.94930975948326,97.74908866577552,269603900
2008-01-28,96.83966064453125,97.04015595410415,94.56259116270347,95.42185833604087,217934600
2008-01-29,97.31944274902344,97.7061092509633,96.58190390322551,97.45549551350265,168968300
2008-01-30,96.60334014892578,99.20262198769053,96.3813640256935,97.08309746311197,334939200
2008-01-31,98.36486053466797,99.20264688397914,95.37890069701777,95.52211007767197,343680800
2008-02-01,99.94735717773438,99.96883803939039,98.47227973774955,98.77302272710972,206843600
2008-02-04,98.68708801269531,99.74685046270349,98.55819193130029,99.68240788509327,124694300
2008-02-05,96.04487609863281,97.56291576871168,95.71548456631673,97.34093950671102,286882500
2008-02-06,95.27149200439453,96.84681697137414,94.81321545170637,96.36705955888614,250792900
2008-02-07,95.9016342163086,96.51744447890896,94.3263089408263,94.37643824095954,297368100
2008-02-08,95.28584289550781,96.10930522150154,94.59126576439536,95.30015618859822,221643500
2008-02-11,95.7727279663086,96.11643264098964,94.5482643563814,95.30729478030666,188576300
2008-02-12,96.66068267822266,97.60587364779212,95.93745703569961,96.60339672155496,256654400
2008-02-13,97.6488037109375,98.14288536653224,96.76805563097649,97.39102245263483,181967800
2008-02-14,96.78950500488281,98.09989173111795,96.51739961903462,98.06408666568971,215207200
2008-02-15,96.76802825927734,96.82531418116027,95.88728042844372,96.30975181038633,154110300
2008-02-19,97.04017639160156,98.02117228620193,96.38856103516639,97.89944374590809,145190000
2008-02-20,97.32659149169922,97.77771147914251,95.77990375718801,95.94460494617077,220085700
2008-02-21,96.5174331665039,98.10708247373341,96.0018815645957,97.85646878097155,201051200
2008-02-22,97.1117935180664,97.27649474366284,95.13547714652215,96.64636013555632,205491000
2008-02-25,98.33623504638672,98.5653678982,96.51028517291955,97.05448525638072,190107000
2008-02-26,99.07376861572266,99.49624014222196,97.74190052319472,97.92091499301742,212420700
2008-02-27,98.97350311279297,99.63227493187637,98.39349808328335,98.50090237535026,168395800
2008-02-28,98.00686645507812,98.78737807048957,97.77773354982449,98.27181537594481,170831100
2008-02-29,95.82289123535156,97.1547486878049,95.07818476225718,97.09747366019316,252715200
2008-03-03,95.59371185302734,95.81568801251314,94.69148300042156,95.3359306199722,189483500
2008-03-04,95.22853088378906,95.52210627829184,93.7964152818586,94.68431996230352,282513100
2008-03-05,95.83000183105469,96.50309780690974,94.76307194101071,95.53641555627992,270681400
2008-03-06,93.84651947021484,95.393206708945,93.48133398030909,95.22134892925055,247911700
2008-03-07,92.8798599243164,94.33345635102502,92.07071113241986,92.92282164314726,326434600
2008-03-10,91.65541076660156,93.03739726250205,91.36182440670746,92.97295467408912,235683600
2008-03-11,94.94927978515625,95.03520323485651,92.33566195295276,93.60308746691253,341440600
2008-03-12,94.06135559082031,95.78705755780847,93.91814621217932,95.04951887794095,229161100
2008-03-13,94.26898956298828,94.97789060232876,92.08502237155272,92.80823669770345,351504200
2008-03-14,92.8082504272461,95.09963316577193,91.49786336282942,95.07099566174182,484687800
2008-03-17,91.87023162841797,92.55764110029264,90.27342009248221,90.6314490458851,405311100
2008-03-18,95.68681335449219,95.7297750770179,93.07319566369647,93.5314722475968,334416600
2008-03-19,93.3166275024414,96.41714715672164,93.11612133133207,96.05196173047854,345971600
2008-03-20,95.04512023925781,95.64239176210579,93.01583547630939,93.58432772419856,245320700
2008-03-24,96.94493103027344,97.72929577821421,95.87992151103862,95.93028801856731,208977300
2008-03-25,97.0384521484375,97.54217196520865,96.26127972530408,97.04564422429549,192947200
2008-03-26,95.85110473632812,97.21115378737414,95.78634311015188,96.75781142387143,196934300
2008-03-27,95.54887390136719,96.74341737210736,95.2466419955659,96.57070872010559,225153200
2008-03-28,94.6349868774414,95.96625682377456,94.3111677224678,95.7000072266161,180896100
2008-03-31,94.96597290039062,95.51286702081975,94.33271898601336,94.47663733557195,166692100
2008-04-01,98.30494689941406,98.47045248232749,96.0741736468527,96.14613832478109,254547300
2008-04-02,98.3697280883789,99.06774387810925,97.85161304898587,98.62159353095929,210910800
2008-04-03,98.6144027709961,98.90225059559324,97.65734032249195,97.83724109526324,175884800
2008-04-04,98.50640869140625,99.27638881597524,97.95231156308891,98.67191423041754,204446800
2008-04-07,98.55681610107422,99.71537718678253,98.39850258772759,99.21164638235128,154245500
2008-04-08,98.45608520507812,98.52803891507024,97.8300231445531,98.00273181302036,148937300
2008-04-09,97.7436294555664,98.44164490583327,97.06720120641995,98.30491864522729,195610600
2008-04-10,97.8803939819336,98.34813149608851,97.07443123071322,97.44862783019877,192967800
2008-04-11,95.9806137084961,97.23271540611437,95.71435323717624,96.77937316192356,222973300
2008-04-14,95.65680694580078,96.09576514813467,95.38336531404448,95.84391072466786,160522000
2008-04-15,95.87987518310547,96.20369422732227,95.22503403973961,96.12453748493446,172389200
2008-04-16,98.4776840209961,98.52085844813318,96.80100755878692,96.81539171431835,189268900
2008-04-17,98.62161254882812,98.76553098079664,97.62136462327905,97.88042219293139,179665700
2008-04-18,99.65060424804688,100.42777667997953,99.49229073523085,99.98162640582635,218530600
2008-04-21,99.70098876953125,100.0104127608323,99.19726891144269,99.4707105599654,118587400
2008-04-22,99.26203918457031,99.5282887798316,98.51364591857647,99.44193993385936,162166000
2008-04-23,99.10370635986328,99.86648363155892,98.6719402534889,99.36995590330883,193309000
2008-04-24,99.53547668457031,100.55731146734249,98.61437488658395,99.36276803864749,229381300
2008-04-25,100.4565658569336,100.665245859604,99.24043523995054,100.3126364975543,190788100
2008-04-28,100.47816467285156,100.92431499371858,100.29826393311232,100.65806541259082,105610200
2008-04-29,100.08235168457031,100.55008907948202,99.74413751399727,100.30542677999794,125514100
2008-04-30,99.4922866821289,101.16896265027178,99.4922866821289,100.23347674363278,208395900
2008-05-01,101.55035400390625,101.55035400390625,99.49949240240507,99.57864915770803,187279500
2008-05-02,101.83096313476562,102.4498218291906,101.14734283959335,102.4282346289415,181585500
2008-05-05,101.3416519165039,101.90294115714191,101.0394200931039,101.49996539260857,118504500
2008-05-06,102.21957397460938,102.32750999620761,100.52131102644135,100.75878125422416,179339800
2008-05-07,100.39900970458984,102.21240128781416,100.11836498478584,102.10446523414723,199267300
2008-05-08,100.13996124267578,100.97470340068152,100.0104269863027,100.55733232167864,178321200
2008-05-09,99.95283508300781,100.30544444513994,99.62901598486567,99.73696300442538,152588200
2008-05-12,101.07540130615234,101.14735498887049,99.83048071417643,100.204677197215,147865900
2008-05-13,101.08980560302734,101.384845407695,100.55010346387495,101.32008378626105,159132200
2008-05-14,101.2985610961914,102.32758855970107,101.07548582677464,101.51444428540204,181910800
2008-05-15,102.56501007080078,102.63697475965273,101.34168722220677,101.49279769641802,166927000
2008-05-16,102.65853881835938,102.8096492584917,101.90295367689548,102.80245718333644,204236800
2008-05-19,102.93920135498047,103.83870501767643,102.39949915736288,102.76649269884588,165664400
2008-05-20,102.10445404052734,102.42827314629812,101.46400790501848,102.37790665353184,178552100
2008-05-21,100.37743377685547,102.2699823389255,100.02482432812488,102.04690714942559,252724800
2008-05-22,100.39179992675781,100.86674049163732,100.02480638858869,100.33423037523279,170820400
2008-05-23,99.04615020751953,100.49975124992875,98.95980136667512,100.06079300852016,181376400
2008-05-27,99.7801513671875,100.02481374395828,98.96699648997108,99.16129236812199,168322900
2008-05-28,100.24072265625,100.74444267356324,99.3052363496552,100.14717073150867,181288100
2008-05-29,100.74441528320312,101.41364077134058,100.0823818718316,100.11836421620102,173927200
2008-05-30,100.99626922607422,101.27691391180288,100.70122940818112,101.08261805852345,117362000
2008-06-02,99.95283508300781,100.64365867527707,99.30519688672354,100.62207146741882,181069900
2008-06-03,99.36994171142578,100.4709330471433,98.75108290348346,100.24066587549345,271965700
2008-06-04,99.31956481933594,100.13991143409679,98.91658907598192,99.08928669155337,246637700
2008-06-05,101.30570220947266,101.38485897301692,99.53548510514746,99.72257791885683,237867100
2008-06-06,98.07469940185547,100.60051325187548,98.02433289576048,100.42061248103174,384276300
2008-06-09,98.31210327148438,98.9453570704196,97.44139027821265,98.48481184762969,228263900
2008-06-10,97.82282257080078,98.65756459214887,97.39825948383324,97.62852670818529,260234900
2008-06-11,96.38362121582031,98.0530943558996,96.37641815892265,97.84441433099082,283890100
2008-06-12,96.75061798095703,97.77245288981295,96.08139248343443,96.85856501557909,252791800
2008-06-13,97.97395324707031,98.2402138486273,96.72904301478333,97.26874531540312,244726900
2008-06-16,98.031494140625,98.53521394450213,97.47740784649424,97.54216946836384,185832500
2008-06-17,97.55654907226562,98.67192453893904,97.41261973955096,98.63595318602682,191707700
2008-06-18,96.60667419433594,97.52057280867521,96.21809352051424,96.92330117758841,265893000
2008-06-19,96.72903442382812,97.31911415729499,96.06700097816535,96.53473853838533,304204900
2008-06-20,95.15895080566406,96.25098220096163,94.89859756129765,96.07018164335135,289275700
2008-06-23,95.06492614746094,95.62902297568804,94.97091736621623,95.52777510998548,165096400
2008-06-24,94.87693786621094,95.78094099240748,94.1537353652537,94.7756899574847,267300600
2008-06-25,95.32527923583984,96.47516807356637,94.9130597243787,95.26019368695488,287853900
2008-06-26,92.73622131347656,95.04323825376683,92.62774539018635,94.42852296313797,297775000
2008-06-27,92.22998046875,93.19184076888112,91.8756129172894,92.77238214689376,303423400
2008-06-30,92.5554428100586,93.22802124263582,92.063664972071,92.49035172685628,258842600
2008-07-01,92.84471893310547,92.90980449455323,91.07286990877228,91.4995566362967,388622000
2008-07-02,91.253662109375,93.40880728896545,91.0873231605172,93.14121494671893,288064600
2008-07-03,91.34765625,91.92622014188055,90.393029690713,91.92622014188055,239352500
2008-07-07,90.41473388671875,92.09256271936282,89.61921259425381,91.69480483192771,372427300
2008-07-08,92.02024841308594,92.12872984899808,89.82171301447376,90.39304342718899,375973700
2008-07-09,90.24840545654297,92.38184979284634,89.95912346579122,92.20828280543331,336729400
2008-07-10,90.61719512939453,90.97156249533823,89.37328704924172,89.9880075258031,436475700
2008-07-11,89.56135559082031,91.05115583804387,88.58503374841705,89.65537540576237,481124600
2008-07-14,88.75137329101562,90.76187448850355,88.51994881182841,90.58830750851185,322720800
2008-07-15,87.50021362304688,89.30821873024526,86.79870675863891,88.08601102974288,502502500
2008-07-16,89.64813995361328,90.08929371686332,87.57978131471481,87.83290096963007,371642900
2008-07-17,90.54489135742188,91.31148925617725,89.74213666795887,90.5015010015353,375490600
2008-07-18,91.10901641845703,91.42722163740781,90.50875726273485,91.24642108575136,267030100
2008-07-21,91.15966033935547,91.70206211324867,90.53770586388357,91.49233276523175,222863000
2008-07-22,92.19380950927734,92.42523396904181,90.2917843854186,90.50874723039531,296904200
2008-07-23,92.69283294677734,93.40156807636357,92.24445107390312,92.49033719546699,311698400
2008-07-24,90.76910400390625,92.86639135657695,90.51598435321719,92.81576190884458,248634500
2008-07-25,90.74742126464844,91.47785156855994,90.5232248139313,91.04393131965516,219131000
2008-07-28,89.41671752929688,91.16686548919823,89.25761216610678,90.7691075988178,205201300
2008-07-29,91.32595825195312,91.39827735680839,89.41670519228536,89.66259676990607,261505600
2008-07-30,92.95320892333984,93.0038383911378,91.32600342996203,91.92626278063129,354710000
2008-07-31,91.7237319946289,92.982107735542,91.57908825094052,92.13595700835019,277402100
2008-08-01,91.23918151855469,92.04916435646464,90.7329367272667,91.93345488716076,248690900
2008-08-04,90.39302825927734,91.22471177158755,90.22669486737178,91.15239266564625,188239600
2008-08-05,92.83024597167969,92.97488422199619,90.37859066092449,91.13794975147952,251577600
2008-08-06,93.24246978759766,93.51006214983296,92.19383414860418,92.58436406337701,209555400
2008-08-07,91.85393524169922,92.88811485919375,91.5140292424561,92.5409752912699,246312500
2008-08-08,93.56065368652344,93.96564510356282,91.39828091683923,91.54292464977775,260811700
2008-08-11,94.52975463867188,95.1083075106705,93.4594075480593,93.6329800307721,249425800
2008-08-12,93.54621124267578,94.52252761513428,93.09781836392061,94.21878400802342,213200800
2008-08-13,92.98210906982422,93.76315770897625,92.33122049027826,93.14120339617781,256393200
2008-08-14,93.68362426757812,94.21879796041904,92.38909696210617,92.45418252287025,239555300
2008-08-15,94.13919830322266,94.37785627549799,93.51001612597894,93.96562585924437,181000800
2008-08-18,92.8519515991211,94.36344190000668,92.32401696026099,94.32727957456314,172275100
2008-08-19,91.83944702148438,92.34569187859218,91.50677466729095,92.15042419221224,194673700
2008-08-20,92.26614379882812,92.53372509838394,91.36936904180062,92.12873360656201,225498200
2008-08-21,92.42526245117188,92.88811151333418,91.5574163214205,91.66589777733893,180609800
2008-08-22,93.76318359375,93.76318359375,92.42526581984444,93.05444835543058,167715300
2008-08-25,91.86112213134766,93.76314153999425,91.66586000523162,93.14842641748194,171936900
2008-08-26,92.12870025634766,92.47583963624288,91.54290841521731,91.8611135360619,159117200
2008-08-27,93.0255355834961,93.17017386787029,92.06367499137679,92.24447560564296,171032800
2008-08-28,94.1536865234375,94.26216242823192,93.37262690335164,93.49556994051488,167537100
2008-08-29,93.14119720458984,94.11752449141244,92.93870149157593,93.8210089705032,189195800
2008-09-02,92.56265258789062,94.52976906909846,92.22274665434938,94.03798581060012,252364900
2008-09-03,92.48310852050781,92.9314959346984,91.79606853970202,92.48310852050781,251947000
2008-09-04,89.6987533569336,92.01300333012965,89.64812943189212,91.82496924386385,340042500
2008-09-05,89.9808120727539,90.36410833750665,88.23066415713829,89.16359561238662,289503400
2008-09-08,91.83944702148438,92.74345530077724,89.98081756413734,92.59880603075361,364075300
2008-09-09,89.11298370361328,92.10704063015001,88.809240077465,91.91900649689829,377326800
2008-09-10,89.47457122802734,90.32794998904272,88.62842603346651,89.59751426978174,298916600
2008-09-11,90.76910400390625,90.93543740967569,87.94138092988035,88.31744914027087,375369400
2008-09-12,91.18854522705078,91.27533146070839,89.55411254178657,89.8867848277499,297851200
2008-09-15,86.8493423461914,90.87034999664994,86.7047041252258,87.96307430392886,483607000
2008-09-16,88.30298614501953,88.4620915093636,84.61465608582313,84.75929431653874,581744300
2008-09-17,84.33261108398438,88.12218916144951,83.89145728958842,86.52391292175065,624095600
2008-09-18,86.83490753173828,88.0788164793009,82.30043114205898,85.37404118576582,776114700
2008-09-19,90.283447265625,93.10571216788207,89.7088097823949,92.16010505886386,501087800
2008-09-22,88.23948669433594,90.74170461343478,87.54846992110102,90.52348586950102,249966500
2008-09-23,86.23187255859375,88.75590492841344,86.03547463861257,87.90486207391235,327470400
2008-09-24,86.50831604003906,87.28662152667053,85.67909357949841,86.81381788349427,311818400
2008-09-25,87.86122131347656,88.67589809502542,86.15186015397562,86.85015215978969,328253000
2008-09-26,87.90486907958984,88.37767255294823,86.20278323493802,86.43554725342543,285917400
2008-09-29,81.01651000976562,86.80652043720002,80.71828368091386,86.66104499135025,459562300
2008-09-30,84.36973571777344,84.95892379346306,80.39819775535976,82.56581651812463,328154400
2008-10-01,84.42066955566406,84.87892765620829,82.88588006715999,83.84603223323317,332783000
2008-10-02,81.35836029052734,83.72964712079667,80.78372300852334,83.61326235756655,365337800
2008-10-03,80.2600326538086,83.97698778757417,79.7799591999826,82.09305451268278,461798000
2008-10-06,76.17208099365234,78.281507545753,73.20433628102236,77.93963425857588,610637500
2008-10-07,72.76062774658203,78.07056287684013,72.48422227784188,77.71413872691532,540012100
2008-10-08,70.9276351928711,74.32453724621705,70.41846004951923,70.9349050802597,725414800
2008-10-09,65.97412109375,73.18981773995655,65.64679855621905,72.49152559023321,534485200
2008-10-10,64.37384796142578,68.33084106959382,60.79509977952546,63.10819419944267,871026300
2008-10-13,73.72077178955078,73.72077178955078,65.42854758093924,68.27991272375094,455584000
2008-10-14,72.62971496582031,76.76128040873427,70.6366727335351,76.1575468350554,546268300
2008-10-15,65.47945404052734,71.13853636745559,65.25396557521336,70.89122160429557,484627500
2008-10-16,68.20719146728516,68.93457969282721,62.94817770435383,66.40327177567862,708811200
2008-10-17,67.79985809326172,71.7132048790857,66.66513419950181,66.9124435406415,476649000
2008-10-20,71.87322235107422,72.08416558352751,68.4399493461663,69.35645998211099,321294200
2008-10-21,69.7274398803711,71.74957837939793,69.2619118323735,70.53484130257708,356502000
2008-10-22,65.93045043945312,69.72741683500627,63.66827322753591,67.79256201600353,516168000
2008-10-23,66.6942367553711,67.24704788223401,62.41718988728269,65.67589199870564,634666400
2008-10-24,63.31188201904297,65.40675844833582,61.1006207911342,61.14426231584885,545812600
2008-10-27,61.064205169677734,65.10848521596662,60.882358214974076,62.533531671419354,397288600
2008-10-28,68.19993591308594,68.54907922698172,61.48613873861686,63.530098306083296,639939500
2008-10-29,67.70529174804688,70.680306679911,66.99244890436402,68.20718580834873,531270100
2008-10-30,70.04747772216797,70.22204931596873,67.57435702027831,69.66923279448025,414582100
2008-10-31,70.4330062866211,71.69866030046086,68.7236449918634,69.16007683633933,411394000
2008-11-03,70.63666534423828,71.05855181300315,69.79289240670855,70.39662591723089,205419400
2008-11-04,73.03706359863281,73.36438612158136,70.34572349509627,72.05508493072224,346793400
2008-11-05,69.9675064086914,73.25530021328827,69.10191225823726,72.15694194878775,387844100
2008-11-06,66.09050750732422,69.42194756197455,65.50859459357878,68.70910452011303,477721900
2008-11-07,68.27266693115234,68.37450085015807,65.82864177595006,66.6651394388106,380391000
2008-11-10,67.37796783447266,69.48739475150066,66.134134662424,69.2546307464892,301773000
2008-11-11,65.29763793945312,67.02155001530119,64.48296668635228,66.01775627150265,418498200
2008-11-12,62.424442291259766,64.70116489219885,61.91527287556426,64.17745015728222,454330600
2008-11-13,66.31599426269531,66.7233355106889,59.71130674018758,62.64995632794916,753141900
2008-11-14,63.00635528564453,66.96334252888494,62.93361204056207,65.03576862386942,540352300
2008-11-17,62.169883728027344,64.41751108619985,61.94439511332638,62.83180424679228,415254900
2008-11-18,63.340972900390625,63.442806815862944,60.307765097681916,61.93711329477118,523811800
2008-11-19,59.28215789794922,63.1882358210817,58.860271270591134,62.48994358417869,558327600
2008-11-20,54.881446838378906,60.016812180660544,54.59049594833922,58.28562441744885,814180400
2008-11-21,57.841896057128906,58.84569513106827,54.074025686450284,56.34347843021483,718536500
2008-11-24,61.849849700927734,63.27553064328834,58.45294638445724,59.58767078664469,523305300
2008-11-25,62.308074951171875,63.65374199129691,60.96967779727623,63.5009911375074,454112400
2008-11-26,64.71574401855469,64.87577034751331,61.275194594542896,61.318841670325234,370134200
2008-11-28,65.5304183959961,65.55951459798614,64.35932817571202,64.46843199625833,118308100
2008-12-01,59.72587966918945,63.68287551379264,59.54403251529459,63.65377930322529,369927100
2008-12-02,62.02437210083008,62.184398348194044,59.67491197680105,60.71507703513678,469508400
2008-12-03,63.515541076660156,63.88651063399114,60.475058002774155,60.66418049958452,519863500
2008-12-04,62.046199798583984,64.04651683658659,60.911470723345644,62.59901069342483,444173800
2008-12-05,63.95926284790039,64.31568161345224,59.820421036322735,60.84604135394313,471905300
2008-12-08,66.19234466552734,67.1961386637221,64.06837186089507,65.71226565582565,412859300
2008-12-09,65.10122680664062,67.0142552725133,64.72298748374723,65.73405637231254,370790000
2008-12-10,65.54495239257812,66.4541876598711,64.73755103125944,65.69770325153955,396187400
2008-12-11,63.966514587402344,66.19232051229552,63.551903571009866,65.13033449749253,365061000
2008-12-12,64.73026275634766,64.78845513379986,61.97346130676853,62.228051570739254,415060400
2008-12-15,63.82832717895508,64.8466719703492,62.76634086277621,64.75210793393875,256694200
2008-12-16,66.83244323730469,66.93427716788405,64.1411084156507,66.83244323730469,377699500
2008-12-17,66.18506622314453,67.23250725164809,65.50859481715813,66.07595685775327,281819800
2008-12-18,64.948486328125,66.67966806728558,64.16290582146821,66.48327571538687,374673300
2008-12-19,64.66912841796875,66.45103109900705,64.5957946230737,65.33642231376582,301451300
2008-12-22,63.840476989746094,65.02107898608143,62.6892073802578,64.95508531161113,243759500
2008-12-23,63.18052673339844,64.47845286469062,62.91654080930824,64.1851345496369,221625200
2008-12-24,63.54718780517578,63.701178697120945,63.0632116351343,63.393191318647816,62061600
2008-12-26,63.91380310058594,64.01646364496683,63.42982716743597,63.97246227267497,74767700
2008-12-29,63.730491638183594,64.03847332804851,62.76987408944147,63.97247405474539,127795900
2008-12-30,65.2410888671875,65.29975365866513,63.708503358683586,64.17048159834184,168256300
2008-12-31,66.17235565185547,66.70766197838024,65.16774786947614,65.32173872090841,193987200
2009-01-02,68.16693878173828,68.51892199784598,65.8863963623654,66.3190422822773,227566300
2009-01-05,68.08625793457031,68.68022910381143,67.38229728452707,67.92493256995128,240349700
2009-01-06,68.54090118408203,69.25952522864019,67.96159901248325,68.66555965789165,328260900
2009-01-07,66.48768615722656,67.65362513263737,66.14303749408889,67.46296735406668,280899200
2009-01-08,66.75899505615234,66.7956563492193,65.75438163714713,66.11369923344175,263834400
2009-01-09,65.32909393310547,66.96434036665251,62.593913202709096,66.84701635408314,330953600
2009-01-12,63.75983810424805,65.1970976228861,63.36386472058359,65.14576173082212,277858500
2009-01-13,63.87715148925781,64.44178461829866,63.209852196719034,63.59850217285318,356432300
2009-01-14,61.86796569824219,62.87990856844187,60.98068136238751,62.72591762697135,435491600
2009-01-15,61.889949798583984,62.513247925848795,59.92472371625197,61.68462858909283,532647300
2009-01-16,62.37391662597656,63.055879512904795,60.90000134985992,62.96055341275163,399237200
2009-01-20,59.081424713134766,62.373909158402505,58.70011476359055,61.765280138625144,419855200
2009-01-21,61.633277893066406,61.772599756502245,59.00808765273761,60.0860292404726,364360700
2009-01-22,60.68000793457031,61.625956765867016,59.52140341922247,60.43801985327942,427940300
2009-01-23,60.943946838378906,61.589242295440236,59.08138301178147,59.323370906146366,386800600
2009-01-26,61.3619499206543,62.59388221292156,60.72398308542597,61.29595065066063,317978800
2009-01-27,61.985260009765625,62.439903710329226,61.083312700130946,61.69194167374337,273789700
2009-01-28,64.08248901367188,64.4931313943436,63.114542263100745,63.35653034938924,330007000
2009-01-29,61.99991989135742,64.15579731591706,61.94125511385864,63.14385507967808,294392500
2009-01-30,60.73866271972656,62.623225573801065,60.284019029306755,62.315243845411096,383383600
2009-02-02,60.55534744262695,60.99532219752924,59.62406204341094,59.81471982188219,288233300
2009-02-03,61.405967712402344,61.860611486099984,60.29136456972088,60.93666053710669,278385800
2009-02-04,61.10533905029297,62.60125822546514,60.89268329751715,61.81663452812619,322989300
2009-02-05,62.014583587646484,62.54255539852062,56.99886257350446,60.643323778547334,417679400
2009-02-06,63.781822204589844,64.04580251523755,62.0952462094702,62.227239162084615,366101700
2009-02-09,63.86982345581055,64.33913055965415,63.29785577266253,63.767162876506134,240075200
2009-02-10,60.943946838378906,63.818452412440834,60.459971049649106,63.261148484546084,536212800
2009-02-11,61.303287506103516,61.63327267961361,60.423338232572014,61.19329244826682,324442500
2009-02-12,61.34727478027344,61.464598712296606,59.4333802355564,60.25466454345782,469302200
2009-02-13,60.68732833862305,61.77259881153912,60.6726593461185,61.26663046176101,293998400
2009-02-17,58.091487884521484,60.8340028711853,58.05482098688682,58.78078527905499,478910100
2009-02-18,57.95215606689453,58.619455510935815,57.40218621087124,58.50946042081462,362964800
2009-02-19,57.328857421875,58.77344579053394,57.21152783507224,58.54612111474924,316867500
2009-02-20,56.77153778076172,57.4461659394002,55.561603317054605,56.26556945907342,477176600
2009-02-23,54.74032974243164,57.394847121271084,54.69632835315375,57.394847121271084,379641400
2009-02-24,56.8155403137207,57.160183301294786,54.776981210183,55.20962696052092,426260900
2009-02-25,56.36823272705078,57.50483347600186,55.458945414392254,56.56621936771818,461985800
2009-02-26,55.45164489746094,58.421479595164406,55.38564558706704,57.06488802254053,363353900
2009-02-27,54.21235275268555,55.50295002390085,54.12435557694983,54.27101753650936,470510900
2009-03-02,51.7704963684082,54.20502945422713,51.60184207329976,53.178417903550574,426452600
2009-03-03,51.38186264038086,52.577128736343276,51.066546289416245,52.51113502303126,443761000
2009-03-04,52.5991096496582,53.43506322682843,51.38184057736162,52.232463147580674,462753100
2009-03-05,50.450565338134766,52.59911425209079,49.988587124561654,51.403842970199335,485549400
2009-03-06,50.53855895996094,51.66049650451248,49.203965745687896,50.89054210853708,490470000
2009-03-09,49.9445915222168,51.330514979085535,49.66594216923705,49.827261945436604,379905300
2009-03-10,52.92173767089844,53.06839958109956,50.868521279301135,50.97118181915201,406227900
2009-03-11,53.26639938354492,54.08035500474211,52.672433884945264,53.53038529282948,356648300
2009-03-12,55.363616943359375,55.546940178271164,52.77509376153794,53.25173529122481,409702700
2009-03-13,55.79625701904297,56.4488928814861,54.7989837694478,55.73759783582994,337474700
2009-03-16,55.62760543823242,57.17485406046681,55.59093855171104,56.434226590470004,360644900
2009-03-17,57.328857421875,57.4608504097368,55.326964705068185,55.78160846205496,356814300
2009-03-18,58.61212158203125,59.323416831193015,56.51490272980318,57.05753809319746,473273200
2009-03-19,57.88616180419922,59.3967438703896,57.70283852064863,59.345413574778746,428520400
2009-03-20,56.653507232666016,58.27830161069475,56.52056956205115,58.167519279411785,371078200
2009-03-23,60.72287368774414,60.774571359404135,57.83517416247218,58.15274718399028,419933300
2009-03-24,59.52644729614258,60.82628199076803,59.459981261828545,59.999113433347325,330271000
2009-03-25,60.15420150756836,61.07737836087435,58.389087814817266,59.99172711447096,441775100
2009-03-26,61.38015365600586,61.52047827353545,60.058164359500246,60.74500783456469,422025200
2009-03-27,60.27238845825195,60.95184546848164,60.05082369487767,60.59734860863398,322332300
2009-03-30,58.189674377441406,58.98730039782298,57.5766836968913,58.9356027280551,324108500
2009-03-31,58.728816986083984,59.88094554556996,58.381707217801555,58.758359321929724,364238300
2009-04-01,59.86617660522461,60.13205201561698,57.84996131681155,57.99766737386291,377018300
2009-04-02,61.61650848388672,62.48798755075593,59.917861030534034,61.35802012393053,476230700
2009-04-03,62.22950744628906,62.24427579683562,61.05522354867145,61.66082734431956,284646300
2009-04-06,61.7420654296875,62.244273851944435,60.77457791232273,61.55004307083579,264866600
2009-04-07,60.301944732666016,61.040486601689175,60.19854932177296,60.745068727154454,258947800
2009-04-08,60.95182800292969,61.254632717131756,60.22067350870612,60.604712602600245,230402800
2009-04-09,63.3742561340332,63.38164312810606,62.281217665522696,62.53231911774452,269653500
2009-04-13,63.3890266418457,63.91339049971806,62.46584964531862,62.716951083753884,224847500
2009-04-14,62.29599380493164,63.3373403489585,62.09659001704684,62.79820240676794,276598800
2009-04-15,62.96068572998047,63.086236478246015,61.74947768107706,61.91933913234774,250726100
2009-04-16,63.88385009765625,64.36390327733828,62.60617061646795,63.46288159985439,335202900
2009-04-17,64.31220245361328,64.73317093088954,63.61797156193396,64.12756705770921,262649000
2009-04-20,61.61650848388672,64.2900303480911,61.55003682868447,63.17483126985305,293690100
2009-04-21,62.82035827636719,62.872055972514715,61.114328668872425,61.16602636501995,114090900
2009-04-22,62.436336517333984,63.76570863353056,62.08922090269495,62.25170103164325,340395200
2009-04-23,63.0493278503418,63.08625156680173,61.764260809573905,62.56188746219648,324903700
2009-04-24,64.00203704833984,64.4820847253073,63.285650578908836,63.536752093960935,287703000
2009-04-27,63.39640808105469,64.2605060332119,63.17484898238315,63.27824435535492,289581600
2009-04-28,63.196990966796875,63.950300758405184,62.59877420185428,62.753867228519994,247926300
2009-04-29,64.5411605834961,65.25754695480671,63.736152811776684,63.89862725740152,311505700
2009-04-30,64.56327819824219,65.74494313492872,64.19400755336372,65.39783346182617,301419800
2009-05-01,64.91041564941406,65.1467487173737,64.04632339793274,64.57807420949811,236110300
2009-05-04,67.11866760253906,67.16298393604184,65.27231335432701,65.39786972552119,287120000
2009-05-05,66.88972473144531,67.15560020688649,66.35058678551563,66.88972473144531,243036300
2009-05-06,68.0492172241211,68.0935279135579,66.9192495664839,67.70948879098097,291941000
2009-05-07,67.1038589477539,68.7951190995645,66.67550366711242,68.69172377453003,317728000
2009-05-08,68.66959381103516,68.84684220021089,67.5322391807936,67.96797597806406,299081700
2009-05-11,67.38452911376953,68.02706228758272,67.236823058344,67.7242575489481,247923600
2009-05-12,67.18511199951172,67.82025805371413,66.35794360378624,67.67254639307188,282431300
2009-05-13,65.49388885498047,66.47615082837079,65.36095110193045,66.2767413814823,269619100
2009-05-14,66.05518341064453,66.55739208295654,65.3609522838708,65.52343238882865,260098700
2009-05-15,65.51602935791016,66.4687487663834,65.10244783533287,66.00346955348395,271502700
2009-05-18,67.37715148925781,67.45838588000646,65.41262816240098,66.13640139719695,241447400
2009-05-19,67.29590606689453,67.92366523883554,67.06695436164568,67.34021675549928,206102200
2009-05-20,66.84541320800781,68.5366744369573,66.77156016232195,67.90890946206193,285722200
2009-05-21,65.8852767944336,66.32101914499218,65.18366472705159,66.06991214212609,258988400
2009-05-22,65.74497985839844,66.46875320587564,65.49387838424117,66.06994001048527,166811900
2009-05-26,67.42884826660156,67.62086501978449,65.2279918868408,65.2575342260901,236318500
2009-05-27,66.22502136230469,67.76118918329317,66.12162599306748,67.53224309921437,246015800
2009-05-28,67.14822387695312,67.45841010269244,65.80407793078894,66.80849530095857,289095000
2009-05-29,68.33724975585938,69.20134203014787,66.97094899457309,67.51746817216261,258641500
2009-06-01,69.99158477783203,70.28700254401873,69.0019417409256,69.17919014678753,276246800
2009-06-02,70.0506591796875,70.43470390976813,69.59276706217712,69.71831776313161,230874500
2009-06-03,69.1644287109375,69.51892555811327,68.50712707361603,69.45245951225247,235310500
2009-06-04,69.81433868408203,69.91773406047784,68.90593564365808,69.42291252563713,210102300
2009-06-05,69.82909393310547,70.65625672230065,69.27518786478774,70.52331904051944,284257900
2009-06-08,69.54109191894531,70.23531731277612,68.71392315386089,69.30475315638442,238565100
2009-06-09,69.89556121826172,70.26483193713868,69.43766349838964,69.93249054399902,225125500
2009-06-10,69.71833801269531,70.52334576576008,68.82470322664936,70.51596440564785,296100400
2009-06-11,70.02851867675781,70.98123807663957,69.83649627102471,69.85127025934104,275414200
2009-06-12,70.22052764892578,70.26483833614671,69.42290147120208,69.7183192001321,184361800
2009-06-15,68.61050415039062,69.43766699618244,68.24123341291234,69.39335631076482,224190500
2009-06-16,67.67996215820312,68.89855711211226,67.63565145848406,68.8542464123932,227319000
2009-06-17,67.61349487304688,68.18955649737207,67.081743947631,67.65041857726264,223445200
2009-06-18,68.10831451416016,68.44065601573901,67.39192818425046,67.71688832597259,211725100
2009-06-19,68.3593521118164,68.84954008165533,67.97313791356329,68.76041808702338,215655600
2009-06-22,66.3094482421875,67.72803348755826,66.28716774789636,67.69089555277085,251913600
2009-06-23,66.36143493652344,66.75507209499449,65.99007827133141,66.45056257609261,188309800
2009-06-24,66.9333267211914,67.64633083143029,66.54711261994557,66.96303593409131,211577700
2009-06-25,68.3890380859375,68.45587955919126,66.52482622367668,66.59909641610946,279411000
2009-06-26,68.2108383178711,68.50792499575209,67.7874916434892,68.1588485742262,167579000
2009-06-29,68.84953308105469,68.93866073307856,68.03254943675753,68.41133487479172,168481300
2009-06-30,68.29248809814453,69.11690034379188,67.7874428095178,68.86438053270501,228888200
2009-07-01,68.57474517822266,69.24318852354055,68.48561751002866,68.58216823406435,173041100
2009-07-02,66.70308685302734,68.59700823884984,66.66595458389466,67.68346828809403,212309900
2009-07-06,66.69566345214844,66.79221415113528,65.84897065656106,66.05692949527328,174499600
2009-07-07,65.40333557128906,66.71051264956998,65.35877458370155,66.6288137280241,197088900
2009-07-08,65.35874938964844,65.95292210522562,64.61603632840243,65.79694737588711,248050500
2009-07-09,65.48505401611328,66.02723741470132,65.29195256802863,65.81184979972552,163777600
2009-07-10,65.32905578613281,65.72269289595152,64.87600025727859,65.13594875749355,173520300
2009-07-13,66.91850280761719,66.9704925396256,65.05428984596317,65.58904461316718,217413500
2009-07-14,67.29727935791016,67.3566978055138,66.64369343363529,67.12645273766347,181487400
2009-07-15,69.26547241210938,69.45115081342158,67.34926995061828,68.18853428462556,220877900
2009-07-16,69.15406799316406,70.19386823026555,68.93868035597154,69.07236903883395,231174500
2009-07-17,69.91161346435547,70.0527308300037,69.47341525843237,69.85962375066198,138561700
2009-07-20,70.65432739257812,70.77316426268307,69.9561806133001,70.32010861170224,164179400
2009-07-21,70.98115539550781,71.22625230170948,70.12703341921673,71.20397179504685,217718300
2009-07-22,70.96626281738281,71.3970322536253,70.47606928677332,70.52805899458464,196068100
2009-07-23,72.53337097167969,72.84530914343051,70.95138829153291,71.01080670513834,258795500
2009-07-24,72.83045196533203,72.88987037914838,71.81293854437315,72.1917181829358,154003100
2009-07-27,73.04586791992188,73.08300585963678,72.29572573602196,72.69679168583615,159259400
2009-07-28,72.70419311523438,73.06069793672845,72.08773981267792,72.53337225615849,186685200
2009-07-29,72.52596282958984,72.85275286422919,72.0283462239829,72.36999369946469,194399300
2009-07-30,73.28352355957031,74.14507374989083,73.23153385266842,73.40236041331924,225575400
2009-07-31,73.38753509521484,73.87772883180814,73.06816799404345,73.26870385590635,207358000
2009-08-03,74.59811401367188,74.66495548033446,73.75884448922886,74.15991028856013,175776900
2009-08-04,74.79122924804688,74.89520865979567,74.107934351854,74.26390346947719,176714600
2009-08-05,74.57585906982422,74.91007785052349,73.95940555600178,74.84323069451133,184726400
2009-08-06,74.18962097167969,75.02888484636549,73.84054486162613,74.91748239971182,193203800
2009-08-07,75.16259765625,75.77905116971621,74.56100158475739,74.96949624222388,220640900
2009-08-10,75.00664520263672,75.17747182461768,74.4718905016851,74.82096680183157,130898700
2009-08-11,74.07080841064453,74.72439414979796,73.8702726233957,74.67240443948408,157301000
2009-08-12,74.86553955078125,75.42999785521887,73.90743824484808,73.94457052815143,219052400
2009-08-13,75.43742370605469,75.46713293143948,74.46447065713812,75.20718429239177,176449500
2009-08-14,74.85807800292969,75.45967399333168,74.0485175181062,75.40025556635409,199616100
2009-08-17,73.01615142822266,73.49148754366391,72.86761101706732,73.41721733808623,237667500
2009-08-18,73.59546661376953,73.85542083173179,73.04586029537182,73.17954893135541,173461500
2009-08-19,74.24163818359375,74.49416371131849,72.94188960404948,73.01615981816119,192812800
2009-08-20,75.00664520263672,75.17747182461768,74.17480959356095,74.33820182644719,174131300
2009-08-21,76.47721862792969,76.59604985477709,75.47455642312462,75.62309687329761,224605000
2009-08-24,76.46976470947266,77.20504932853356,76.19495873409797,76.78913167192587,191279000
2009-08-25,76.61831665039062,77.43530025269067,76.4549187966399,76.77428578357443,215310600
2009-08-26,76.62577056884766,76.97484691220187,76.1207250294863,76.38067368949821,194620700
2009-08-27,76.79655456542969,77.03422258923855,75.71219385264847,76.58116703346968,196230100
2009-08-28,76.78172302246094,77.50215605629926,76.25439709386232,77.41303405884598,147024400
2009-08-31,76.09842681884766,76.18755448145191,75.60081011882981,76.03158532173532,176051600
2009-09-01,74.41988372802734,76.67773324456478,74.26391458705501,75.71963223591722,321276800
2009-09-02,74.1376724243164,74.5981569030662,73.95199402156402,74.1079631999014,171805000
2009-09-03,74.75411987304688,74.84324187243512,73.96683965757114,74.56844148571514,143572300
2009-09-04,75.80133056640625,75.82361106258953,74.67983737118628,74.90264799947298,142687900
2009-09-08,76.45494079589844,76.53663974628198,76.04644604398077,76.49950179921485,132909100
2009-09-09,77.04167175292969,77.30162033756898,76.3509479900572,76.58861607693514,154612500
2009-09-10,77.82891845703125,77.88090815540794,76.66285893648083,77.09363396100319,162902400
2009-09-11,77.81407165527344,78.20771447273168,77.45014371689436,77.9774694914914,152360100
2009-09-14,78.19286346435547,78.32655209894273,76.61088601045076,77.15306360272719,149593800
2009-09-15,78.51966857910156,78.80932637769843,77.80666433128972,78.31913276994739,196795900
2009-09-16,79.70799255371094,79.7228443267371,78.52708110550557,78.80188140488643,206406300
2009-09-17,79.58916473388672,80.25760221092008,79.15096091398046,79.59658778748708,229170900
2009-09-18,79.63993072509766,79.96828308221579,79.37127983171827,79.96081897588721,153799100
2009-09-21,79.4384536743164,79.8488941928731,78.84892011994725,79.02055474156482,151892000
2009-09-22,79.901123046875,80.12500070468074,79.55038403992049,79.90858715372062,143126700
2009-09-23,79.23696899414062,80.61753286032847,79.09517941498025,80.0876950822108,225947400
2009-09-24,78.36383056640625,79.58021782468707,78.02055573940879,79.40858325791041,228636800
2009-09-25,77.9459457397461,78.62503715326615,77.67729481719371,78.19221003432669,204059000
2009-09-28,79.34139251708984,79.51303272283755,78.22948031150018,78.24440282383192,118285800
2009-09-29,79.10260772705078,79.86378125855447,78.93843159251539,79.48319733952434,133733900
2009-09-30,78.79668426513672,79.44592504655368,78.07282517427205,79.3713010436595,254383000
2009-10-01,76.84148406982422,78.90113889811991,76.8265558580595,76.86387069402667,281840600
2009-10-02,76.48326873779297,76.93848233506273,76.1101432117321,76.13252983234476,224748800
2009-10-05,77.62504577636719,77.84892340929635,76.56537045985115,76.78924809278033,149875000
2009-10-06,78.73695373535156,79.18470324858878,78.13995058873931,78.18472383202985,202491100
2009-10-07,78.95337677001953,79.0354648549298,78.4086109059282,78.55785886388614,159200300
2009-10-08,79.55781555175781,79.97571426877283,78.9906632262067,79.5130423159185,183305800
2009-10-09,80.04291534423828,80.04291534423828,79.37128804132145,79.58023749257434,135008300
2009-10-12,80.3563461303711,80.66230622531482,80.05784444969588,80.41604760519533,118031000
2009-10-13,80.19215393066406,80.37871673220388,79.66978036373051,80.13991657397071,157692700
2009-10-14,81.57267761230469,81.65476566029459,80.16226397821231,81.13239234894262,191421600
2009-10-15,81.87122344970703,81.87122344970703,81.13990041754356,81.17720956374649,173873600
2009-10-16,81.25926971435547,81.54284304045783,80.76674702234159,81.19210985821671,192069400
2009-10-19,81.93092346191406,82.18464614799437,81.1398989777283,81.3936216638086,159530400
2009-10-20,81.4980697631836,82.08014462320777,81.10255765026682,82.0502939004574,180921100
2009-10-21,80.76676940917969,82.31896756909182,80.70706794710178,81.37123105574535,225379300
2009-10-22,81.58763885498047,81.84882561641959,80.221997896456,80.73691300718198,238444000
2009-10-23,80.6548080444336,81.90850993037868,80.31899168420499,81.85627258902444,240033200
2009-10-26,79.78172302246094,81.57272144867065,79.55784537246215,80.74438211449835,242028200
2009-10-27,79.4160385131836,80.1399029712425,79.22201733179512,79.87125212714963,253266300
2009-10-28,77.91609191894531,79.46083170284635,77.87131297460164,79.21456743601337,248821400
2009-10-29,79.58769226074219,79.74440433079305,78.31160338166106,78.4981661831661,198110600
2009-10-30,77.28175354003906,79.5652855248245,77.19220706175487,79.32648542699425,325608100
2009-11-02,77.84893035888672,78.6623471839282,76.92358040083307,77.70714079914434,254222900
2009-11-03,78.09514617919922,78.20708493619694,77.26680734823447,77.41605522860362,228362600
2009-11-04,78.29667663574219,79.34889358879268,78.09519131145858,78.73696781613228,247996700
2009-11-05,79.7369384765625,79.75932510130116,78.6847272597321,78.84890343240863,180015300
2009-11-06,79.94586944580078,80.14736040883058,79.1399226740119,79.29663470445539,170954100
2009-11-09,81.76673126220703,81.81150450546328,80.49810669343232,80.55780245329267,159495700
2009-11-10,81.78170013427734,82.03542860791691,81.31902784252718,81.57275062271957,171899800
2009-11-11,82.19957733154297,82.69956430873128,81.80406507515683,82.31897457241178,169466200
2009-11-12,81.3637466430664,82.5129738807434,81.15479727138757,82.08761103312766,157144500
2009-11-13,81.80406188964844,82.15479518528635,81.15482126984942,81.57272013678485,150963000
2009-11-16,82.99058532714844,83.34878836535417,82.32642229418568,82.37119553891985,210922200
2009-11-17,83.08760070800781,83.12491554306516,82.46075247184442,82.77417658992611,147134100
2009-11-18,83.03539276123047,83.15479572094391,82.51301904610037,83.02793434633324,156486800
2009-11-19,81.95330047607422,83.06521308741588,81.43838536437389,82.46821558777455,208734600
2009-11-20,81.66224670410156,81.90851089915995,81.34882265226904,81.52792129711001,134196000
2009-11-23,82.69955444335938,83.38610415342978,82.53537827498502,82.62493046503774,148010200
2009-11-24,82.82638549804688,82.98309750326844,82.09506280701288,82.83384960118386,138420100
2009-11-25,83.1174545288086,83.20700672021034,82.69955568915647,82.96074246393904,109564800
2009-11-27,81.76673126220703,82.32641957668598,80.81153078311398,80.89361885804641,126001800
2009-11-30,82.04287719726562,82.23689845361108,80.68469993561689,81.69960225129354,160874800
2009-12-01,83.05773162841797,83.32638242141698,82.63236882174334,82.77415262833966,159613700
2009-12-02,83.02043151855469,83.58758392578953,82.77416729908435,83.04281813969857,132315100
2009-12-03,82.37122344970703,83.71447818132378,82.30406355984923,83.24434187198095,167324900
2009-12-04,82.8413314819336,83.86369178683913,82.11746704525396,83.46071553260168,274907800
2009-12-07,82.71448516845703,83.22940034882127,82.45329837169443,82.76672822125471,127973800
2009-12-08,81.79661560058594,82.6622642554334,81.54288716650296,82.11750392715052,169863700
2009-12-09,82.10255432128906,82.22195724585521,81.35630312308506,81.77420766562177,155063400
2009-12-10,82.56523895263672,82.92344206256007,82.42344939133129,82.61001220633516,138014600
2009-12-11,82.91594696044922,83.10250970571286,82.54282146992193,82.91594696044922,124854000
2009-12-14,83.48311614990234,83.5801267473799,82.9308862131844,83.48311614990234,107141500
2009-12-15,83.09503173828125,83.52039449877772,82.8338450771768,83.17711978797726,120408800
2009-12-16,83.221923828125,83.67713747462706,83.03536104491742,83.43087892781072,155358200
2009-12-17,82.2219467163086,82.78163504328651,82.14732274473369,82.62492299494599,183390100
2009-12-18,82.68711853027344,82.7546456945319,81.98936836144965,82.6796142400011,174591200
2009-12-21,83.52742004394531,83.8050158138118,83.09976709189783,83.09976709189783,118039600
2009-12-22,83.8275375366211,84.00760045015721,83.60245460162834,83.70749177819914,91707500
2009-12-23,83.99259185791016,84.11263761631724,83.65497317955962,84.03010758843658,111783100
2009-12-24,84.39024353027344,84.480272129666,84.0301119604118,84.17266487491285,39677500
2009-12-28,84.57026672363281,84.77283670119965,84.27015817708299,84.70531528337551,87508500
2009-12-29,84.45022583007812,84.80285296307117,84.44272726595533,84.78785011073083,80572500
2009-12-30,84.42024230957031,84.51778091635923,84.15764937609369,84.20266939618729,73138400
2009-12-31,83.6099624633789,84.63032855715618,83.57244673124562,84.60781568341795,90637900
2010-01-04,85.02794647216797,85.07296075892475,83.66245777428928,84.30768926358206,118944600
2010-01-05,85.2530517578125,85.29056749188446,84.66784294051291,84.97545593243044,111579900
2010-01-06,85.31304168701172,85.52311597883121,85.10296739519221,85.17048882152199,116074400
2010-01-07,85.6732177734375,85.77825497407731,84.9154444910233,85.15553033878545,131091100
2010-01-08,85.9582748413086,85.99579056163111,85.27553337938174,85.44809195503672,126402800
2010-01-11,86.07831573486328,86.37841858421547,85.71068001344548,86.3409085900939,106375700
2010-01-12,85.27554321289062,85.68818756354594,84.94542315308964,85.50812467824355,163333500
2010-01-13,85.99578094482422,86.23586664539218,85.05794528259085,85.49309667955522,161822000
2010-01-14,86.22836303710938,86.38591874271528,85.84572448115523,85.89824304969054,115718800
2010-01-15,85.26054382324219,86.16086407089153,84.93042372785904,86.07833977114228,212283100
2010-01-19,86.3259048461914,86.37842342017782,85.2230090683814,85.24552193502865,139172700
2010-01-20,85.44810485839844,85.8682535137993,84.76536329337203,85.74070920399491,216490200
2010-01-21,83.80500793457031,85.73319818256456,83.69997077896718,85.47060529355672,344859600
2010-01-22,81.93680572509766,83.83498373262276,81.84677146252464,83.42983813718406,345942400
2010-01-25,82.3569564819336,82.83713350504898,82.08686513481544,82.68707639654623,186937500
2010-01-26,82.01185607910156,82.88217037342902,81.80928608250876,82.0343632204902,211168800
2010-01-27,82.40204620361328,82.5896134548876,81.27664269596742,81.90686591268195,271863600
2010-01-28,81.4566879272461,82.71713981046467,80.96151346817648,82.67212551166662,316104000
2010-01-29,80.57136535644531,82.37951589815118,80.44382103520621,81.80931001177507,310677600
2010-02-01,81.82428741455078,81.83179170290583,80.6538702913357,81.14154600070694,187865000
2010-02-02,82.8146743774414,82.97223015052442,81.68927109190803,81.97437692099864,216327900
2010-02-03,82.40204620361328,82.88972220174614,82.16196035094609,82.4395562194092,172730700
2010-02-04,79.85858917236328,81.80178203934382,79.84358059532919,81.76427204494857,356715700
2010-02-05,80.02367401123047,80.18872834116664,78.4631135128605,79.94864255096331,493585800
2010-02-08,79.44595336914062,80.52634214495352,79.38593049846303,80.08368062882617,224166900
2010-02-09,80.44380187988281,81.14155192134939,79.731043260611,80.37627472794978,337820500
2010-02-10,80.2862548828125,80.72891066655419,79.61101191057477,80.31626631758928,240511500
2010-02-11,81.12655639648438,81.21659070551615,79.71605323289693,80.18122191008352,223591600
2010-02-12,81.05903625488281,81.10405054807093,79.91112598581573,80.27125177951318,304622100
2010-02-16,82.33451843261719,82.41704848052035,80.89400332683178,81.67428377349009,159317500
2010-02-17,82.72462463378906,82.83716607839648,82.33448172236277,82.73212319909274,168845100
2010-02-18,83.21229553222656,83.38485410962447,82.55955977105044,82.58957120279254,193708600
2010-02-19,83.38488006591797,83.70749590245117,82.79967127501986,82.99474278001826,222684900
2010-02-22,83.39989471435547,83.71500628251208,83.15230460047634,83.69249913108625,132346900
2010-02-23,82.38702392578125,83.42989721161919,82.16944526357155,83.1748085398475,207497000
2010-02-24,83.14476776123047,83.27981634101755,82.42451057706445,82.63458487360097,176350700
2010-02-25,83.0322265625,83.09224942571002,81.73426505913126,81.9593422100259,259634700
2010-02-26,83.08476257324219,83.36986837127543,82.6120953054821,83.10726972064555,173589300
2010-03-01,83.94757080078125,84.0301008220163,83.40737637964145,83.4298835265062,147709700
2010-03-02,84.18012237548828,84.58526804739893,84.0300709669707,84.30767236923197,160992400
2010-03-03,84.25517272949219,84.75785135744302,84.04509269664672,84.39771988237496,150785000
2010-03-04,84.51026916503906,84.63031490922873,84.05260478248415,84.36771627483785,135770400
2010-03-05,85.71822357177734,85.78574502658653,84.85541317437539,85.05798898699807,176118800
2010-03-08,85.73319244384766,85.92075959831175,85.5831410099145,85.7256938790177,114631200
2010-03-09,85.8757553100586,86.27339680795812,85.4330995215579,85.47811381215907,154556700
2010-03-10,86.25836944580078,86.49095084662328,85.83822092196804,85.91324662635327,186088800
2010-03-11,86.61852264404297,86.64103551419807,85.79322818533643,86.05582109618449,160791100
2010-03-12,86.62602233886719,87.00866097386013,86.38593658681384,86.9936523945529,162074800
2010-03-15,86.64851379394531,86.70853665211403,85.98077523807902,86.47595523182875,146816800
2010-03-16,87.33879089355469,87.4213151926815,86.64853926986012,86.88862504902886,168673000
2010-03-17,87.8564682006836,88.14157398495308,87.34628522914979,87.60137957696479,177468100
2010-03-18,87.81144714355469,87.98400573475477,87.45881994749917,87.86396572228026,196509100
2010-03-19,87.36698913574219,88.3614221596534,87.02797435061169,87.36698913574219,226641100
2010-03-22,87.83405303955078,87.99226336139533,86.81702034975106,86.86975520780976,184477800
2010-03-23,88.45183563232422,88.52717034248994,87.67587144937431,87.96215139474204,182941600
2010-03-24,88.02238464355469,88.46686904767441,87.07315728472506,88.1203249051015,196072600
2010-03-25,87.87924194335938,89.0243439665213,87.773772247055,88.6175298174899,223396300
2010-03-26,87.8265151977539,88.45933343396152,87.47997105683051,88.04498980244497,205808500
2010-03-29,88.38397979736328,88.54218432248923,87.90936622198544,88.27097492293998,134513500
2010-03-30,88.44427490234375,88.76821923543368,88.07513090573791,88.48947456585964,145772500
2010-03-31,88.1429443359375,88.53468822623388,87.84913498129791,88.10527411193992,161078700
2010-04-01,88.74563598632812,89.08464502137979,88.21828157354074,88.74563598632812,161215200
2010-04-05,89.4688491821289,89.52911348858764,88.83602510912817,89.08463477165235,105847600
2010-04-06,89.67977142333984,89.83797597432924,89.11475270652016,89.21268721494191,110384200
2010-04-07,89.16748809814453,89.92084639181073,88.75313873756106,89.4989675866113,184576300
2010-04-08,89.47634887695312,89.62702396217176,88.59492118217463,88.85859539672374,158704000
2010-04-09,90.06401062011719,90.10167509636764,89.49899174733771,89.66472578864423,133006500
2010-04-12,90.20712280273438,90.44066778821332,90.07151807646743,90.17698778048974,110279000
2010-04-13,90.27493286132812,90.43313742581138,89.64964404860758,90.11672829684487,125043600
2010-04-14,91.29949188232422,91.29949188232422,90.46326373088768,90.60639789581465,161609000
2010-04-15,91.37483978271484,91.58577921221841,91.11869494141168,91.14882996672196,144615300
2010-04-16,89.92082977294922,91.37481124091178,89.4612808389317,91.05086700459889,366786700
2010-04-19,90.25985717773438,90.3502622439905,89.25035980237934,89.65717397903022,217947800
2010-04-20,91.06595611572266,91.14129654954948,90.30506831355122,90.82488167141393,157708000
2010-04-21,90.90021514892578,91.32962914960356,90.39546072018672,91.11868399776681,192910100
2010-04-22,91.1714096069336,91.2844144899027,89.74003358154866,90.25984684693915,115360300
2010-04-23,91.76659393310547,91.80426415589542,90.87763070335154,91.11117573884496,177335500
2010-04-26,91.42001342773438,92.00010244143802,91.32961412520054,91.79669251540338,143457300
2010-04-27,89.25788879394531,91.41248812052262,89.08461386590902,90.89267483174847,355853300
2010-04-28,89.93592071533203,90.16193052684152,89.0996924594825,89.68731681987352,300674100
2010-04-29,91.0508804321289,91.23921999851214,90.45572671263776,90.47832654097697,193775000
2010-04-30,89.50652313232422,91.16391531030442,89.4839232965507,91.06597502506006,270000900
2010-05-03,90.66665649414062,90.91526607484707,89.8002934311031,89.93589813442782,182747900
2010-05-04,88.53467559814453,89.67224837811753,88.08266171299245,89.65718373926876,360353400
2010-05-05,88.00733947753906,88.74563333431095,87.36698590398328,87.81146465877603,328973200
2010-05-06,85.08428192138672,88.14291455294477,79.10261562443762,87.58543106170033,647356600
2010-05-07,83.81864929199219,85.70957455941854,82.42493753290728,84.85828171682824,637558800
2010-05-10,87.51009368896484,87.87923760781831,86.56839591294379,87.24641371354528,396159600
2010-05-11,87.26150512695312,88.41414256296542,86.56841677620525,86.68895113179822,317849800
2010-05-12,88.48194885253906,88.61002415900305,87.45738088684061,87.60805602748387,235607100
2010-05-13,87.38202667236328,88.65520402498954,87.30669199270316,88.24085466535745,234452500
2010-05-14,85.79998016357422,86.8848180033344,85.03155719218938,86.72661344298069,345601400
2010-05-17,85.84516906738281,86.2745830338682,84.20284787583628,86.0335086272039,325739800
2010-05-18,84.6774673461914,86.80193735360301,84.39872272816321,86.54579256315355,360556800
2010-05-19,84.1953125,84.9562001297504,83.14060988977485,84.20284194354197,394742700
2010-05-20,81.01616668701172,82.78655785748575,80.96343182653526,82.40234344677512,530418300
2010-05-21,82.19892883300781,82.40233305557604,79.37383506158925,79.78818444713117,500909400
2010-05-24,81.14419555664062,82.40983732116695,81.06886090054168,81.75441374300776,269823000
2010-05-25,81.22710418701172,81.26477440688092,78.63554939659659,79.18550356927648,396505200
2010-05-26,80.73739624023438,82.47012238482928,80.49632184815454,81.72429938240519,349719300
2010-05-27,83.44197082519531,83.47210584832675,81.9503187923628,82.25919846870909,300870500
2010-05-28,82.39482116699219,83.41185399187613,82.0030715285217,83.35158393247002,297933500
2010-06-01,81.0086441040039,82.83177041876192,80.88810972458063,81.62639788618098,277909400
2010-06-02,83.11800384521484,83.12553328819348,80.99353414895921,81.42294805306408,240243700
2010-06-03,83.40430450439453,83.66797878452343,82.55301161493031,83.3591048414205,226618300
2010-06-04,80.47370147705078,82.36463166985023,80.20249213674228,81.82221298923322,398475600
2010-06-07,79.47174835205078,81.0688696734447,79.4114840692496,80.75999007804784,264609100
2010-06-08,80.32308959960938,80.48129420328046,78.83897235626264,79.53206083358441,357774300
2010-06-09,79.89368438720703,81.57367090030381,79.55466955775003,80.79017724149651,268023300
2010-06-10,82.22908782958984,82.32702237305732,79.88614225227765,81.2572545991707,317890600
2010-06-11,82.62834167480469,82.68107652787702,81.45310452195375,81.50583937502608,214128200
2010-06-14,82.5002670288086,83.71317432201924,82.41739715801774,83.26115475491729,207196100
2010-06-15,84.37613677978516,84.45147146666204,82.93721954546345,83.08035947389726,238268700
2010-06-16,84.34600067138672,84.69254482470075,83.77344671267879,83.93918647027857,216374000
2010-06-17,84.48162078857422,84.62476074123296,83.66046279160788,84.58709051758514,263185800
2010-06-18,84.57320404052734,84.87597647770583,84.30070422705546,84.64889714982196,174006600
2010-06-21,84.33098602294922,85.68590832644232,83.86167948639462,85.62535730157583,213140700
2010-06-22,82.93821716308594,84.7018951624711,82.81710932568978,84.33099483073838,239355400
2010-06-23,82.68083190917969,83.2863824448543,82.11312503353993,82.99117533152267,254639900
2010-06-24,81.31078338623047,82.37807536442668,81.09884035439379,82.27210384850834,268523600
2010-06-25,81.65141296386719,82.06772799321898,80.81877135513436,81.55300671464533,238726500
2010-06-28,81.3940658569336,81.99205141701388,81.09885859974426,81.77253729179334,169218600
2010-06-29,78.8810043334961,81.37891775172051,78.38142511486018,80.25106888121111,373649500
2010-06-30,78.13162994384766,79.38815187954317,77.87426641122607,78.66148754775274,284101700
2010-07-01,77.78341674804688,78.33598156625492,76.5495967162696,78.07862387558558,382924800
2010-07-02,77.35952758789062,78.28299843826687,76.92050529059185,78.04834809186464,233385200
2010-07-06,77.86670684814453,79.00212103258808,77.11732932840086,78.4495502551522,256935300
2010-07-07,80.31916809082031,80.41756853553395,77.98021279327915,78.06347692919564,253769400
2010-07-08,81.11398315429688,81.20481258301578,80.16780477171137,80.99286954931895,210842100
2010-07-09,81.71952819824219,81.72709924178295,80.93987818895452,81.09126440968477,144999900
2010-07-12,81.77252197265625,81.93147925251664,81.10641445109634,81.4470363686522,131283600
2010-07-13,83.00634765625,83.33182750618249,82.45377688831014,82.62030522316914,213025900
2010-07-14,82.9987564086914,83.3242419544123,82.40077106771518,82.74139292427752,184426800
2010-07-15,83.02145385742188,83.30908992920166,81.87846906230102,82.96846811327788,232337900
2010-07-16,80.73551177978516,82.66571221473737,80.57654872954028,82.5748770110281,282693400
2010-07-19,81.21238708496094,81.46974484397505,80.402458585983,81.03072244477363,186709000
2010-07-20,82.11312866210938,82.17367967584349,80.09965874885914,80.13750818557955,258162400
2010-07-21,81.04585266113281,82.55973802383261,80.71279603333426,82.5370306673944,264527000
2010-07-22,82.85491943359375,83.21825434862417,81.99957654874798,82.00714181519778,274781300
2010-07-23,83.57405090332031,83.6951587390139,82.4537731043268,82.68842350630582,222020800
2010-07-26,84.44448852539062,84.5277526476737,83.48317426132049,83.717824546839,184445700
2010-07-27,84.43695831298828,84.9970942795092,84.10390168559049,84.90625907885135,204855600
2010-07-28,83.89192199707031,84.52018553327784,83.6118512486977,84.26282213139267,163056200
2010-07-29,83.48319244384766,84.64131359237065,82.81708509551771,84.41422852304672,220149100
2010-07-30,83.46806335449219,83.91466252035745,82.49161241940844,82.63542759569208,220070600
2010-08-02,85.35286712646484,85.48911705409282,84.42939603643246,84.77001796799493,188263200
2010-08-03,84.94413757324219,85.36045272485227,84.66406660669203,85.14094435446705,146657300
2010-08-04,85.51180267333984,85.61777417066344,84.89868104239432,85.17874609602946,158171700
2010-08-05,85.42098236083984,85.46640284975443,84.83813902406864,84.96681789679528,140473800
2010-08-06,85.07276916503906,85.20901904932606,83.9600627391974,84.5807553731686,239728300
2010-08-09,85.52693939208984,85.67076032843586,85.01978925604607,85.47395364317502,120800400
2010-08-10,85.06520080566406,85.51937095095323,84.30069299612144,84.80027207092091,242916300
2010-08-11,82.73383331298828,83.78598312632244,82.59758340604503,83.75570472755571,273406900
2010-08-12,82.22666931152344,82.52187645186339,81.44701938831724,81.4848688268279,239542600
2010-08-13,81.98446655273438,82.47648049012568,81.88606607526205,81.96933023889818,158698500
2010-08-16,81.94660186767578,82.21153060448667,81.12910252979077,81.4243096615248,147895300
2010-08-17,82.9533462524414,83.55890271172683,82.41591763795742,82.65057379781308,172270300
2010-08-18,83.10472106933594,83.55131439007063,82.43861372187949,82.91548543681856,182922100
2010-08-19,81.65897369384766,82.87765186250707,81.31835180012902,82.67327988127875,265847600
2010-08-20,81.3940658569336,81.70441520552616,80.80365134255493,81.41677321902266,209714200
2010-08-23,81.08365631103516,82.18122026910807,81.04580688833839,81.78004179857122,163490300
2010-08-24,79.8801498413086,80.53112092453745,79.45626384293206,80.19806434009098,280677800
2010-08-25,80.1905288696289,80.49330139525203,78.94157198887835,79.44115127616912,272234800
2010-08-26,79.653076171875,80.67494757604423,79.38814162911548,80.56897606894603,224439500
2010-08-27,80.88687133789062,80.97013547008018,78.95666576442386,80.15263623131689,272649000
2010-08-30,79.71363067626953,80.92474356746922,79.70606540758487,80.67495110053322,167238600
2010-08-31,79.71363067626953,80.22078665384046,79.0929379182861,79.41842349716852,273933100
2010-09-01,82.09800720214844,82.21154976582068,80.73551376312562,80.78849952283737,256828100
2010-09-02,82.86248779296875,82.87762410039099,82.12068167900644,82.29478097693033,156112200
2010-09-03,83.93736267089844,84.01305577428953,83.22583479399223,83.67243392152281,212197300
2010-09-07,82.99118041992188,83.64972251504555,82.9230583626746,83.54375102042978,141973700
2010-09-08,83.57405090332031,83.9071017827388,83.1198806381786,83.15773008527869,149924400
2010-09-09,83.9600601196289,84.53533803256005,83.73298083624422,84.51263068172287,147017900
2010-09-10,84.38397216796875,84.48237263696777,83.92223667302495,84.11147234226375,127819000
2010-09-13,85.32255554199219,85.49664907485996,84.87595648482825,85.21658405893892,178503500
2010-09-14,85.26959228515625,85.75403512828869,84.83813519752222,85.15604973051272,209823600
2010-09-15,85.5950698852539,85.69347034343417,84.76243418715109,85.0197918970135,168608400
2010-09-16,85.57233428955078,85.62532002262434,85.0424711838035,85.33011297049858,199962900
2010-09-17,85.60433197021484,86.10659149253425,85.36842536145168,86.02288157214768,195836900
2010-09-20,86.91324615478516,87.10349492208114,85.6271626299662,85.90112131934694,214555200
2010-09-21,86.73822021484375,87.39267063043003,86.38055160471984,86.98173840383193,268389100
2010-09-22,86.31204986572266,87.0882680022876,86.06853170258935,86.601231676021,191322400
2010-09-23,85.61193084716797,86.50229353455516,85.36841269832881,85.60431927209876,202354300
2010-09-24,87.37745666503906,87.43833766612497,86.48709379640196,86.56319214479343,209671800
2010-09-27,86.9588623046875,87.50677942072541,86.87515822867006,87.407852199302,128761800
2010-09-28,87.26325988769531,87.54483001370664,86.12937942293183,87.07301121480546,209207500
2010-09-29,87.11112213134766,87.44596187977686,86.76867080519979,87.04262954374502,179665800
2010-09-30,86.85234832763672,88.11560268456573,86.44141037318742,87.55246806814135,287106700
2010-10-01,87.21763610839844,87.60574517824725,86.70015928391035,87.50681211393285,174638700
2010-10-04,86.56317901611328,87.40027233332466,86.1294121095445,87.03499799407251,166153200
2010-10-05,88.30584716796875,88.51892480685818,87.26328208519666,87.36221513605976,229634100
2010-10-06,88.29823303222656,88.52653381351742,87.94056451763824,88.29062145793552,148626600
2010-10-07,88.19169616699219,88.67873242565298,87.65900207343513,88.65590350820484,164860000
2010-10-08,88.68634796142578,88.92986610163328,87.97862245927107,88.31346207928031,177760100
2010-10-11,88.77003479003906,89.01355286694235,88.46563574242772,88.82330418792638,103098300
2010-10-12,89.04402160644531,89.30275710515932,88.00906799972773,88.4808811576017,182210000
2010-10-13,89.73652648925781,90.21595704160457,89.32558850407385,89.53867197507849,194347200
2010-10-14,89.38645935058594,89.80500886371246,88.82332475595865,89.65280640169816,217764300
2010-10-15,89.569091796875,90.06373961207552,88.85376058371712,90.01047020464962,243705000
2010-10-18,90.010498046875,90.30728566661226,89.27233188283503,89.599560002793,141204800
2010-10-19,88.83094024658203,89.68325084771453,88.29062874002487,89.18099721575153,280604700
2010-10-20,89.698486328125,90.13225326323868,88.93749129768477,88.99076071757834,200051800
2010-10-21,89.89634704589844,90.62690162871421,89.19623296310812,90.10181896958733,221585500
2010-10-22,90.06375885009766,90.20073818501366,89.79741175607519,90.03331835279063,108212400
2010-10-25,90.3301010131836,91.13675963295788,90.26161425242975,90.66494065935144,151145700
2010-10-26,90.3453140258789,90.43662969663706,89.69846953231098,89.8734951052176,158982900
2010-10-27,90.08660125732422,90.18553433986487,89.23429042886364,89.71371526987271,190024000
2010-10-28,90.101806640625,90.64211237879844,89.6680397349967,90.60406030749049,168576000
2010-10-29,90.17027282714844,90.34530418692368,89.85065640244191,90.01046461479518,144305500
2010-11-01,90.20073699951172,91.12915183441466,89.68326016395588,90.61167499885882,174074800
2010-11-02,90.91606903076172,91.12914669115327,90.63449880471241,90.87801696029288,158345900
2010-11-03,91.28135681152344,91.3346262344706,90.13986420042845,91.07589069613627,226702800
2010-11-04,93.03926086425781,93.08491871153156,91.29658142015204,92.29348312517357,215039400
2010-11-05,93.38928985595703,93.54148650510884,92.97835193613115,93.10010809426659,180654100
2010-11-08,93.21428680419922,93.36648930552276,92.79574298890594,93.1001363796895,156107100
2010-11-09,92.5445785522461,93.56430880246604,92.17169272405384,93.46538156810921,186621600
2010-11-10,92.91747283935547,92.9631364797715,91.82164417018255,92.52175805997389,221387400
2010-11-11,92.56742858886719,92.70440791703997,91.83687410725591,92.11844433903636,158017600
2010-11-12,91.47158813476562,92.34673346421887,91.0530444074136,91.94340708083595,239068800
2010-11-15,91.34224700927734,92.1184653143109,91.3042007353018,91.76079666453388,163940800
2010-11-16,89.91918182373047,90.93130087194557,89.48540905258321,90.77910417766816,299566200
2010-11-17,89.96483612060547,90.3377220710224,89.69087743697177,89.95722454441244,172308900
2010-11-18,91.28895568847656,91.61618375703951,90.82474829340053,90.83235986874315,197723700
2010-11-19,91.54009246826172,91.57813873604202,90.74865694369717,91.24330487229142,156852900
2010-11-22,91.46397399902344,91.5020202584312,90.38335688628865,91.0834765693657,181361000
2010-11-23,90.13986206054688,90.57362901022826,89.78980503149974,90.38338024622885,222309000
2010-11-24,91.47158813476562,91.49442285961513,90.69537586186858,90.7105932058377,140046100
2010-11-26,90.40620422363281,91.17480495851643,90.40620422363281,90.68016287568686,76007800
2010-11-29,90.68016815185547,90.9236863227468,89.59955082546466,90.1779086585558,223642300
2010-11-30,90.17027282714844,90.68774952683358,89.65279612746329,89.78216965683177,233930700
2010-12-01,92.08802032470703,92.26304594951752,91.46400456377665,91.47161033464184,221037200
2010-12-02,93.26753997802734,93.33603254317231,92.17931695837682,92.2325863730759,191213600
2010-12-03,93.51866149902344,93.62520031907086,92.9250864142077,92.94791533194211,151288900
2010-12-06,93.41975402832031,93.63283171351875,93.22189368952255,93.3208209559557,103050500
2010-12-07,93.4730224609375,94.37099684329823,93.41975304020133,94.31772742256206,206581000
2010-12-08,93.81548309326172,93.89158144864095,93.15342101493671,93.58718802712399,138019200
2010-12-09,94.18073272705078,94.37858722556528,93.71652536235133,94.34054096320348,123705100
2010-12-10,94.7286605834961,94.81997626811362,94.15791433091202,94.46991926324047,117571700
2010-12-13,94.78955078125,95.27658719610311,94.75911027958017,95.16244257225631,133812700
2010-12-14,94.87323760986328,95.29939872354815,94.58406162330584,94.93411859837978,147249600
2010-12-15,94.4394760131836,95.07110324105285,94.2796677638307,94.6982173258961,160823100
2010-12-16,94.98739624023438,95.05588880973134,94.1731318175642,94.50035990177359,185035200
2010-12-17,95.08914184570312,95.21153834671718,94.72194066973158,94.92084154990219,141075300
2010-12-20,95.3186264038086,95.5481278416954,94.84433199232306,95.34922698462444,119085500
2010-12-21,95.9229965209961,95.98419769652274,95.52520055300356,95.6169964798282,94965500
2010-12-22,96.22132110595703,96.25192168613547,95.93827595311836,95.99182550931464,78878100
2010-12-23,96.08365631103516,96.22135605361878,95.84650902410011,96.11425690232774,70053700
2010-12-27,96.12190246582031,96.2136983974606,95.65525369176338,95.72410064049359,58126000
2010-12-28,96.25960540771484,96.35140134241433,96.00715491435955,96.31315498177815,55309100
2010-12-29,96.32843780517578,96.5426360690674,96.31314043052564,96.37434160205609,58033100
2010-12-30,96.17543029785156,96.48907605416635,96.03007899032328,96.23663146275446,76616900
2010-12-31,96.19837951660156,96.29018126418592,95.87708215475281,96.03007923092908,91218900
2011-01-03,97.19288635253906,97.6136312663223,96.16013557219651,96.93278429698621,138725200
2011-01-04,97.13934326171875,97.43769169124612,96.53499479675006,97.40709110405547,137409700
2011-01-05,97.64424896240234,97.7054501434295,96.74155196988231,96.83335374142305,133975300
2011-01-06,97.45297241210938,97.78957297721706,97.16227563817543,97.6824738585854,122519000
2011-01-07,97.26171875,97.743664762029,96.50437334925043,97.58301609135266,156034600
2011-01-10,97.13934326171875,97.27704298584409,96.5426405661988,96.83334322627742,122401700
2011-01-11,97.48358917236328,97.72073642633815,97.11638796435412,97.49124077823947,110287000
2011-01-12,98.36332702636719,98.4704261518251,97.5065281862394,98.080281838999,107929200
2011-01-13,98.20263671875,98.44744130084027,97.95784380958469,98.40154335992959,129048400
2011-01-14,98.91412353515625,98.93707251343344,97.99612938528199,98.06497632011354,117677900
2011-01-18,99.0824203491211,99.17421625901007,98.70756759552694,98.82231248288815,114401300
2011-01-19,98.11085510253906,99.09769599438332,97.85075895094312,98.99825433225936,151958400
2011-01-20,97.98084259033203,98.22563562394221,97.25409174983548,97.88904082537913,175745700
2011-01-21,98.20263671875,98.81463650105073,98.09553763231675,98.59279256234075,151462900
2011-01-24,98.76113891601562,98.87588382187852,98.11853242439217,98.14148140556475,113715500
2011-01-25,98.81465911865234,98.89880925389132,98.00376418249195,98.5010075534046,167552200
2011-01-26,99.19717407226562,99.4878767100458,98.8605734754527,99.05948019516737,141281500
2011-01-27,99.44195556640625,99.61025582557399,99.04415389265279,99.2200999189002,123302700
2011-01-28,97.70543670654297,99.71738294174143,97.54478800578921,99.5567284045226,295637300
2011-01-31,98.4398193359375,98.51632371364114,97.72837764959614,97.97318231990445,149249200
2011-02-01,100.01571655273438,100.1916626023549,98.97532011827361,99.0365212818217,167194300
2011-02-02,99.82451629638672,100.09225838629584,99.702113909205,99.75565765801318,118323600
2011-02-03,100.04627990722656,100.1992769316278,99.12064032219806,99.64847830544359,145886700
2011-02-04,100.32933807373047,100.36759025305186,99.6255423313366,100.08454513734081,134634800
2011-02-07,100.95668029785156,101.28562348719554,100.54357527759312,100.55123272018396,112439100
2011-02-08,101.41565704345703,101.46920076308601,100.7730506974149,101.04845008202503,99072800
2011-02-09,101.18616485595703,101.46156426572982,100.68126399255215,101.14026689981638,146436700
2011-02-10,101.22444152832031,101.33918644642695,100.4441410664002,100.67364257554513,162708500
2011-02-11,101.82877349853516,101.9588216163424,100.80368009492713,100.8266290761325,137710300
2011-02-14,102.07357788085938,102.1577280456199,101.65283872998849,101.76758364878387,101690700
2011-02-15,101.75227355957031,101.91292810795962,101.22443529584756,101.75993100226037,119575400
2011-02-16,102.39485931396484,102.51724996994419,101.88995846191612,102.09651093283215,130183500
2011-02-17,102.70087432861328,102.83856822191295,102.00472407356023,102.09653167535761,109810500
2011-02-18,102.91506958007812,103.03747193024887,102.55551997203318,102.79266722990738,130002400
2011-02-22,100.84956359863281,102.93800229941716,100.57416419072167,101.83640466777261,233116400
2011-02-23,100.22992706298828,101.0331763826475,99.6102812564577,100.788371698476,227584000
2011-02-24,100.16109466552734,100.55125077392647,99.22015121944233,100.1228541374303,260431400
2011-02-25,101.23206329345703,101.29326445957854,100.52060995110739,100.58181111722888,141686900
2011-02-28,101.85935974121094,101.98941952108518,101.27032037556623,101.60692096903718,141585500
2011-03-01,100.16109466552734,102.27249476387685,100.13049990846312,102.18069881975136,258565500
2011-03-02,100.37528991699219,100.84193868599274,99.71739184385913,100.02338606129867,200277400
2011-03-03,102.1041488647461,102.21889374371045,101.27795071741961,101.28559648504135,176480100
2011-03-04,101.33918762207031,102.22658724216195,100.67364374346748,102.02768048456072,277202300
2011-03-07,100.5435562133789,101.86700950826521,100.01571805658074,101.63750805974117,216790400
2011-03-08,101.42333221435547,101.74462964405865,100.26819062140369,100.70423296423975,174615000
2011-03-09,101.27796936035156,101.59162098449374,100.67362676501428,101.22442563128793,153806000
2011-03-10,99.40374755859375,100.35233670679325,99.30429417772818,100.21464280060896,301291800
2011-03-11,100.09221649169922,100.45176605796863,99.05947742356878,99.08242640244306,225621800
2011-03-14,99.48788452148438,99.81682770233293,98.73053311919074,99.44198655884787,234974100
2011-03-15,98.3480224609375,98.9370734793034,96.77213034823178,96.84097728373546,359585400
2011-03-16,96.52733612060547,98.35568459342049,95.83883755040846,98.03437553322055,468670300
2011-03-17,97.80489349365234,98.21799269318278,97.2311455781599,97.91964424404395,254303700
2011-03-18,98.16060638427734,99.02112725871595,97.9685263029863,98.99038788047224,230435400
2011-03-21,99.68187713623047,99.88931517037167,99.26697762067393,99.38223269661167,153992600
2011-03-22,99.33614349365234,99.79714044230242,99.2439487933781,99.66652737570077,129538600
2011-03-23,99.62044525146484,99.88167142459375,98.590898528916,99.05956280936662,148603100
2011-03-24,100.5731201171875,100.71910284639391,99.6280894539528,100.18895997659682,159129800
2011-03-25,100.8804702758789,101.31840680503039,100.56545610004433,100.8343729279302,155642800
2011-03-28,100.63458251953125,101.35680542641724,100.60385486809712,101.09557935649916,109762400
2011-03-29,101.31073760986328,101.34146527025159,100.21972394965849,100.55009612430277,129798800
2011-03-30,102.0098876953125,102.3095321380259,101.69487356425459,101.84085629443446,135835000
2011-03-31,101.87162017822266,102.15590675733552,101.76405576883008,101.8793108869487,132537100
2011-04-01,102.30186462402344,102.77823128159878,102.05600817296119,102.50163544687885,153850100
2011-04-04,102.38639068603516,102.70140492032797,102.09443685363495,102.51700377067439,100768900
2011-04-05,102.37101745605469,102.82432369228349,102.14051898425791,102.18661633388942,120791500
2011-04-06,102.69371032714844,102.95493645672342,102.27881073439829,102.86274175772972,120411600
2011-04-07,102.43247985839844,102.93956240502236,101.92538558813578,102.50930486309237,170731500
2011-04-08,102.07904052734375,102.94724626043725,101.65646199691604,102.88577922658978,147945400
2011-04-11,101.77175903320312,102.53238897787524,101.52589079646356,102.18664702814766,121385400
2011-04-12,101.01109313964844,101.40293235888016,100.642302596628,101.20317325716908,161187400
2011-04-13,101.00337219238281,101.55655191526826,100.61921211694548,101.47972693436186,162059000
2011-04-14,101.0802230834961,101.23388480833259,100.08909499320829,100.41946711542485,161220400
2011-04-15,101.44903564453125,101.70258282132396,100.96500169214578,101.26464622405703,170006700
2011-04-18,100.31192779541016,101.44135992675007,99.50518888393293,100.3349764737117,210759300
2011-04-19,100.88811492919922,100.91885429979762,100.21968016411982,100.4655365107327,124258800
2011-04-20,102.26344299316406,102.48625073565042,102.0252538374632,102.09441157873796,156133800
2011-04-21,102.785888671875,102.8319860140373,102.26343649585242,102.79356765435627,135935400
2011-04-25,102.6783447265625,102.84737616387758,102.34028185193232,102.7090723862381,65757100
2011-04-26,103.56192016601562,103.76936999390993,102.88580606460323,102.99337047098527,146600000
2011-04-27,104.23802185058594,104.39168357788219,103.33908843608263,103.76166697887606,143031000
2011-04-28,104.57608795166016,104.71437999345538,104.03826602750317,104.05362399416575,124791100
2011-04-29,104.82196807861328,104.92954421140641,104.47622617231404,104.61452996901853,115094100
2011-05-02,104.66062927246094,105.39821045645958,104.45317943536816,105.31370644822195,126278700
2011-05-03,104.28411102294922,104.63754351930415,103.75396814023553,104.46083313294538,138375000
2011-05-04,103.59260559082031,104.2840890254158,103.13160881866672,104.23799169292741,182678500
2011-05-05,102.65528869628906,103.684835214437,102.20198247580227,103.0164002207145,226900000
2011-05-06,103.10860443115234,104.20730879636844,102.70907450528831,103.67716579781886,222787200
2011-05-09,103.50813293457031,103.80777744394052,102.93957157571718,103.10092403013489,114104500
2011-05-10,104.39171600341797,104.57611716763407,103.72328083405284,103.85389392900683,114806900
2011-05-11,103.29298400878906,104.25338439309625,102.8166291697367,104.23801470432883,193564200
2011-05-12,103.78473663330078,103.99986543973445,102.4862730864143,103.01641611785465,171550700
2011-05-13,102.98567962646484,103.98449866934529,102.61688905130504,103.83851589152509,157444900
2011-05-16,102.33260345458984,103.42361709574396,102.16357201630571,102.61687827186782,141675400
2011-05-17,102.31725311279297,102.45555691738096,101.51051413634863,101.9484625066283,192686200
2011-05-18,103.23153686523438,103.3391012600539,102.14820220935506,102.3710217066782,135217900
2011-05-19,103.47738647460938,103.74630330570207,102.90883687827703,103.56959289524518,119489500
2011-05-20,102.65528869628906,103.4773854246601,102.46320859706867,103.20848031993488,182594900
2011-05-23,101.46439361572266,101.97148791072574,101.1032820774907,101.40292657478538,168700000
2011-05-24,101.37987518310547,101.97916416163504,101.18779508168858,101.75635640239261,147199600
2011-05-25,101.71792602539062,102.14050454333278,100.94192672781512,100.972654382012,151050100
2011-05-26,102.1866226196289,102.37102375313712,101.24927070733209,101.44135082503816,164850000
2011-05-27,102.57845306396484,102.85504887874525,102.15588622007279,102.47088867619685,120921900
2011-05-31,103.64641571044922,103.66178540083678,102.83199797449014,103.54654203202699,164731200
2011-06-01,101.31841278076172,103.66179247002283,101.23389706332478,103.34677827560881,233094300
2011-06-02,101.21082305908203,101.60267388897076,100.61922490871567,101.38754515726724,200466800
2011-06-03,100.204345703125,100.97266610728052,99.94311957938548,99.9968959113841,234690200
2011-06-06,99.1440200805664,100.15820823515385,99.01340707101517,99.95075852650928,179951200
2011-06-07,99.08261108398438,99.93544725839986,98.99809536494718,99.65116071783486,161660500
2011-06-08,98.66770935058594,99.25931937112134,98.48330822475114,98.92893548612227,198696400
2011-06-09,99.420654296875,99.82786316781507,98.69844297435176,98.9366204207161,160964400
2011-06-10,98.03768920898438,99.05955096252157,97.77646306709633,98.99809564272186,238629400
2011-06-13,98.11453247070312,98.52943213539669,97.6151287997052,98.26051525184933,207599800
2011-06-14,99.35922241210938,99.7049643262207,98.97506212450978,99.01346877435645,160570400
2011-06-15,97.5920639038086,99.34383950622318,97.33083775665538,98.5294216806043,300958000
2011-06-16,97.80719757080078,98.32197087568017,97.05424093565695,97.6227964386309,308032800
2011-06-17,98.09903717041016,98.78623182692029,97.76702131124057,98.77850888390346,233284900
2011-06-20,98.60093688964844,98.80941515797328,97.736155601429,97.76704148899123,159479000
2011-06-21,99.95217895507812,100.14521136394531,98.63956093113387,99.11056048004035,193157300
2011-06-22,99.34988403320312,100.2301110384976,99.28811227015942,99.64329696222099,176703000
2011-06-23,99.0641860961914,99.32670721612648,97.4349928915535,98.18395921388868,334286500
2011-06-24,97.91376495361328,99.11828539538509,97.76706431703984,99.04107949477346,226129300
2011-06-27,98.78626251220703,99.16459847435894,97.78249167988714,97.97552407911164,168904700
2011-06-28,100.07569122314453,100.09113710991652,99.04104066285299,99.1800182985222,165556300
2011-06-29,100.93276977539062,101.09491037355673,100.09115144306988,100.53125913413913,244295500
2011-06-30,101.89791870117188,102.06005927872408,100.92503989057934,101.25704988007371,223322700
2011-07-01,103.40357971191406,103.54256914639446,101.75122307738214,101.9905813337951,202385700
2011-07-05,103.31865692138672,103.5271352062883,102.9943639125189,103.29549397659348,165936000
2011-07-06,103.44220733642578,103.5734679595401,102.77817538423609,103.07158841341109,143331600
2011-07-07,104.51546478271484,104.77798602324992,104.14484586773807,104.36104121662143,170464200
2011-07-08,103.77418518066406,104.51543457816229,102.99433873911904,103.33407755539909,194100500
2011-07-11,101.89791870117188,102.83218868509395,101.65856047027877,102.50017869559959,195918600
2011-07-12,101.45781707763672,102.52335961546162,101.42693707994057,101.68174124254053,214675700
2011-07-13,101.79753875732422,102.8630811150725,101.55046347222537,101.99057111014761,204062600
2011-07-14,101.09490203857422,102.52334621689786,100.90186967835537,102.05234678669345,226111800
2011-07-15,101.68174743652344,101.82072510726466,100.97138962862239,101.6585844913999,220012800
2011-07-18,100.84781646728516,101.3651417261433,100.09113299122865,101.21071821005654,196872100
2011-07-19,102.48475646972656,102.60830003089119,101.38833387335619,101.41149681835425,166554900
2011-07-20,102.4229736328125,102.80903838345523,102.24538714640997,102.74727839130225,137145400
2011-07-21,103.84369659423828,104.09850073298395,102.43841530450653,103.00206651834718,245246300
2011-07-22,103.91317749023438,104.02127513644577,103.28002571831061,103.86685161068088,126019400
2011-07-25,103.3340835571289,103.84369181114744,102.8167582502047,102.92485589968497,136653800
2011-07-26,102.9480209350586,103.43446625849866,102.71637974381284,103.26459683703578,131278200
2011-07-27,100.8401107788086,102.40753261815284,100.70883840449468,102.37664084239884,249020100
2011-07-28,100.54668426513672,101.7434871064372,100.38453191868591,100.84009718644825,207939900
2011-07-29,99.8594970703125,100.80149588419737,98.80940061131427,99.53520413497242,307038400
2011-08-01,99.43482208251953,101.1180702822961,98.46966034326402,101.02540674373111,325790900
2011-08-02,96.89456176757812,99.21867399065856,96.89456176757812,98.68590257208545,346653800
2011-08-03,97.4195785522461,97.52767621203094,95.38115712361648,97.02579674483582,370830800
2011-08-04,92.85628509521484,96.22276981580796,92.70185567769043,96.06834039828355,520721800
2011-08-05,92.7173080444336,94.25384403818278,90.2310502118977,94.0144857878923,655619200
2011-08-08,86.67928314208984,92.7482231513274,86.49396776972438,90.26968748204065,702263900
2011-08-09,90.70975494384766,90.8332925715702,85.14269737260025,88.07679113972033,717828700
2011-08-10,86.70244598388672,89.78324188235273,86.43991881880079,88.99567216885937,662607400
2011-08-11,90.59394073486328,91.82162361013438,86.7255709272437,87.45137442284073,487979700
2011-08-12,91.20392608642578,92.04554429776914,90.55533433258927,91.42012137407804,313731600
2011-08-15,93.1342544555664,93.22690621748889,91.88340265169208,92.0301091292428,258810600
2011-08-16,92.33897399902344,93.18832125298864,91.35064907537071,92.24632221923176,294095200
2011-08-17,92.4007568359375,93.58211429668975,91.66723600070289,92.84859346145514,238201100
2011-08-18,88.41654968261719,92.43162068031693,87.55176253179671,89.95308572058667,512956300
2011-08-19,86.9726333618164,89.47433034180229,86.8645357441606,87.219714472298,428281300
2011-08-22,87.04216003417969,88.97248375994462,86.795078832917,88.92615198472751,275090600
2011-08-23,89.90673065185547,90.00710533240748,86.92631131215725,87.36642474362156,331136600
2011-08-24,91.17306518554688,91.29660285910663,89.50526241087987,89.71374070315395,246869700
2011-08-25,89.78319549560547,92.19224107080267,89.46662554080586,91.67491584535018,312365400
2011-08-26,91.08812713623047,91.50507781469332,87.90695115844788,89.3276726433081,314495900
2011-08-29,93.70562744140625,93.75967626549345,91.15759798385577,92.31579212076417,190977200
2011-08-30,93.95272827148438,94.53182546105445,92.08417608694977,93.29641930148121,241315700
2011-08-31,94.36966705322266,95.36571480056998,93.65930933741666,94.55497648106758,301828400
2011-09-01,93.38134002685547,95.28077781696291,93.25779648398002,94.42371363362561,254585900
2011-09-02,90.9954605102539,93.32729490205377,90.67116753366099,91.43557409016731,255517200
2011-09-06,90.33145141601562,90.46271794130489,88.31619243973729,88.32391538613834,285130500
2011-09-07,92.87946319580078,92.91806613832307,91.38925294600337,91.69810594058622,209803200
2011-09-08,91.91431427001953,93.38136178362863,91.70583596556426,92.32354204209916,250568200
2011-09-09,89.50525665283203,91.9297429856442,89.01109420862069,90.8642063198537,380195100
2011-09-12,90.0843505859375,90.15384530669083,88.06137499346006,88.38566798129344,305793500
2011-09-13,90.9105224609375,91.25026131398737,89.73688825448947,90.37775713060431,272514700
2011-09-14,92.16912078857422,93.27326645182978,90.1229759857868,91.37382228047895,319389500
2011-09-15,93.75968933105469,93.79057521924851,92.19226732322338,93.15742923847722,326777200
2011-09-16,94.3145980834961,94.66385748152095,93.38325153147706,94.13609285634831,284528300
2011-09-19,93.37549591064453,93.85669502213037,92.14146133696465,92.77012001251045,241517000
2011-09-20,93.26681518554688,94.67936056094314,93.14263843060795,93.77129694562181,218932200
2011-09-21,90.5193862915039,93.60060109504825,90.37192668259641,93.31343885782472,316251300
2011-09-22,87.5933837890625,88.64115034779749,86.38263184753389,87.89607177444465,513911300
2011-09-23,88.12113952636719,88.6023386464811,86.9414274645903,87.01128171943537,307242500
2011-09-26,90.21668243408203,90.34086515808491,87.68652160678441,88.95160202043323,260673700
2011-09-27,91.22564697265625,92.79341538520511,90.68235643342422,91.99400833832298,311753900
2011-09-28,89.36294555664062,91.96296060653324,89.23100585543584,91.4119131003032,286696800
2011-09-29,90.06922149658203,91.29549331019994,88.42383595643605,90.84534574585423,298108900
2011-09-30,87.81845092773438,89.60353296404904,87.75635957307364,88.82740879486245,288392300
2011-10-03,85.31935119628906,88.43936852045474,85.2262141413293,87.30622766455939,365136800
2011-10-04,87.1897964477539,87.37607053336431,83.3790294136865,84.09306231111853,459177500
2011-10-05,88.80413055419922,89.03697018539394,86.59994064334903,87.40711053110422,284108000
2011-10-06,90.41068267822266,90.54262825783488,88.09783648502354,88.75754069765995,257800800
2011-10-07,89.80531311035156,91.00054485785331,89.300831293606,90.9384535127309,312657900
2011-10-10,92.8089370727539,92.84773973153455,91.32653694755669,91.334299847856,230666300
2011-10-11,92.90206146240234,93.16594676124528,92.1647458640331,92.25788289680546,209088000
2011-10-12,93.71701049804688,94.79582281599272,93.39103970874494,93.60059066719374,281544900
2011-10-13,93.53073120117188,93.81013639345613,92.45191901149127,93.16595187116977,212538800
2011-10-14,95.12952423095703,95.1528070049566,94.08952084993277,94.61728543889694,211397600
2011-10-17,93.31342315673828,95.11403121797187,93.08058350826983,94.67939760225464,202311600
2011-10-18,95.1373062133789,95.85133905892683,92.51400261788669,93.24356126345307,318857900
2011-10-19,94.01193237304688,95.52537827940135,93.68596159494899,94.98208772787986,226601300
2011-10-20,94.42326354980469,94.76475413705236,92.99519208584037,94.24475239630021,262075600
2011-10-21,96.21611022949219,96.33253003433563,95.24595505805883,95.53311719913447,278999400
2011-10-24,97.39583587646484,97.63643843383309,96.28597790055355,96.37135204649738,203215600
2011-10-25,95.5020980834961,96.97672952567306,95.29254120521888,96.93016396221525,268596800
2011-10-26,96.47222137451172,96.8369947025256,94.85011903778383,96.51102402403325,289053800
2011-10-27,99.83287048339844,100.44600345722598,98.26509611308548,99.05674027770726,393220200
2011-10-28,99.8095932006836,100.00362428245575,99.18869137046921,99.34391386734346,225906500
2011-10-31,97.403564453125,99.82506760444299,97.26386189275232,98.69193316782376,228146700
2011-11-01,94.6871566772461,95.85910593016602,94.31461443902006,94.7104394568806,416565800
2011-11-02,96.23162841796875,96.54984215086571,95.3002818382808,96.10745163731036,244717600
2011-11-03,97.98568725585938,98.17971831973236,95.92895679453406,97.22508288007967,291174800
2011-11-04,97.3880844116211,97.55882679181877,96.24718068881997,97.19405332737216,249401600
2011-11-07,97.99344635009766,98.09434036770372,96.39462641936264,97.31821614235827,196617200
2011-11-08,99.25074005126953,99.35940286446032,97.56655230648158,98.50566168382448,224426300
2011-11-09,95.58743286132812,97.63639970858719,95.3545932972212,96.93012403979064,337982000
2011-11-10,96.48775482177734,96.96895393010976,95.47879105059425,96.85253412245673,231866500
2011-11-11,98.30390930175781,98.5600258273553,97.62867901106215,97.65972469445306,189924400
2011-11-14,97.37252044677734,98.91700561410525,96.95341275849287,97.93909359613129,159258300
2011-11-15,97.85375213623047,98.3737539906368,96.79822262562028,97.14747618840462,184709400
2011-11-16,96.30146026611328,98.05549611387247,96.1617577195226,96.86802742852962,235782500
2011-11-17,94.77249908447266,96.36355560215982,94.08951211799136,96.12295314332803,331219600
2011-11-18,94.67164611816406,95.26925923259601,94.2758210613354,95.07522815472922,215580400
2011-11-21,92.87103271484375,93.40655443303089,92.08714554648974,93.29013460860473,229611600
2011-11-22,92.50626373291016,93.21253381659108,91.9862559150206,92.66924913683651,216494900
2011-11-23,90.46503448486328,92.50624491213178,90.46503448486328,91.63698368002036,224329100
2011-11-25,90.2942886352539,91.34981804492101,90.18563171849623,90.32533431452151,99557000
2011-11-28,92.90983581542969,93.27461517039205,92.2190856876169,92.77789611042236,210686000
2011-11-29,93.17372131347656,93.911037004056,92.83222473862716,93.17372131347656,199241500
2011-11-30,97.00778198242188,97.18629319040636,93.13492308863337,95.84359544381395,324439500
2011-12-01,96.9922103881836,97.51221201039111,96.57310274717348,96.89907338306276,176954800
2011-12-02,96.9068832397461,98.1797266530813,96.84479187291056,97.8848015426505,221109700
2011-12-05,97.96236419677734,98.70744246513547,97.35698847382109,98.44355724766271,225263900
2011-12-06,97.99344635009766,98.65315075736972,97.60538423742493,97.95463777028722,178842100
2011-12-07,98.35821533203125,98.7695601807564,96.99223518120124,97.66745939652091,237802500
2011-12-08,96.2005844116211,97.93134384251054,95.96775072333783,97.71403003156992,240862800
2011-12-09,97.8304443359375,98.07880380895682,96.54983839763041,96.63521252160801,209111400
2011-12-12,96.40235900878906,96.99221489256948,95.58743238122013,96.97668909698375,215826100
2011-12-13,95.5020980834961,97.45792872638506,95.03641876348385,96.90688118048635,245159800
2011-12-14,94.4853515625,95.48655241808028,94.27580064917264,95.12177312325367,238618800
2011-12-15,94.82685089111328,95.61849493547327,94.67938540465744,95.48655524830619,199109200
2011-12-16,94.96743774414062,96.02966142360057,94.74093951092657,95.46731296880856,220481400
2011-12-19,93.95207214355469,95.53759538166457,93.74899841111903,95.33452164922892,183903000
2011-12-20,96.79508209228516,96.95910112376083,94.0145587719925,95.4282508710766,225418100
2011-12-21,96.98251342773438,97.13091412513884,95.87342916005385,96.79506399237248,194230900
2011-12-22,97.8416976928711,97.94323755703331,97.02941453304669,97.34182838271198,119465400
2011-12-23,98.71644592285156,98.74768849135847,97.95102385061949,98.15409160754845,92187200
2011-12-27,98.79454803466797,99.05229475219716,98.45869787637828,98.544613448888,86075700
2011-12-28,97.4980239868164,98.8258004893078,97.41992053824241,98.81018218315747,119107100
2011-12-29,98.50559997558594,98.6071338890354,97.5214795847127,97.81827514942755,123507200
2011-12-30,98.02130126953125,98.66957106663143,98.02130126953125,98.42744268474365,95599000
2012-01-03,99.58344268798828,100.27076751789187,99.52876966369256,99.7865164749064,193697900
2012-01-04,99.73963928222656,99.82555487705415,98.96640488769036,99.3491160180692,127186500
2012-01-05,100.00518798828125,100.15358872920133,98.7477086133752,99.20071701066986,173895000
2012-01-06,99.74746704101562,100.14580250134907,99.41942887787658,100.13017823134452,148050000
2012-01-09,99.98957061767578,100.11452899306967,99.51313180288116,99.97394635156788,99530200
2012-01-10,100.85652923583984,101.26266479827018,100.7159346812888,101.05959701705501,115282000
2012-01-11,100.91121673583984,101.04399322559479,100.38011077682009,100.54412388623643,111540700
2012-01-12,101.1533432006836,101.30174396494678,100.39572702784308,101.20021600873427,118983700
2012-01-13,100.63003540039062,100.79406042097004,99.75526707149943,100.47382847277785,179836200
2012-01-17,101.0205307006836,101.78596469430096,100.67686840441806,101.59850928238667,132209200
2012-01-18,102.13744354248047,102.19211059453892,100.81747318761113,100.99711052697826,163395200
2012-01-19,102.6763687133789,102.76228429720919,102.16087521039726,102.48891328016121,126328900
2012-01-20,103.05906677246094,103.05906677246094,102.25458995983358,102.50453052032691,138230200
2012-01-23,102.79350280761719,103.29337195701012,102.30143983071675,102.71539341140992,129295800
2012-01-24,102.6763687133789,102.70760532667052,102.00466830829386,102.16087521039726,103083300
2012-01-25,103.53553009033203,103.77765261708845,102.12183772353504,102.52016717873194,198613200
2012-01-26,103.0044174194336,104.19159953226665,102.59826989776758,103.9963379050189,184880500
2012-01-27,102.9575424194336,103.13717975488109,102.43423084247485,102.50453407619108,135259100
2012-01-30,102.6060791015625,102.66075807936159,101.5829100514303,101.93437860728747,147311800
2012-01-31,102.5670394897461,103.23872808702541,102.06715825262253,103.11376969556918,157212000
2012-02-01,103.46521759033203,103.98851724833956,103.19966467453519,103.32462304102518,166234500
2012-02-02,103.62921905517578,103.89478385905484,103.26213825257832,103.66827375437748,113090400
2012-02-03,105.08200073242188,105.14448588842752,104.48060345178915,104.66024082666485,160598500
2012-02-06,105.01168823242188,105.05854911052349,104.52744326827523,104.64459546352926,107694500
2012-02-07,105.27726745605469,105.45691675742451,104.37906862050751,104.79302237092409,135528100
2012-02-08,105.58966064453125,105.61309108220048,104.90233602537552,105.33191391234784,139361400
2012-02-09,105.72245025634766,105.9020876067782,105.0976106991445,105.76150496326471,148602900
2012-02-10,104.9413833618164,105.02729893318065,104.53523594101995,104.78517648237808,167907500
2012-02-13,105.72245025634766,105.84742055135294,105.23820526048127,105.69121364150797,115841900
2012-02-14,105.58966064453125,105.65214578425648,104.85547515003704,105.44125992741155,165329500
2012-02-15,105.09761047363281,106.08954282164603,104.8867245909918,105.93333591213624,195195100
2012-02-16,106.26139068603516,106.35511246289559,104.91798960118504,105.10544507273104,186567800
2012-02-17,106.54254913330078,106.71438030577264,106.1910806142713,106.62846471953671,129869400
2012-02-21,106.58942413330078,107.04243256457059,106.2613860108967,106.79249194683914,134042300
2012-02-22,106.2457504272461,106.65189792889112,106.05829498391225,106.42538777846812,124455300
2012-02-23,106.71435546875,106.79245294490045,105.83176937172611,106.191055899043,137704300
2012-02-24,106.94868469238281,107.15957057090172,106.7143802916096,106.94868469238281,105539100
2012-02-27,107.12834167480469,107.41732506846016,106.06611794942043,106.23794913424905,145728900
2012-02-28,107.4407730102539,107.56574333190704,106.9487098173858,107.15959574544726,129355900
2012-02-29,107.01898193359375,107.93280479887198,106.64407107771882,107.59694864687849,185934700
2012-03-01,107.57351684570312,107.77659653618565,106.94867734498081,107.2454787893339,145023500
2012-03-02,107.24552154541016,107.64386299381317,107.00339897283489,107.5032683891336,120638300
2012-03-05,106.8081283569336,107.15959696247714,106.44103548154949,107.08149944892632,140765000
2012-03-06,105.24607849121094,105.77718470663744,104.94147065169729,105.71471143715388,202129900
2012-03-07,105.9802017211914,106.15203290498916,105.38659875249964,105.48813861142298,143692200
2012-03-08,107.03459167480469,107.25329562765124,106.40976409920451,106.62845613422898,116968900
2012-03-09,107.4485855102539,107.72975084259733,107.10492310251165,107.23769959317111,122836800
2012-03-12,107.45638275146484,107.59696540594803,107.07366566233138,107.43295230905099,104003500
2012-03-13,109.39334869384766,109.44802765831203,107.85468644752336,108.0343356869165,184090500
2012-03-14,109.27625274658203,109.69801274424034,108.94039644959683,109.4246535347038,145163600
2012-03-15,109.9088363647461,109.95569723592689,109.15902667239112,109.44020381729665,165118500
2012-03-16,110.06105041503906,110.20224915012525,109.82570721984325,110.1081166600678,152893500
2012-03-19,110.49247741699219,110.8297933840452,109.91196597433176,109.9904176722759,125291100
2012-03-20,110.17090606689453,110.30426445465326,109.54332802975223,109.86496341967029,121729700
2012-03-21,109.9904556274414,110.33561209537497,109.76295280692658,110.23363921691733,122388400
2012-03-22,109.19815063476562,109.47271974433966,108.83730137252748,109.18245789334739,135216700
2012-03-23,109.55113983154297,109.67665780023185,108.68823072942455,109.29227547994407,120521000
2012-03-26,111.08871459960938,111.08871459960938,110.29640479780524,110.3356186926053,120164000
2012-03-27,110.74353790283203,111.26129055225367,110.67293853337976,111.19069118280139,119868500
2012-03-28,110.19438934326172,110.8611929504446,109.54327847167315,110.68860876905727,148562100
2012-03-29,110.00611877441406,110.21008843876052,109.11182431473166,109.54328479309834,164963700
2012-03-30,110.46115112304688,110.64942811694232,109.86495859746034,110.54744324899208,135486800
2012-04-02,111.26913452148438,111.55939633311615,110.10812318511582,110.3277736549679,151741100
2012-04-03,110.81409454345703,111.30047349781886,110.16298379055887,111.11219661515804,155806700
2012-04-04,109.71586608886719,110.09240796457205,109.30793874099085,109.99827548815843,146896000
2012-04-05,109.66095733642578,109.98259261976344,109.2451895682289,109.33933402313961,137439400
2012-04-09,108.42935943603516,109.70019601029959,108.13125723908803,108.28030833756159,127555900
2012-04-10,106.60934448242188,108.52345097614231,106.4995192886862,108.21750851001805,235360300
2012-04-11,107.47229766845703,107.89590583769962,107.27618033694525,107.69978850618783,154133000
2012-04-12,108.87649536132812,108.96278746826694,107.49583362035928,107.57428534304995,154321500
2012-04-13,107.5821304321289,108.9000452166436,107.48014558218145,108.62547614527098,169246700
2012-04-16,107.51153564453125,108.28815270400369,107.14283406213498,108.13126121512414,147825300
2012-04-17,109.10399627685547,109.32364673250501,108.02142476683125,108.13124999465602,147877600
2012-04-18,108.73529052734375,109.10399205722126,108.55486593933504,108.61762491995799,123884200
2012-04-19,108.0371322631836,109.15891781705663,107.52723191506924,108.75100232658664,198666700
2012-04-20,108.21754455566406,108.9078814148283,108.15478557118983,108.51564673940359,143199600
2012-04-23,107.3075942993164,107.40173879357093,106.64080230281957,107.1114768938662,171844900
2012-04-24,107.7154769897461,107.99004603103837,107.31540195848305,107.40169405974193,137484200
2012-04-25,109.19026184082031,109.23732807415428,108.67250933404843,108.76664180071634,150252200
2012-04-26,109.95122528076172,110.07674324764724,108.89218688649991,108.95494586994268,136291600
2012-04-27,110.13166809082031,110.44545108987644,109.6688339776936,110.28071920489093,130725000
2012-04-30,109.72369384765625,109.99042245022378,109.42560371662636,109.91197074887174,115092200
2012-05-01,110.40623474121094,111.12794519905935,109.53547317260126,109.66097918740465,138832200
2012-05-02,110.07677459716797,110.18659985695766,109.40213029558691,109.76297959058634,121081000
2012-05-03,109.23733520507812,110.17869584335605,109.03337752396705,110.092403753261,143759700
2012-05-04,107.47229766845703,109.27657951237583,107.40953868596702,108.66469439566322,193927300
2012-05-07,107.55073547363281,107.91158461369692,107.04867564872372,107.08788953391081,127765900
2012-05-08,107.11929321289062,107.29187742922902,105.84060432912507,106.90748313464762,213377700
2012-05-09,106.48389434814453,107.16637898342518,105.50330747214146,105.98183434643315,220752500
2012-05-10,106.70352935791016,107.35464038544445,106.46034576317926,107.22127005602471,150600000
2012-05-11,106.38186645507812,107.3702933170873,105.98963186332134,106.03669809912418,153032400
2012-05-14,105.20520782470703,106.38191210491624,105.04831631469013,105.36209933472394,163910000
2012-05-15,104.60115051269531,105.75432152787194,104.43641863627208,105.1345959474287,207629300
2012-05-16,104.20108032226562,105.55036875772645,104.17754719595385,105.07184190596355,207265500
2012-05-17,102.65564727783203,104.35010374292534,102.6007286843096,104.22458578920342,247992900
2012-05-18,101.77705383300781,103.2361672462499,101.62800274707715,103.05573068430654,319615900
2012-05-21,103.52639770507812,103.565623557733,101.94176662420836,102.10651041733897,177861100
2012-05-22,103.70686340332031,104.5148660143336,103.03221916819662,103.79315552537292,197531200
2012-05-23,103.76176452636719,103.91081561843505,101.97317536165767,102.96160243582271,204958400
2012-05-24,103.96572875976562,104.20891235887376,103.09496724582971,104.04418048788901,167357600
2012-05-25,103.62843322753906,104.21678539506092,103.37739722376976,103.92652351944574,135465600
2012-05-29,104.88353729248047,105.06396187002024,102.8988310293903,104.45992916041952,152883500
2012-05-30,103.36168670654297,104.87571891503588,103.14988858109668,103.98926463798998,162370400
2012-05-31,103.13418579101562,103.90296239784583,102.24773160035127,103.32246274311889,196186000
2012-06-01,100.53759765625,103.15772248768735,100.53759765625,101.51818437191243,253240900
2012-06-04,100.49053955078125,100.99259951107486,99.73744362531401,100.7180304204229,202545800
2012-06-05,101.25146484375,101.40050396554385,100.23949267808494,100.29440529323468,164149400
2012-06-06,103.52639770507812,103.57346394024412,101.92607388913648,101.95745935928024,184202800
2012-06-07,103.58921813964844,104.75022985280759,103.37740798567495,104.70316358971498,184772700
2012-06-08,104.41287231445312,104.43640543668212,102.99297277634241,103.32246042765235,143915400
2012-06-11,103.08712768554688,105.31501792945402,102.9851428321814,105.25225894046397,169756100
2012-06-12,104.27167510986328,104.34227448568994,102.89101322346538,103.38522082430558,181931800
2012-06-13,103.60487365722656,104.61683386027526,103.25185287076422,103.96572285798248,172223900
2012-06-14,104.7031478881836,105.11891577656112,103.53428399309011,103.81669349935173,230615500
2012-06-15,105.77395629882812,105.86857653394975,104.95388618626649,105.17467475626673,169444500
2012-06-18,105.9789810180664,106.23919872176815,105.09582665307319,105.33238929571804,131360900
2012-06-19,107.00403594970703,107.43773195299572,105.95528453523475,106.51514883622036,137382600
2012-06-20,106.8305892944336,107.31948858527389,105.87646983574108,107.01196078829638,206451800
2012-06-21,104.43343353271484,107.06713391872118,104.34669432086086,106.95673965200453,205272200
2012-06-22,105.23776245117188,105.43489596899943,104.57538468689427,104.9775447637905,130029200
2012-06-25,103.55030822753906,104.16536388934605,103.17969622208152,104.12593477624027,146375700
2012-06-26,104.0707015991211,104.38612238092895,103.24273859097521,103.84991306789186,141634000
2012-06-27,105.00909423828125,105.2141087914476,104.06285563832458,104.41769360929875,108088000
2012-06-28,104.7094497680664,104.86716623168584,103.51876747303156,104.31518267317152,169242100
2012-06-29,107.31948852539062,107.45353786942655,106.33382096741339,106.6098006644022,212250900
2012-07-02,107.64277648925781,107.75317077257019,106.86213549728971,107.61912143083904,129524500
2012-07-03,108.35247039794922,108.43131658639663,107.50873316024351,107.61912744972999,80450000
2012-07-05,107.86360931396484,108.66003671443104,107.46934213577902,107.95034857444891,126177500
2012-07-06,106.83849334716797,107.05928194046855,106.33383198647006,106.8227192956248,151192100
2012-07-09,106.70443725585938,106.90157077544343,106.21553794547977,106.75174737542751,103780500
2012-07-10,105.77395629882812,107.42198956492797,105.41122534407079,107.24851111248854,167884800
2012-07-11,105.78973388671875,106.13669080320115,105.17467827370905,105.82916299669631,141733400
2012-07-12,105.27717590332031,105.84492137767646,104.55961906751781,105.17467465939119,143583200
2012-07-13,107.04349517822266,107.15388946176436,105.53739228470228,105.55316633437238,129642600
2012-07-16,106.79118347167969,107.1066043784313,106.37326129830147,106.7990765143968,97525200
2012-07-17,107.52449035644531,107.74527890080998,106.09724582606191,107.21696259593217,138860300
2012-07-18,108.32093811035156,108.53384571118406,107.20911404395278,107.27218619108835,113349700
2012-07-19,108.60476684570312,108.95960468176753,108.1947378952639,108.54168269208047,129847300
2012-07-20,107.61124420166016,108.15533462855059,107.4929689054122,107.98973718172854,142904500
2012-07-23,106.5230484008789,107.5402639341783,105.53738096353551,106.03416120222,145210900
2012-07-24,105.60832214355469,106.64919249636218,104.89864656269175,106.60188239524739,173301200
2012-07-25,105.63201141357422,106.10512455616737,105.07214702462171,105.82914489767295,129122300
2012-07-26,107.3746566772461,107.60333823972816,106.6570879608773,107.15386815406679,156526500
2012-07-27,109.35389709472656,109.66143692731352,107.35102588689175,107.94242642880545,236768900
2012-07-30,109.35389709472656,109.87433245930858,109.03060727619061,109.22774079016183,106782000
2012-07-31,108.58901977539062,109.50371004861888,108.58901977539062,109.20407531776553,120575900
2012-08-01,108.494384765625,109.39331299954512,108.34456138795942,109.36965794328985,138293800
2012-08-02,107.74531555175781,108.4786586344826,106.9094712020437,107.67435035951658,199556600
2012-08-03,109.88218688964844,110.11085639139154,107.77679111201039,109.25923846643101,157825000
2012-08-06,110.09514617919922,110.52884241541136,110.047836050172,110.17400441562964,86326200
2012-08-07,110.6471176147461,111.12023088512129,110.41843597346661,110.53671128304134,109545100
2012-08-08,110.78116607666016,110.90732239515663,110.24495660276455,110.27650470644578,89754700
2012-08-09,110.87577056884766,111.0965591349391,110.513039620512,110.62343390355774,90291700
2012-08-10,111.05714416503906,111.09657327801942,110.24495497236289,110.42631445358134,99792700
2012-08-13,111.00190734863281,111.0570984584301,110.42626900659626,110.86785804532967,79426900
2012-08-14,111.0177001953125,111.48294441489863,110.68651734833425,111.411967208202,102379400
2012-08-15,111.1439208984375,111.33317348534754,110.82851195233414,110.89947716039539,71085900
2012-08-16,111.96392822265625,112.09797753633624,111.0255709948244,111.30155062931662,112014200
2012-08-17,112.11376190185547,112.20839416666836,111.86143727052794,112.15319100952131,90813700
2012-08-20,112.12163543701172,112.14529049108111,111.64851029147918,111.95603802645365,78255700
2012-08-21,111.78257751464844,112.83132919731958,111.53813389539317,112.39763308312111,105581100
2012-08-22,111.82989501953125,112.01125446627583,111.23849453347073,111.4987001591125,133243500
2012-08-23,110.91519165039062,111.5617832522749,110.74171321357625,111.55390224408283,111466400
2012-08-24,111.58544921875,111.8377858904507,110.56824558713409,110.63921076402188,99481200
2012-08-27,111.60909271240234,112.03490779375419,111.45138832496863,111.88508441446645,68785900
2012-08-28,111.49871826171875,111.84567519500362,111.15965437005667,111.32523979507631,75689600
2012-08-29,111.58544921875,111.8850960083759,111.27792142016149,111.59334225978736,65421300
2012-08-30,110.78116607666016,111.13600403457905,110.54460342735551,111.1044559308978,96589900
2012-08-31,111.30945587158203,111.82989116909376,110.67862630175631,111.41195710382651,151970400
2012-09-04,111.20695495605469,111.54603085071837,110.49727913124177,111.21483596492608,120226200
2012-09-05,111.1123046875,111.55388170643138,110.89151617803431,111.25423500126878,100660300
2012-09-06,113.36753845214844,113.37541946073412,111.77469637642776,111.78257738501343,158272500
2012-09-07,113.80912780761719,113.85643792836488,113.45428986993407,113.55679112086223,107272100
2012-09-10,113.16253662109375,113.89587967023384,113.12311953748313,113.69874612387358,86458500
2012-09-11,113.4779281616211,113.84064705513786,113.20193645527571,113.23348455249594,88760000
2012-09-12,113.8564682006836,113.9826365776069,113.47008205838547,113.8564682006836,87640900
2012-09-13,115.59121704101562,115.9460549986629,113.54103549012245,113.8406702824079,225470200
2012-09-14,116.10372924804688,116.789749852262,115.72522433420865,115.81985657870409,169777000
2012-09-17,115.70948791503906,116.06432582218947,115.41772214207477,115.86719231465321,119427800
2012-09-18,115.61483764648438,115.7646610140139,115.32308395102534,115.51233642033725,98326600
2012-09-19,115.67794036865234,116.04855232715751,115.44927079293028,115.74890554400665,128318300
2012-09-20,115.68584442138672,115.74891656187792,114.83422613984796,115.14963497060647,154009800
2012-09-21,115.63752746582031,116.27172488795682,115.58996477601428,116.2479435430538,108737500
2012-09-24,115.46302795410156,115.72463462928654,114.97945417808685,115.06665640314851,95682000
2012-09-25,114.2343521118164,115.93082285048216,114.20263559540763,115.7088556208479,133165200
2012-09-26,113.5921859741211,114.24224130831875,113.32265614612346,114.21053689762034,146502200
2012-09-27,114.66239166259766,114.92399840597044,113.76658785313658,114.06783418119667,111830300
2012-09-28,114.13128662109375,114.59900239920202,113.72699177674178,114.22641197357508,150696100
2012-10-01,114.43255615234375,115.49482979069498,114.1630141053445,114.56732112768903,135911200
2012-10-02,114.55139923095703,115.06667750316372,114.02026270684031,114.88434994325547,113422200
2012-10-03,115.01914978027344,115.28867966310226,114.25812280566197,114.86060350192152,121283100
2012-10-04,115.84358978271484,116.01005911253834,115.29659493497336,115.45514118595406,124311600
2012-10-05,115.85149383544922,116.66009530785014,115.50268488279386,116.4619095025961,124842100
2012-10-08,115.45513916015625,115.83565257509412,115.19353240729167,115.42343474903784,78415400
2012-10-09,114.31356811523438,115.46304334697977,114.27392853559459,115.3679180328854,148872900
2012-10-10,113.58429718017578,114.40875726283036,113.43367396721156,114.29776155112464,124247500
2012-10-11,113.64764404296875,114.54344755958383,113.62386271919127,114.37696619684247,123601500
2012-10-12,113.27509307861328,114.1153990666159,113.02934458359024,113.72696257950327,124181900
2012-10-15,114.21846771240234,114.33737438095407,113.17997581937048,113.54463100046515,107689100
2012-10-16,115.37588500976562,115.4551641992102,114.67827894713852,114.7575460402771,108815500
2012-10-17,115.89906311035156,115.99420052779028,115.28072433036014,115.45512881664513,128834100
2012-10-18,115.59785461425781,116.1527726048557,115.2094059726868,115.59785461425781,148108500
2012-10-19,113.67146301269531,115.39171454801047,113.40193318975442,115.38379146956032,185645200
2012-10-22,113.68730926513672,113.89341814981073,112.79150554640798,113.481188284161,125578600
2012-10-23,112.1097412109375,112.61709637200128,111.64202562889301,112.45855015222533,192056300
2012-10-24,111.79269409179688,112.64885854123489,111.6182895504499,112.51408149867086,120179400
2012-10-25,112.1176528930664,112.79148937900487,111.43590542694979,112.58538052387426,134457400
2012-10-26,112.05429077148438,112.4427273178375,111.29325174203098,112.01465117997965,146023500
2012-10-31,112.05429077148438,112.5933505077724,111.52314201867027,112.45066249392144,103438500
2012-11-01,113.22756958007812,113.37025762152359,112.18907740186717,112.292125844142,100995600
2012-11-02,112.22075653076172,113.93308522002154,112.10184985635671,113.90136870931046,137702200
2012-11-05,112.45063781738281,112.70430937399742,111.72130336339774,112.05426618192682,98378500
2012-11-06,113.33060455322266,113.77453893265216,112.67262606360228,112.79153273798353,107068100
2012-11-07,110.7621078491211,112.31587812563144,110.23889430657395,112.30003196710884,264304500
2012-11-08,109.43029022216797,111.30910024742693,109.34308796701838,110.74624712849695,181517300
2012-11-09,109.52542877197266,110.54013933519,109.04185482416563,109.09734057093479,201055300
2012-11-12,109.61263275146484,110.04070886292934,109.36688423411448,109.86630434810566,97677500
2012-11-13,109.23213195800781,110.38954290074257,108.89125802673199,109.03394606411061,123018300
2012-11-14,107.75762939453125,109.7394883513612,107.51188081929347,109.56509589176271,191505000
2012-11-15,107.57527160644531,108.20154563520448,107.16304167199783,107.7972387796931,178128400
2012-11-16,108.10641479492188,108.32045890227833,106.78253475368831,107.73382442505503,239483900
2012-11-19,110.29438781738281,110.3102339752829,108.13812490520458,109.31930477285923,151495800
2012-11-20,110.34192657470703,110.52425412148105,109.46198114976998,110.11995944916445,119807400
2012-11-21,110.54810333251953,110.64324079924428,110.21515243975423,110.43711970159777,81710800
2012-11-23,112.05429077148438,112.09391826668407,111.01578669780301,111.0871428010335,65409200
2012-11-26,111.81645965576172,112.06220817581786,111.13469984384581,111.49935503608897,100124400
2012-11-27,111.24568939208984,112.08599551067495,111.17434538495829,111.70548204300161,128646200
2012-11-28,112.14151000976562,112.2049188502057,110.1913555177951,110.79383627243057,177086500
2012-11-29,112.66466522216797,112.97383460143342,112.07010779309579,112.56161682661406,151085900
2012-11-30,112.68844604492188,112.90249010538993,112.30000960130785,112.68052296723855,136568300
2012-12-03,112.13355255126953,113.29888632778746,112.04635029260818,113.20376098972214,124656300
2012-12-04,111.97502136230469,112.46651847020978,111.67377495614036,112.12564456538684,127512200
2012-12-05,112.17321014404297,112.69642377998383,111.27740607914176,112.07014961372863,147300500
2012-12-06,112.55372619628906,112.6012888740297,111.90368277332253,112.07015214541478,103220600
2012-12-07,112.89458465576172,113.11655182857243,112.3079502154456,112.9897099880224,108726400
2012-12-10,112.94215393066406,113.21168378537655,112.68847023471979,112.73604499993763,98840700
2012-12-11,113.71110534667969,114.24224192695229,113.35437326695072,113.40985901004917,152570400
2012-12-12,113.76659393310547,114.59105379197231,113.60804768218603,114.15504252971616,145880100
2012-12-13,113.0689926147461,114.0202822553094,112.7836045129467,113.69525456508985,135715000
2012-12-14,112.6488265991211,113.02933999220622,112.47442210722734,112.82323109101483,137701700
2012-12-17,113.97270965576172,114.03613057244642,112.91042442167146,112.94214092816533,143238200
2012-12-18,115.2410659790039,115.3441264576516,113.98853037072561,114.1550117519026,177762800
2012-12-19,114.38490295410156,115.4075483840465,114.34527547393195,115.36790880757647,150895400
2012-12-20,115.04291534423828,115.05877359879092,114.13918837560172,114.45629298513455,168487000
2012-12-21,113.99864196777344,115.03651989635755,113.32003837830692,113.50365909285729,245883800
2012-12-24,113.64735412597656,113.81500408899333,113.51961269942562,113.75113337571787,53874600
2012-12-26,113.1683578491211,113.93479441584053,112.84901638587729,113.87890295962009,106947700
2012-12-27,113.01668548583984,113.43183920387862,111.70736577396185,113.2003062491251,167920600
2012-12-28,111.79518127441406,112.90490944046219,111.66743980068684,112.28218498366381,148806700
2012-12-31,113.69524383544922,113.81499379820522,111.40392636395235,111.49973851624898,243935200
2013-01-02,116.60932922363281,116.68117923574718,115.54750104358459,115.85088400419771,192059000
2013-01-03,116.34587860107422,116.85683237501114,116.03451633542669,116.5534615662385,144761800
2013-01-04,116.85680389404297,117.04841608085566,116.29795024345923,116.53746243145109,116817700
2013-01-07,116.5374755859375,116.64924632867067,116.10635116246858,116.44167557276542,110002500
2013-01-08,116.2021713256836,116.48958356700486,115.74709686771737,116.32991280673708,121265100
2013-01-09,116.49748992919922,116.8168434319597,116.27394856831214,116.45756921859284,90745600
2013-01-10,117.42362213134766,117.4316014023531,116.537435766017,117.14418927894604,130735400
2013-01-11,117.41568756103516,117.47954611757629,117.04843385938587,117.39172537471002,113917300
2013-01-14,117.33577728271484,117.41561870471634,116.90465309525182,117.27190658153178,89567200
2013-01-15,117.41568756103516,117.52745830812881,116.72110089214812,116.79295090483022,93172600
2013-01-16,117.39970397949219,117.58332471916758,117.04842104648084,117.17616250977522,104849500
2013-01-17,118.15814971923828,118.49346192550887,117.47953385139054,117.91863751987458,133833500
2013-01-18,118.42160034179688,118.54934179324728,117.70306381395982,118.1341881670811,169906000
2013-01-22,119.06027221679688,119.06027221679688,118.14214441826124,118.42157726609663,111797300
2013-01-23,119.2519302368164,119.35572171919168,118.84476794627308,119.06033018578371,104596100
2013-01-24,119.28388214111328,119.86668598418265,118.96452839127394,119.07629915819273,146426400
2013-01-25,119.9544677734375,119.9544677734375,119.25190193413101,119.65907631013636,147211600
2013-01-28,119.81074523925781,120.01831593361267,119.36365021880368,119.98637448396195,113357700
2013-01-29,120.28179168701172,120.43348313478644,119.4914051769674,119.57124662803676,105694400
2013-01-30,119.81074523925781,120.50531949298964,119.69896234757401,120.26580734898407,137447700
2013-01-31,119.51534271240234,120.05823772244983,119.43551345175294,119.66703414435817,108975800
2013-02-01,120.74481201171875,120.8885119655096,120.06619641101747,120.27376707163481,131173000
2013-02-04,119.38760375976562,120.76878521896619,119.29978304375919,120.01034022550742,159073600
2013-02-05,120.59315490722656,120.93644634921147,119.98638911083253,120.0343012911493,113912400
2013-02-06,120.68098449707031,120.76081377260586,120.08221011112148,120.17003084167783,138762800
2013-02-07,120.52131652832031,120.83267872887163,119.64310920261335,120.72090799488132,162490000
2013-02-08,121.19195556640625,121.26380557934111,120.72890184621859,120.72890184621859,103133700
2013-02-11,121.16797637939453,121.27175564571756,120.8645934883852,121.14402638085116,73775000
2013-02-12,121.36756134033203,121.59110276952858,121.04022846826057,121.17594918012317,65392700
2013-02-13,121.47136688232422,121.83862055665897,121.12807539253242,121.6150790790976,82322600
2013-02-14,121.58313751220703,121.7268497088517,120.9684045405123,121.10412528161751,80834300
2013-02-15,121.43943786621094,121.82265008826492,120.9923549101318,121.69490862021462,215226500
2013-02-19,122.34957122802734,122.37352122988273,121.47935534169105,121.6470053546787,95105400
2013-02-20,120.82467651367188,122.30165810752983,120.76080578820878,122.26173738135348,160574800
2013-02-21,120.09015655517578,120.88852218485951,119.70694446391356,120.52128081717693,183257000
2013-02-22,121.26375579833984,121.26375579833984,120.14604878231086,120.6729608429572,106356600
2013-02-25,118.95650482177734,122.03819731316895,118.95650482177734,121.85457658919587,245824800
2013-02-26,119.77088165283203,119.91458169852874,118.74098259694097,119.53136939457134,186596200
2013-02-27,121.27974700927734,121.61505917072884,119.56325329501755,119.66704474335785,150781900
2013-02-28,121.04025268554688,122.04618931819543,120.8805819444736,121.27177343278859,126866000
2013-03-01,121.43943786621094,121.62305861272267,120.08221826894301,120.62510123501141,170634800
2013-03-04,122.08609008789062,122.08609008789062,120.96838290102643,121.15998288614905,99010200
2013-03-05,123.17987060546875,123.5072035515059,122.66093763802215,122.67690836717192,121431900
2013-03-06,123.34749603271484,123.68280815231181,123.07605462857826,123.61893743685143,94469900
2013-03-07,123.57109069824219,123.73076146465591,123.3635199201142,123.50721995525697,86101400
2013-03-08,124.09796142578125,124.26561139414672,123.47523717909432,124.11393215013288,123477800
2013-03-11,124.56900787353516,124.5769871455372,123.85048356632244,124.00217500902382,83746800
2013-03-12,124.2895736694336,124.6248980034812,123.91435297579847,124.48118583430444,105755800
2013-03-13,124.46524047851562,124.64088195325847,123.93033678074309,124.35346973841534,92550900
2013-03-14,125.12786865234375,125.18376010585195,124.4732150298335,124.79255647758065,126329900
2013-03-15,124.96270751953125,125.13110321018252,124.54570732030842,124.9787492831153,138601100
2013-03-18,124.27304077148438,124.81032353014926,123.65556144263365,123.76782929912663,126704300
2013-03-19,123.98431396484375,124.70603394018596,123.16635568618754,124.5376383228678,167567300
2013-03-20,124.8504409790039,125.0589349626995,124.50561035780984,124.71411657778596,113759300
2013-03-21,123.78387451171875,124.81032701006768,123.57538055421253,124.10463632884817,128605000
2013-03-22,124.77823638916016,124.77823638916016,124.08056057877229,124.1767988980227,111163600
2013-03-25,124.25696563720703,125.31550134522061,123.7758230541534,125.10699521324956,151322300
2013-03-26,125.25139617919922,125.28346746959957,124.63391677154084,124.77024116923266,86856600
2013-03-27,125.25139617919922,125.29149446940981,124.29711315907633,124.50560713737907,99950600
2013-03-28,125.63626098632812,125.78061232424605,124.89849924884527,125.17114793168727,102932800
2013-04-01,125.13907623291016,125.82872493418854,124.83434403765746,125.57210577265468,99194100
2013-04-02,125.75658416748047,126.06933119451122,125.39571185944061,125.58817627464335,101504300
2013-04-03,124.4814453125,125.92489688511364,124.15266897795539,125.82867085902934,154167400
2013-04-04,124.98677062988281,125.23536291526747,124.36929118031766,124.64193999420527,131885000
2013-04-05,124.42536926269531,124.57773535817614,123.31070579756313,123.45504489668711,159666000
2013-04-08,125.26737213134766,125.27538689066702,124.09656874821182,124.51356872201998,86571200
2013-04-09,125.700439453125,126.15753783364045,125.08296018403968,125.4999602833433,101922200
2013-04-10,127.24011993408203,127.40050082507877,126.00517361350174,126.03724489719004,135711100
2013-04-11,127.6571273803711,128.0741275099635,127.13587415931099,127.26418377399763,110142500
2013-04-12,127.34435272216797,127.5368048661781,126.638662230729,127.24811441388722,116359900
2013-04-15,124.39332580566406,126.80710312154625,124.37729628033858,126.70285002553625,217259000
2013-04-16,126.22972106933594,126.29387587896764,125.02684592036863,125.33156597077078,147507800
2013-04-17,124.3852767944336,125.35560120572399,123.7196845883258,125.33153245180517,226834800
2013-04-18,123.60741424560547,124.625851671461,123.1342864265461,124.59376815773904,167583200
2013-04-19,124.6819839477539,124.73812398064767,123.59137693123496,123.89610914117098,149687600
2013-04-22,125.23529815673828,125.53200334570413,124.09657819672708,124.92255121163855,106553500
2013-04-23,126.52639770507812,126.6466802982252,125.23531151477015,125.86080547168696,166141300
2013-04-24,126.60662078857422,126.94342435623956,126.33395979317777,126.56652250369721,96781200
2013-04-25,127.11984252929688,127.72128007236624,126.78303897353142,126.9754911560956,131060600
2013-04-26,126.89530181884766,127.1839923175819,126.48631647447885,126.9674713844618,95918800
2013-04-29,127.745361328125,128.0260248941301,127.03967055868496,127.2401497785231,88572800
2013-04-30,128.05006408691406,128.08214761006198,127.19201950502988,127.72128751046061,116010700
2013-05-01,126.9273910522461,127.83356095847464,126.78305190060581,127.7694061456525,138874200
2013-05-02,128.1062469482422,128.21851484422282,127.12790718200401,127.24818984331077,96407600
2013-05-03,129.40530395507812,129.81428933487462,128.1302592403356,129.22086652599504,144202300
2013-05-06,129.73410034179688,129.91853778165273,129.4454098011932,129.50154985122032,66882100
2013-05-07,130.3916473388672,130.4317333808559,129.6458585192183,130.01474554847155,90359200
2013-05-08,130.9850311279297,131.02512939802784,130.17509991155282,130.24726945596504,97419200
2013-05-09,130.61619567871094,131.27376100817057,130.28740689584225,130.92894270146274,106738600
2013-05-10,131.04115295410156,131.15342075302001,130.3194209013923,130.70434955734618,103203000
2013-05-13,131.14549255371094,131.36201355626193,130.56812360737757,130.8728437275543,81843200
2013-05-14,132.50064086914062,132.5968791560075,131.2496532663278,131.2496532663278,119000900
2013-05-15,133.21438598632812,133.47901994124308,132.24407372124995,132.2841719998025,120718500
2013-05-16,132.58889770507812,133.40685612491313,132.38841853996112,132.94174299348842,109913600
2013-05-17,133.8720245361328,133.95220889352387,132.90169959232813,133.07812230938353,129801000
2013-05-20,133.86398315429688,134.3852364846116,133.60737610741714,133.7437005129909,85071200
2013-05-21,134.05641174316406,134.5616231740164,133.51912902863936,133.98424217769306,95804200
2013-05-22,133.06202697753906,135.58005706433988,132.45257471432475,134.19273241722783,244031800
2013-05-23,132.6770782470703,133.04596520926847,131.46618877574085,131.64261137901724,211064400
2013-05-24,132.56483459472656,132.6209746315818,131.49828402096617,131.89122757012314,151573900
2013-05-28,133.35874938964844,134.54558267710908,132.96580580237696,133.9521599152399,143679800
2013-05-29,132.49269104003906,132.95780423963245,131.78700035978991,132.65307194838326,160363400
2013-05-30,132.98182678222656,133.59127897270815,132.49265718319666,132.59691025330534,107793800
2013-05-31,131.07327270507812,133.36675479095425,130.816665742468,132.61295118956969,176850100
2013-06-03,131.79502868652344,131.88324002244326,130.43978736024602,131.37802853160446,168390700
2013-06-04,131.16143798828125,132.3963960359777,130.49584594059831,131.86712830125063,157631500
2013-06-05,129.32513427734375,131.04925061635345,129.21286640740286,130.78461658657557,211737800
2013-06-06,130.49594116210938,130.50396816278743,128.50719056271112,129.2690092139545,200225500
2013-06-07,132.15585327148438,132.27613586255436,130.82466882768946,131.39403497673092,188337800
2013-06-10,132.15585327148438,132.63699587204013,131.81102278329075,132.56482631739814,105667100
2013-06-11,130.79263305664062,131.9473829532334,130.50394252342264,130.95301396703303,159505400
2013-06-12,129.7100372314453,131.82709700963568,129.58975461074994,131.6907726274213,177361500
2013-06-13,131.6827392578125,131.91528970372343,129.3491588558304,129.6378493409857,163587800
2013-06-14,130.85671997070312,132.0515798819986,130.64021134009286,131.5383538452807,141197500
2013-06-17,131.8671875,132.49268156319766,130.8888481219158,131.746892650137,136295600
2013-06-18,132.90968322753906,133.1101624100274,131.93134383809362,131.939358600333,114695600
2013-06-19,131.07327270507812,133.02995126962267,131.01714490299466,132.7974008273736,206149500
2013-06-20,127.82549285888672,131.08929908271503,127.48868937707398,129.7982129509618,321255900
2013-06-21,128.23583984375,128.79207974926527,126.94597929812711,128.6953445137012,271956800
2013-06-24,126.6154556274414,127.71989061194694,125.54326162233518,126.89761647653019,222329000
2013-06-25,127.83280181884766,129.06622568025315,126.90571040404215,127.76023806739228,162262200
2013-06-26,129.0984649658203,129.38868306473552,128.38098304086685,128.88079831637748,134848000
2013-06-27,129.856201171875,130.4527637562819,129.75139647840638,129.87232780956717,129483700
2013-06-28,129.32418823242188,130.1142216034593,128.87274059182906,129.49348724815698,160402900
2013-07-01,130.08192443847656,130.9848193297406,129.85620071566055,130.0013035513193,131954800
2013-07-02,129.96104431152344,130.83975565987933,129.3886653638186,129.88848057095242,154863700
2013-07-03,130.01748657226562,130.41250940900917,129.16295892231386,129.37255609838815,75216400
2013-07-05,131.4202117919922,131.46857942572268,130.03361555359746,130.9768213144196,122416900
2013-07-08,132.16989135742188,132.52460362311362,131.46853629636348,132.09733993062724,108092500
2013-07-09,133.1212158203125,133.28244537353177,132.42791767054587,133.00028442962824,119298000
2013-07-10,133.1695556640625,133.62100323927118,132.71810808885382,132.99219950222712,121410100
2013-07-11,134.9834442138672,135.12048994977084,133.16151458132438,134.71740991439785,135592200
2013-07-12,135.03977966308594,135.37836519262555,134.73344740360818,134.943044454937,104212700
2013-07-15,135.55577087402344,135.74925366213392,135.17687476877964,135.4106680087077,69450600
2013-07-16,135.04795837402344,135.7251299808799,134.68518874899522,135.64450904152773,88702100
2013-07-17,135.39454650878906,135.82181025202823,135.21719035487584,135.563845492442,92873900
2013-07-18,136.13623046875,136.4587018380073,135.59610476389707,135.68478285281472,103620100
2013-07-19,136.37803649902344,136.42640411340136,135.68473865722422,135.85403760856792,103831700
2013-07-22,136.64414978027344,136.8376326508103,136.24912686581288,136.57159831670765,79428600
2013-07-23,136.35385131835938,136.91010348014441,136.28129989752327,136.88591967319906,80829700
2013-07-24,135.85406494140625,136.93431621658848,135.57996123641541,136.8778791211122,112914000
2013-07-25,136.1846160888672,136.3055474811981,135.38652548420563,135.61224932199138,111088600
2013-07-26,136.32969665527344,136.37000710914,135.04790540907106,135.61221486013278,107814600
2013-07-29,135.91049194335938,136.28938807306636,135.5235386431778,135.98304338070147,79695000
2013-07-30,135.91049194335938,136.46674423169617,135.58803291004534,136.32164135701194,85209600
2013-07-31,136.00718688964844,136.92620831026258,135.829830799616,136.19260014703914,142388700
2013-08-01,137.57923889160156,137.70015794512253,136.96654955103472,137.03911328417004,110438400
2013-08-02,137.81295776367188,137.8290843972195,137.08741916725228,137.27283239948977,91116700
2013-08-05,137.61148071289062,137.82109014163782,137.32933215261045,137.50668829953983,54072700
2013-08-06,136.82948303222656,137.64371220542358,136.52315070958747,137.34542475043122,87495000
2013-08-07,136.3861083984375,136.58764834746063,135.87823609159437,136.39417786905267,84854700
2013-08-08,136.88597106933594,137.19230350600182,136.18460350151764,137.03107396548944,102181300
2013-08-09,136.4908905029297,137.1277635249377,136.0152592542535,136.70855705611143,91757700
2013-08-12,136.32969665527344,136.4909261697163,135.74120339209645,135.8056976580783,68593300
2013-08-13,136.73272705078125,136.9665079168662,135.76533801360583,136.5714975947552,80806000
2013-08-14,136.03143310546875,136.885960676227,135.99917981919984,136.66829404749768,79829200
2013-08-15,134.12890625,134.97536441873214,133.8951129587874,134.95925007528857,152931800
2013-08-16,133.6855010986328,134.33043149526657,133.41946684873298,133.87091443606934,130868200
2013-08-19,132.83094787597656,133.99181990532614,132.82287840567548,133.5323029349495,96437600
2013-08-20,133.4839630126953,133.98377823419258,132.9035268775907,133.04862976085468,89294400
2013-08-21,132.6616973876953,133.84675365892565,132.36342210208846,133.11314505273043,159530500
2013-08-22,133.87091064453125,134.06439344834874,132.92770504034064,132.9357622109491,101471400
2013-08-23,134.32235717773438,134.49165616739015,133.63712865061274,134.26593238186493,90888900
2013-08-26,133.8225555419922,134.87056596728507,133.7338774529053,134.45941650832538,89702100
2013-08-27,131.6701202392578,133.82256606061569,131.57338497120494,132.50046409278076,158619400
2013-08-28,132.13768005371094,132.6052542997616,131.44438200625993,131.6136687067979,108113000
2013-08-29,132.3472442626953,133.04859930664966,131.72649781287302,131.84742915560338,119200500
2013-08-30,131.92803955078125,132.63746407454875,131.54108631100883,132.62133743509358,134928900
2013-09-03,132.52459716796875,133.48392921226457,131.9683449875941,133.20176838711126,142375100
2013-09-04,133.62100219726562,133.84672598310974,132.3150271075928,132.55686523455165,97389400
2013-09-05,133.79029846191406,134.1449984745699,133.60487283365765,133.70162038349423,63090500
2013-09-06,133.85476684570312,134.6125590205799,132.59715953464047,134.23366293314152,159756500
2013-09-09,135.1366424560547,135.21725109793917,134.18536699399877,134.18536699399877,87559300
2013-09-10,136.13623046875,136.16041428381618,135.64447239402944,135.95081711956766,105847200
2013-09-11,136.5635223388672,136.5635223388672,135.71706403552008,135.95084506288612,94545900
2013-09-12,136.20071411132812,136.69247214766406,136.01530077661837,136.51511598367247,83209000
2013-09-13,136.50701904296875,136.61182373689104,136.03138778766368,136.34578956841014,72727800
2013-09-16,137.2970733642578,138.04680837366683,137.0794067742975,137.9823141136407,106299200
2013-09-17,137.9097137451172,137.941954713178,137.41795595031863,137.41795595031863,82523300
2013-09-18,139.5059814453125,139.8848776049102,137.51476538990306,137.8614082630108,203460600
2013-09-19,139.27218627929688,139.94936997511434,139.13514056613812,139.88487570403532,146616900
2013-09-20,138.2984161376953,139.60266012082704,138.18500415485684,139.60266012082704,132867100
2013-09-23,137.6585235595703,138.24178907640103,137.2210806024406,138.11218413120605,104616500
2013-09-24,137.3344268798828,138.14451611405235,137.07520475265855,137.6341559410117,106333100
2013-09-25,136.93751525878906,137.69900131993367,136.8160067856209,137.4235738734298,117306500
2013-09-26,137.4640350341797,137.85287437979446,136.94557845303333,137.16430599287037,77146900
2013-09-27,136.8321990966797,137.01851619158052,136.47575779444657,136.7754869072413,99141800
2013-09-30,136.10311889648438,136.53246529986575,135.40644150139664,135.673772493103,143937000
2013-10-01,137.18051147460938,137.3101287220444,136.070693150777,136.2084068408088,127160000
2013-10-02,137.05088806152344,137.18050530312723,135.9572750330652,136.3785248877873,113350000
2013-10-03,135.78712463378906,136.85644812903135,135.15525615422885,136.7349273531294,176698000
2013-10-04,136.81597900390625,136.95369269919416,135.71425708062128,135.8924777124013,96878000
2013-10-07,135.6332550048828,136.4595496094622,135.48744485400667,135.6251585612728,96295000
2013-10-08,134.05361938476562,135.78721058050084,133.95641259129937,135.6089898851554,178015000
2013-10-09,134.15081787109375,134.6368641245276,133.2840162262781,134.31283328890504,168973000
2013-10-10,137.04281616210938,137.11572123820028,135.4712408189083,135.51984420296895,195955000
2013-10-11,137.9258270263672,137.9744427771998,136.71880164185075,136.83221367182512,105040000
2013-10-14,138.47669982910156,138.59011186361494,136.96993287857524,137.07524846811793,112106000
2013-10-15,137.47222900390625,138.646856676908,137.2859118212618,138.12839972794916,155485000
2013-10-16,139.39210510253906,139.46501019032962,138.23367069893317,138.2984793417419,161676000
2013-10-17,140.3236846923828,140.40469857552648,138.80071268836002,138.8250143811065,129389000
2013-10-18,141.271484375,141.36869114363444,140.55860177572666,140.8421379988875,138316000
2013-10-21,141.27955627441406,141.56309244831652,140.96362197025618,141.3200632079688,104104000
2013-10-22,142.0978546142578,142.51909240984037,141.30395771129736,141.69280971474348,126663000
2013-10-23,141.41729736328125,141.67651951583989,140.9231423877037,141.61171088745473,105484000
2013-10-24,141.88717651367188,142.06539719950058,141.3687197078934,141.70085938248195,70350000
2013-10-25,142.53521728515625,142.57572422446196,141.90334858713098,142.1787759968379,93625000
2013-10-28,142.76202392578125,142.95644979418097,142.33267761559014,142.4865965496173,84979000
2013-10-29,143.52352905273438,143.58024124066267,142.88356390329847,143.08608624135803,87401000
2013-10-30,142.8106689453125,143.79897909947948,142.30032097854297,143.69367587258216,140002000
2013-10-31,142.4056396484375,143.29674311718475,142.19502081081808,142.6972723872106,133795000
2013-11-01,142.74588012695312,143.06991099139654,141.94388705012577,142.59196113999772,142805000
2013-11-04,143.24806213378906,143.3047619450978,142.55948142989448,143.13465015019244,85677000
2013-11-05,142.79444885253906,143.18328826766478,142.22738879694276,142.6891332847204,85825000
2013-11-06,143.52352905273438,143.7908600222909,143.01316880530985,143.41011703786032,87348000
2013-11-07,141.70892333984375,143.90427090598493,141.57120963436367,143.79085889200235,157000000
2013-11-08,143.62075805664062,143.63696330726958,141.6441501143616,141.6603430040061,136713000
2013-11-11,143.64503479003906,143.81514661399785,143.31289522385882,143.48300704781758,62614000
2013-11-12,143.35340881347656,143.67743959099758,142.87544672930758,143.33720356630596,83990000
2013-11-13,144.50375366210938,144.544248244033,142.6486419814201,142.6486419814201,103844000
2013-11-14,145.22476196289062,145.34627045507386,144.39846713308665,144.63338767163623,103435000
2013-11-15,145.8566436767578,145.91334352443647,145.2733781409903,145.45969529905886,102818000
2013-11-18,145.34629821777344,146.22119661156566,145.02226726940077,146.099688096173,104796000
2013-11-19,145.03030395507812,145.71077608285606,144.7791782194208,145.27333324670832,93891000
2013-11-20,144.57662963867188,145.7593530231774,144.1796814556633,145.32191026639697,124909000
2013-11-21,145.7431640625,145.8565760662733,144.89256785370955,144.98167816817298,92841000
2013-11-22,146.4723358154297,146.48854107262346,145.62984785619574,145.79995979326716,81296000
2013-11-25,146.3264617919922,146.76390465760306,146.1158306232672,146.73150651832913,79486000
2013-11-26,146.36697387695312,146.80442915585468,146.14825859848793,146.3993843810865,86994000
2013-11-27,146.723388671875,146.82060780567454,146.34264566370044,146.5208663211857,58800000
2013-11-29,146.62619018554688,147.23375727195108,146.4641747680359,146.88542474235166,55870900
2013-12-02,146.24545288085938,146.9745284686916,146.01862881526782,146.6991010120425,99726000
2013-12-03,145.61363220214844,146.13208914642587,145.14377866499257,145.7675512320257,116563000
2013-12-04,145.59738159179688,146.2049487135331,144.47946649327181,145.08703361500804,123033000
2013-12-05,144.9574432373047,145.60551742632134,144.81972948079903,145.33818635981496,106934000
2013-12-06,146.5775604248047,146.71527412296138,145.9375829534498,146.35883285197613,127728000
2013-12-09,146.95022583007812,147.16895344941787,146.75581226709562,147.0069380266043,70124000
2013-12-10,146.42367553710938,146.9178306211899,146.33456519863634,146.60999265901313,80976000
2013-12-11,144.77919006347656,146.50468457812812,144.60096939243348,146.48038288307535,130591000
2013-12-12,144.30123901367188,144.8926008565454,144.00149750894076,144.7143801870245,115565000
2013-12-13,144.28506469726562,144.73061646659147,144.00963718931393,144.6009991589718,107808000
2013-12-16,145.18421936035156,145.66216912688813,144.92498482603708,144.96549176714657,96195000
2013-12-17,144.72247314453125,145.33814902839933,144.39844231374667,145.31384733413967,89886000
2013-12-18,147.19322204589844,147.2175237358066,143.6450393485082,144.94117480054305,234906000
2013-12-19,147.023193359375,147.19330528493185,146.39132434247225,146.7720551533338,136531200
2013-12-20,147.87832641601562,148.22856245129285,147.07199186547496,147.16972637388204,197087000
2013-12-23,148.66842651367188,148.75802065033915,148.29376916258687,148.6032660117234,85598000
2013-12-24,148.99420166015625,149.05936215557304,148.66841161116602,148.67655201255798,45368800
2013-12-26,149.7516632080078,149.8331169243284,149.31184545291643,149.32812625370678,63365000
2013-12-27,149.74354553222656,150.01231549506932,149.5887909045877,149.94716742583682,61814000
2013-12-30,149.71908569335938,149.88198069411666,149.52360423559549,149.75980012247976,56857000
2013-12-31,150.42771911621094,150.42771911621094,149.80870057683285,149.92274077353485,86119900
2014-01-02,148.98605346679688,149.9227215578201,148.62767697479447,149.8494082367519,119636900
2014-01-03,148.96156311035156,149.53985448915557,148.74980091303277,149.23848577486578,81390600
2014-01-06,148.5298614501953,149.5072434411282,148.30180606658053,149.45023580926767,108028200
2014-01-07,149.44216918945312,149.6946583363816,149.0104917908799,149.12451954846352,86144200
2014-01-08,149.4747314453125,149.7272205513541,148.9616004052335,149.41771136170752,96582300
2014-01-09,149.5724334716797,149.97153668596107,148.88826718555913,149.9552434615995,90683400
2014-01-10,149.97972106933594,150.04488155780336,149.05934625836082,149.8249664627374,102026400
2014-01-13,147.98423767089844,150.0123036166887,147.6991620711795,149.59691946072888,149892000
2014-01-14,149.59693908691406,149.6783928198323,148.1960193917646,148.472942198735,105016100
2014-01-15,150.40321350097656,150.6312689290467,149.62945312516072,149.94710264483624,98525800
2014-01-16,150.20777893066406,150.4032603991451,149.72723430225238,150.0937511810733,72290600
2014-01-17,149.5724334716797,150.2321661353023,149.31180402233846,149.94710306346312,107848700
2014-01-21,150.0122833251953,150.49284033641243,149.091921014551,150.43582025294424,88621200
2014-01-22,150.1100616455078,150.32997676928716,149.79241199031276,150.264816272312,61270900
2014-01-23,148.88018798828125,149.37702593826654,148.090146423316,149.35259230368487,132496900
2014-01-24,145.70364379882812,147.95977727310236,145.65477654556653,147.91091001984074,208677100
2014-01-27,144.9868621826172,146.21674581016075,144.26196907081712,145.8420762293245,180843100
2014-01-28,145.85032653808594,146.03765523966578,145.0765532374583,145.09284647223382,110463200
2014-01-29,144.44937133789062,145.42675390803726,144.06656119680173,144.63669999371277,216597300
2014-01-30,145.98057556152344,146.45297975246484,145.19052177661524,145.6547855675391,118938100
2014-01-31,145.12533569335938,146.0294170594992,144.0990862080477,144.17238707955082,194677900
2014-02-03,141.85931396484375,145.28015964432834,141.5823911437449,144.95436955222328,254837100
2014-02-04,142.85293579101562,143.21945261282474,141.81039297746986,142.49455936859226,165012400
2014-02-05,142.67379760742188,142.99144728811692,141.48465261942295,142.3561479267268,164230500
2014-02-06,144.55528259277344,144.55528259277344,142.7145447493079,143.0077608368428,132877600
2014-02-07,146.34707641601562,146.50183099607554,144.75882861977746,145.23123275908503,170787200
2014-02-10,146.6158905029297,146.66477019256178,145.96431044495057,146.36340136624884,92218800
2014-02-11,148.2203826904297,148.59505228472753,146.64027547515028,146.73802239388687,117814100
2014-02-12,148.293701171875,148.912707014437,148.00048526159,148.44030291297287,94717700
2014-02-13,149.05938720703125,149.21414185614304,147.28381001386526,147.29195041662533,100542200
2014-02-14,149.88198852539062,150.1589112839563,148.78242546366639,148.92088684294922,96498400
2014-02-18,150.06117248535156,150.26479434815448,149.5806154437866,150.01229279868141,80460900
2014-02-19,149.0675048828125,150.6394597833955,148.945324301651,149.67021767540817,126524300
2014-02-20,149.94715881347656,150.28924208372263,148.7254275219863,149.2711326741474,104998100
2014-02-21,149.77606201171875,150.5905492731731,149.70276114092928,150.2321728896389,118116400
2014-02-24,150.6068878173828,151.61684437151507,150.02859621937722,150.0937567112717,114063900
2014-02-25,150.54983520507812,151.16070070302698,150.05299743628944,150.72902341205702,117085000
2014-02-26,150.55804443359375,151.16891016038178,150.13450738315413,150.76980674476607,98677200
2014-02-27,151.34808349609375,151.388797931385,150.16706659839656,150.3381144533762,93880800
2014-02-28,151.7308807373047,152.43134052981128,150.72092412584894,151.3236369609193,150842000
2014-03-03,150.6639404296875,151.04675066621814,149.66212397762274,150.39515798096832,167748500
2014-03-04,152.78155517578125,153.10734517988172,152.1055291105854,152.13810313975864,167545900
2014-03-05,152.91998291015625,153.1806247985752,152.67563424678582,152.91184251167664,88376900
2014-03-06,153.27023315429688,153.6204691993335,152.9444431651343,153.29467921017093,82516500
2014-03-07,153.33534240722656,153.9054933399064,152.6593165988928,153.9054933399064,114513500
2014-03-10,153.2540283203125,153.31103600403267,152.37437999983484,153.0992736489186,74939200
2014-03-11,152.49652099609375,153.7019716802858,152.1462972680226,153.48205653237173,99009100
2014-03-12,152.5371551513672,152.59417521835616,151.41315888753078,151.75525443328888,104824400
2014-03-13,150.8267364501953,153.1154559630593,150.40321204678204,152.99327542400314,155014300
2014-03-14,150.40321350097656,151.3317284375733,150.2240253177659,150.55796806175746,153919600
2014-03-17,151.763427734375,152.12180415289643,151.09554214929588,151.16070262794435,98359500
2014-03-18,152.84674072265625,153.05036261562748,151.9100725581322,152.07298001498444,101804600
2014-03-19,152.03219604492188,153.07473875109042,151.06295420994738,152.86296410796626,176267300
2014-03-20,152.91998291015625,153.0340106293172,151.4294697344948,151.69825202139336,117241000
2014-03-21,152.3268585205078,154.63385564050492,152.1877860852012,153.56217026971737,163128000
2014-03-24,151.697021484375,153.0386886751498,151.03437670250776,152.85052072544997,121411000
2014-03-25,152.41683959960938,152.9322352006447,151.56603990042885,152.46592251724334,103852000
2014-03-26,151.32069396972656,153.25954515354508,151.2797873554504,153.0141179508342,119843000
2014-03-27,151.0016632080078,151.62340138886566,150.44536063949477,151.14073572939913,142383000
2014-03-28,151.74606323242188,152.50687364379465,151.3451984831206,151.43518801937424,101642000
2014-03-31,152.98953247070312,153.22678327549093,151.77059810334978,152.71138754634865,99745000
2014-04-01,154.00399780273438,154.0939873578732,152.9813948956777,153.4886019430352,89193000
2014-04-02,154.51934814453125,154.72386866569548,153.91396290802606,154.20029663083275,78774000
2014-04-03,154.31484985351562,154.79751535708849,153.84036067810806,154.75660875037437,77435000
2014-04-04,152.49049377441406,155.19016711828274,152.24507913828748,155.1574493277798,169381000
2014-04-07,150.8053436279297,152.3760607234322,150.49448072804734,152.122457114469,140803000
2014-04-08,151.42701721191406,151.672431880695,150.1917051253138,150.73981869049703,112660000
2014-04-09,153.0550079345703,153.10409087319005,151.39430193556373,151.8360733490309,100254000
2014-04-10,149.83993530273438,153.12044035544812,149.6517674133413,153.0468159550474,172959000
2014-04-11,148.4901123046875,150.0526524780789,148.32649834290117,149.00550814311228,167251000
2014-04-14,149.65989685058594,150.0116660571297,148.43277406562927,149.65170804293894,132382000
2014-04-15,150.69076538085938,150.79712008020158,148.49012187658295,149.97086140600445,157093000
2014-04-16,152.2696075439453,152.2777838701344,151.05883718915592,151.7296704248858,105197000
2014-04-17,152.48239135742188,152.90779773781014,151.8033814081505,152.06517379083493,105255000
2014-04-21,153.01412963867188,153.06322506932102,152.33513221819655,152.52328767870367,68329000
2014-04-22,153.70944213867188,154.12665950731412,153.08770424919567,153.16950496776408,85790000
2014-04-23,153.34950256347656,153.73400218776277,153.22679522931858,153.65220145930527,73869000
2014-04-24,153.66043090820312,154.1185550913592,152.9241491998899,154.10218994683285,88170000
2014-04-25,152.4005584716797,153.25137112278097,152.05696537590865,153.1613815632019,100380000
2014-04-28,152.88319396972656,153.5458385043473,151.3124777624552,153.02226643525685,135121000
2014-04-29,153.5948944091797,153.83213269500092,153.0467809710252,153.374008775525,84098000
2014-04-30,154.05308532714844,154.20852297091568,153.1286482771302,153.34135767721,101508000
2014-05-01,154.0694122314453,154.48662963252602,153.57855795010326,153.97942269596402,93019000
2014-05-02,153.84857177734375,154.73210225369033,153.6195097075072,154.05309237419397,98122000
2014-05-05,154.14303588867188,154.24939056180534,152.67048553465878,153.09589174424988,75883000
2014-05-06,152.8013916015625,153.90580755956634,152.768673806211,153.79945287952256,85454000
2014-05-07,153.70132446289062,153.77494888257928,152.17150189488387,153.31682473836537,106500000
2014-05-08,153.53765869140625,154.65843977473543,153.04681686952523,153.56221264129664,93618000
2014-05-09,153.7667236328125,153.83215921864235,152.842286825446,153.5622030990017,83679000
2014-05-12,155.2638397216797,155.3374766183252,153.7994778453293,154.45394620509006,86940000
2014-05-13,155.40289306640625,155.77920387067275,155.24745545827494,155.46832865441013,66454000
2014-05-14,154.66661071777344,155.3374440788146,154.44572503999854,155.26380719759425,72367000
2014-05-15,153.3086700439453,154.38854503815702,152.55603557053234,154.3558147446024,154956000
2014-05-16,153.84033203125,153.90578009321666,152.75228140656955,153.39856073371044,97458000
2014-05-19,154.4048614501953,154.52756880492134,153.40680002193835,153.54587251827638,63839000
2014-05-20,153.43130493164062,154.3475529164499,153.03862900714273,154.33118777873756,111644000
2014-05-21,154.72390747070312,154.79753188088128,153.8485534287679,153.8730948988273,89093000
2014-05-22,155.10020446777344,155.41925603296772,154.5030079448086,154.7647877630209,61549000
2014-05-23,155.7219696044922,155.82831181427426,155.10021907217325,155.23929156415377,61092800
2014-05-27,156.67913818359375,156.72822112826734,156.21282524330226,156.30281480285257,72010000
2014-05-28,156.56459045410156,156.92454865391326,156.3027981331676,156.67912147377393,66723000
2014-05-29,157.37449645996094,157.3990379316358,156.52369631502572,156.92456115729144,64377000
2014-05-30,157.6280975341797,157.72627590229587,157.09634901224538,157.22724518110314,76316000
2014-06-02,157.80807495117188,157.8817118472048,157.0472643833785,157.84898156386893,64656000
2014-06-03,157.72622680664062,157.8080275245052,157.27627916808893,157.4235279500103,65047000
2014-06-04,158.0452880859375,158.13527761921011,157.29265402717664,157.4562679559607,55529000
2014-06-05,159.0761260986328,159.23974008812743,157.64448184539734,158.22532586349251,92103000
2014-06-06,159.83692932128906,159.87782345135352,159.34607493105864,159.4196993447095,78696000
2014-06-09,160.00051879882812,160.38501843296527,159.6651020996117,159.81236338731753,65119000
2014-06-10,160.01690673828125,160.0496245385756,159.4606042697126,159.80419734605843,57129000
2014-06-11,159.46054077148438,159.6241546736952,159.10058269685624,159.44417563638112,68772000
2014-06-12,158.3315887451172,159.36238007996457,157.979819468136,159.2723905583976,106350000
2014-06-13,158.8142852783203,158.96972287773357,158.1352756236396,158.64248254135236,82017000
2014-06-16,158.94520568847656,159.2806224297342,158.42982232426726,158.61797775936128,87424000
2014-06-17,159.386962890625,159.50149390388216,158.55251551806896,158.72431827942683,84834000
2014-06-18,160.55677795410156,160.64676747853528,159.0351448482762,159.3869266194048,105267000
2014-06-19,160.73678588867188,160.8349642402966,160.18049598888746,160.69587928240688,85929000
2014-06-20,161.06314086914062,161.19466425409928,160.86585579170264,161.13711806964474,100587000
2014-06-23,161.01377868652344,161.15351754127818,160.71785742270256,161.10419942110084,70611000
2014-06-24,160.04385375976562,161.52346048651478,159.86301224078738,160.72611720995442,96237000
2014-06-25,160.76719665527344,160.93159459170602,159.67393219099685,159.70680676117993,82782000
2014-06-26,160.652099609375,160.80828202219487,159.5752788170997,160.79183846748825,84312000
2014-06-27,160.96449279785156,161.01381092790436,160.20002415375518,160.27400134883436,71445100
2014-06-30,160.88229370117188,161.2521922334639,160.72611125486281,160.86585014293937,70201200
2014-07-01,161.9590606689453,162.45226690922894,161.21926385127557,161.2767974717471,90470000
2014-07-02,162.12350463867188,162.32900520672774,161.9015730559582,161.97555025019608,52475000
2014-07-03,162.9208221435547,162.99479932612184,162.46050295057154,162.58379825485014,52938800
2014-07-07,162.35365295410156,162.73999499853616,162.11527783058753,162.60848417664485,61696000
2014-07-08,161.3097381591797,162.11529691265181,160.9151680187869,162.05775073030958,108143000
2014-07-09,162.03305053710938,162.18101743788964,161.36723084048992,161.71247021863493,72992000
2014-07-10,161.39190673828125,161.81935138842832,160.33974494004082,160.47126830051036,99040000
2014-07-11,161.6138458251953,161.72892562634493,160.93158252453776,161.29326548322445,64243000
2014-07-14,162.4276885986328,162.64140471953,162.29616519680596,162.43590410771125,58658000
2014-07-15,162.12350463867188,162.83865514458265,161.40836667552037,162.52629026745473,111307000
2014-07-16,162.72357177734375,162.97016241942245,162.27968353608406,162.8468670983831,79986400
2014-07-17,160.87403869628906,162.83862324027993,160.64386656582462,162.2221216569009,145398000
2014-07-18,162.51806640625,162.68246434369235,161.30972212477292,161.40014287178,124330000
2014-07-21,162.2139129638672,162.34543632760978,161.4658879431843,162.00841241155376,67592000
2014-07-22,162.9208221435547,163.2167434165806,162.6495599313845,162.76463972963026,67678000
2014-07-23,163.28253173828125,163.45515773519847,162.83865602768742,163.16745192125623,65612000
2014-07-24,163.2907257080078,163.6277496072568,163.12632778290708,163.43869262052885,56888000
2014-07-25,162.52630615234375,162.9701819039136,162.20572573655429,162.83044300910902,76837000
2014-07-28,162.59205627441406,162.8304314208784,161.62208704518352,162.5591691587061,69259000
2014-07-29,161.893310546875,163.12631369276554,161.86865148737772,162.89615410895317,80466000
2014-07-30,161.91802978515625,162.68249854196583,161.2439943371228,162.46876988987907,104222000
2014-07-31,158.7204132080078,160.93160129194877,158.62177695059333,160.79186241302526,183479000
2014-08-01,158.2354736328125,159.27119221756016,157.47101736513824,158.28479177359637,189261000
2014-08-04,159.3780517578125,159.7150757667158,157.86557028637168,158.5396057614165,91340000
2014-08-05,157.83261108398438,159.13960389236567,157.2572121503213,158.72860286221263,152690000
2014-08-06,157.88194274902344,158.55597792053405,157.06815618874543,157.09281524729116,94818000
2014-08-07,157.02706909179688,158.75327861709204,156.63251157332502,158.5970962023668,135733000
2014-08-08,158.84376525878906,158.95061705312514,156.96137253776908,157.38060183391758,117014000
2014-08-11,159.30401611328125,160.0109384503892,159.23003893146645,159.44375497096155,74544000
2014-08-12,159.0820770263672,159.59171435190075,158.59709876221382,159.14783870430017,73632000
2014-08-13,160.15892028808594,160.33976179204885,159.4355668149936,159.70681652817865,69047000
2014-08-14,160.91517639160156,160.91517639160156,160.27401555855195,160.4219825045883,57371000
2014-08-15,160.88229370117188,161.64674983172472,159.72326742959828,161.4987954359119,139951000
2014-08-18,162.23040771484375,162.30438492675947,161.67966756597846,161.77008833924066,75424000
2014-08-19,163.07708740234375,163.2003827692577,162.29618747877365,162.6249834857199,59135000
2014-08-20,163.51266479492188,163.709949824652,162.82218600500244,162.85506057191213,72763000
2014-08-21,163.98947143554688,164.20318753455524,163.52092406806304,163.65244745641928,67791000
2014-08-22,163.73460388183594,164.1456049408123,163.36470543730863,163.85789918242608,76107000
2014-08-25,164.5648193359375,164.88539965600222,163.70171461491506,164.51550121635165,63855000
2014-08-26,164.6717529296875,165.07453864708867,164.63065029848133,164.6717529296875,47298000
2014-08-27,164.6059112548828,164.868957932592,164.3510926250745,164.75386560402728,47874000
2014-08-28,164.51548767089844,164.62235194970688,163.89898614132184,164.06338404065778,58330000
2014-08-29,164.98403930664062,165.00047031708866,164.2524579735087,164.77031074325544,65907000
2014-09-02,164.90185546875,165.22243581264632,164.28535384258342,165.19777675102029,72426000
2014-09-03,164.81149291992188,165.55951816737743,164.58133323497586,165.5348590970448,57462000
2014-09-04,164.5730743408203,165.69921339834346,164.12097059930264,165.09092722405072,85236000
2014-09-05,165.31280517578125,165.37856683393207,163.91540443264924,164.54012137095137,102177000
2014-09-08,164.88540649414062,165.39505635076296,164.40042824109116,165.1566687058693,64146000
2014-09-09,163.84146118164062,164.85252023162033,163.50443731739526,164.73744044172636,88591000
2014-09-10,164.45799255371094,164.56484431478006,163.389387143709,163.93189908425634,67251000
2014-09-11,164.6470489501953,164.67170801364057,163.67707979790023,163.80038765788512,66774400
2014-09-12,163.685302734375,164.4990768881652,163.21675545803427,164.48264587488737,117409300
2014-09-15,163.56199645996094,163.84148674424367,163.06880265893406,163.70996338019984,76401000
2014-09-16,164.79501342773438,165.09093474996698,163.16745242683479,163.2578731792603,116201000
2014-09-17,165.01690673828125,165.7813626020256,164.1949047121877,165.03335029077468,151266000
2014-09-18,165.89646911621094,165.92112817568244,165.30462660338156,165.5183426330535,94990000
2014-09-19,165.74697875976562,166.7379895804752,165.40837951059578,166.42417725810537,121649000
2014-09-22,164.46694946289062,165.48274740879654,164.1200962379674,165.4579730785441,125553000
2014-09-23,163.5255126953125,164.5578186219817,163.4759640270549,163.87236597450647,111393000
2014-09-24,164.80552673339844,164.91289055105702,163.1208094946392,163.55023956249943,107276000
2014-09-25,162.1462860107422,164.38432987298984,162.08848345562697,164.37606336412662,150300000
2014-09-26,163.43466186523438,163.83933030665568,162.21241523182184,162.44365074080827,103547000
2014-09-29,163.13735961914062,163.42641031023493,161.90685905745357,162.03073072427094,95112000
2014-09-30,162.70787048339844,163.7649503285127,162.36927124826718,163.26118473034217,131302000
2014-10-01,160.5028839111328,162.50142609264682,160.1395103142417,162.4436109288746,177798000
2014-10-02,160.5276641845703,161.08923241774116,158.8512007924919,160.3624851970377,157285000
2014-10-03,162.29501342773438,162.64186670977531,161.10579497422782,161.6012942622617,121569000
2014-10-06,162.10501098632812,163.18687786399678,161.51866844945786,162.97215022960458,104778000
2014-10-07,159.60275268554688,161.63433632581362,159.56972443998563,161.27096261768534,147913000
2014-10-08,162.39405822753906,162.62529367409067,158.85944485723653,159.6935432464844,186461000
2014-10-09,159.17327880859375,162.36103918963528,159.0411406598261,162.1380576387633,210705000
2014-10-10,157.35646057128906,159.92483836945857,157.315178412947,159.1320344286978,221909000
2014-10-13,154.77151489257812,157.86016514041276,154.680671496972,157.29034304221432,230939000
2014-10-14,155.0110626220703,156.76186212389746,154.46600204316022,155.60567187153745,215847000
2014-10-15,153.9622039794922,155.0027762488302,150.23764933974903,152.91339040197568,380715000
2014-10-16,153.83010864257812,154.9119632736932,151.038749291048,151.17914138960427,270391000
2014-10-17,155.6469268798828,156.7040069197681,154.94495395589252,155.60563213116785,214625000
2014-10-20,157.15821838378906,157.2820900241564,155.31658858913173,155.36613724527865,130011000
2014-10-21,160.27166748046875,160.3790187094641,158.1327203906172,158.29788679024654,154949000
2014-10-22,159.1320037841797,160.96537987104355,159.0659347016075,160.55245755600916,151822000
2014-10-23,160.98187255859375,162.030698668582,160.42855822062504,160.7258627635592,154944000
2014-10-24,162.22064208984375,162.27020334898165,160.61851421658324,161.24615155039496,117927000
2014-10-27,161.99765014648438,162.23713949209375,161.0644418866344,161.64253048067968,82954000
2014-10-28,163.85585021972656,163.86410413023967,162.46842456873114,162.54276016890935,106736000
2014-10-29,163.6082000732422,164.4422992244117,162.5263448311971,163.97157399300656,142557000
2014-10-30,164.6569061279297,165.12763101363868,163.02172468985256,163.17038327576367,113330000
2014-10-31,166.539794921875,166.6719330582954,165.80479386494258,166.63889222349715,146903000
2014-11-03,166.63064575195312,167.19221395472238,166.25075174313696,166.75451738450903,93600000
2014-11-04,166.05259704589844,166.49029372132298,165.21848584823326,166.18472261858878,93343000
2014-11-05,167.10140991210938,167.30787108258536,166.36640864927045,167.2665763282122,91709000
2014-11-06,167.77035522460938,167.86119865078743,166.5233341937933,167.14271775371884,107089000
2014-11-07,167.92724609375,168.14197376506527,167.32438303486543,167.78685401709959,89540000
2014-11-10,168.4557647705078,168.5053134264004,167.75380447638366,167.96026561019445,66319000
2014-11-11,168.62095642089844,168.72832025900985,168.18325975975273,168.52185909426603,54499400
2014-11-12,168.43930053710938,168.6705360586995,167.90249388946802,167.93553473620423,90120300
2014-11-13,168.62921142578125,169.15775146740432,167.81988724359968,168.60443709581367,85357900
2014-11-14,168.67051696777344,168.87697813163857,168.2410742185449,168.55489922006453,80417500
2014-11-17,168.77786254882812,168.951295465275,168.18325340870882,168.34843241537783,80441000
2014-11-18,169.7523193359375,170.05787773220635,168.83563154574546,168.83563154574546,76068100
2014-11-19,169.47984313964844,169.7523733912334,168.7200675601038,169.55416613515627,82373000
2014-11-20,169.777099609375,169.88446341783094,168.62090984533253,168.68697891196805,72840300
2014-11-21,170.68556213378906,171.6435449292258,170.1074734128838,171.4783785234513,142327300
2014-11-24,171.16458129882812,171.2719451506238,170.87554319218054,171.09025829438085,65880800
2014-11-25,171.04071044921875,171.60227884293772,170.78470058729445,171.3958176508838,79108300
2014-11-26,171.47837829589844,171.57747561895386,170.97461256805184,171.18932763513487,62167800
2014-11-28,171.11500549316406,171.66831988528793,170.87551609412708,171.3545074935901,57890100
2014-12-01,169.92576599121094,170.56992371663227,169.61195363868995,170.45430598646402,103968400
2014-12-02,171.0241241455078,171.23058525803114,169.94226993210725,169.96704425749917,74507200
2014-12-03,171.68487548828125,171.89959060043103,171.03246363891625,171.19763007913852,68952000
2014-12-04,171.49493408203125,171.9986999137629,170.70211752992887,171.3958241371487,91316600
2014-12-05,171.77569580078125,172.1638438138269,171.4040682099518,171.66833195846098,91025500
2014-12-08,170.6277618408203,171.87478271266693,170.06618093202127,171.3792834887269,108588200
2014-12-09,170.5121307373047,170.619494564706,168.39797063744825,168.77785208590373,125180100
2014-12-10,167.7786102294922,170.10748570235788,167.58865687780872,170.04968312678588,159856400
2014-12-11,168.62921142578125,170.28090063102695,168.2328095449111,168.37320161519034,159012800
2014-12-12,165.9038848876953,168.3236155889441,165.87085665553334,167.3491126214579,202330200
2014-12-15,164.7642822265625,167.25833691040506,164.1614190849252,166.80411977572317,189965800
2014-12-16,163.44293212890625,167.1509668697338,163.40163737248432,163.99624658106694,259543800
2014-12-17,166.64723205566406,167.1014492579395,163.7567749884111,163.88065928070048,253910100
2014-12-18,170.7681884765625,175.8801698568926,168.40627182043136,169.08347061200215,257633900
2014-12-19,171.49478149414062,172.16740570219824,170.73911194173044,171.42003561584713,245084600
2014-12-22,172.28369140625,172.28369140625,171.44498903523768,171.68580030204268,148318900
2014-12-23,172.51614379882812,172.91473350739588,172.22549781430553,172.8649113776922,122167900
2014-12-24,172.53277587890625,173.00609883821357,172.49125320891162,172.7403765579396,42963400
2014-12-26,173.089111328125,173.42957941814885,172.9313328146536,172.98115494081563,57326700
2014-12-29,173.32164001464844,173.52924067462467,172.8400049629909,172.90643869469594,79643900
2014-12-30,172.39163208007812,173.0310331342594,172.31688619567768,172.8981783117575,73540800
2014-12-31,170.6809539794922,172.8815285900343,170.55639865118965,172.71545059531798,130333800
2015-01-02,170.58961486816406,171.7937088796066,169.55161152791302,171.3785075435062,121465900
2015-01-05,167.5087890625,169.70935056327772,167.20154419999722,169.5432726016799,169632600
2015-01-06,165.93106079101562,168.3392233667999,165.13386868532214,167.81606565147172,209151400
2015-01-07,167.99874877929688,168.33921688794462,166.81127913768793,167.2596909686122,125346700
2015-01-08,170.97988891601562,171.19580169970416,169.3938295925036,169.41042852129658,147217800
2015-01-09,169.6097412109375,171.41171344037704,168.99523868858634,171.39510183951919,158567300
2015-01-12,168.28109741210938,169.90039276888027,167.67490700581124,169.7426142329127,144396100
2015-01-13,167.8077850341797,170.63114924503202,166.5040466673083,169.50180102650307,214553300
2015-01-14,166.79464721679688,166.99394837900314,164.8930310606249,165.7898546132115,192991100
2015-01-15,165.26669311523438,167.74958824071888,165.15043728331472,167.43404393747144,176613900
2015-01-16,167.43411254882812,167.59189110057423,164.87647052758666,165.05916014845678,211879600
2015-01-20,167.7911834716797,168.33925234676153,166.2217227264478,168.07351737547063,130991100
2015-01-21,168.63819885253906,169.11983398765003,166.8611374020666,167.3261609336383,122942700
2015-01-22,171.14593505859375,171.27878980907366,168.01531454778623,169.39378553535965,174356000
2015-01-23,170.20761108398438,171.1459700168589,170.07474363543025,170.88853458368385,117516800
2015-01-26,170.606201171875,170.69754595911,169.27756469592828,169.99171139496443,92009700
2015-01-27,168.3558349609375,169.50178198222102,167.52543232505212,168.5468240193283,134044600
2015-01-28,166.19679260253906,169.64295867138682,166.00580353315837,169.54331440404724,168514300
2015-01-29,167.7330322265625,167.9904550151743,164.98438887060598,166.396083481987,173585400
2015-01-30,165.62380981445312,167.88250608803452,165.35808754923485,166.5538694200649,197729700
2015-02-02,167.67495727539062,167.76630210407635,164.3035234236242,166.1221078586763,163107000
2015-02-03,170.09962463378906,170.10793676719038,168.19800871234298,168.57168725828518,124212900
2015-02-04,169.45193481445312,170.54807221391522,168.99521089801058,169.33567896944382,134306700
2015-02-05,171.16261291503906,171.31209200079672,170.04157679108897,170.11630999849754,97953200
2015-02-06,170.68922424316406,172.09260639548663,170.16606665075287,171.52792614684768,125672000
2015-02-09,169.92530822753906,170.76401039138108,169.5184063437866,170.04156409847695,87219000
2015-02-10,171.73553466796875,171.99295740912893,169.96677333286186,170.96326644448823,96164200
2015-02-11,171.8352508544922,172.2670638722587,170.9218153476472,171.56952853882618,91087800
2015-02-12,173.48770141601562,173.54583567729958,171.86841895725738,172.63238779239109,97545900
2015-02-13,174.2018585205078,174.2516806497601,173.35484431040433,173.61227976310488,93670400
2015-02-17,174.4759521484375,174.65034233097572,173.6372497890401,173.886360519891,76968200
2015-02-18,174.49253845214844,174.56727166056717,173.83651316685336,174.10224813581863,80652900
2015-02-19,174.36795043945312,174.7333296444128,173.7534605683294,173.8946275028021,91462500
2015-02-20,175.41427612304688,175.4890093272425,173.32995717469723,173.9527592182076,140896400
2015-02-23,175.3893585205078,175.3893585205078,174.78315543099953,175.16514624533434,74411100
2015-02-24,175.88755798339844,176.08685915228472,175.0156327920594,175.31457820992028,72472300
2015-02-25,175.7381134033203,176.24465951665343,175.39764528251933,175.7630244686532,73061700
2015-02-26,175.530517578125,175.8045519752709,174.92431451583,175.64677344319244,72697900
2015-02-27,174.93263244628906,175.69660139502935,174.88281031260112,175.43086645410784,108076000
2015-03-02,176.0370635986328,176.0951851956618,174.9824486776999,175.03227080970728,87491400
2015-03-03,175.31460571289062,176.0868867764088,174.45099252077577,175.60525171257856,110325800
2015-03-04,174.5755615234375,174.79147434157974,173.60399185461756,174.71672846633203,114497200
2015-03-05,174.76651000976562,175.0488438095076,174.2599639944939,174.899364775509,76873000
2015-03-06,172.30857849121094,174.33476332106056,171.97642244442355,173.90295032348416,188128000
2015-03-09,173.022705078125,173.3797721529451,172.3500809262531,172.507859464779,89818900
2015-03-10,170.21592712402344,171.7355654536372,170.17440445843954,171.65253279340791,157121300
2015-03-11,169.81732177734375,170.6477243288222,169.73427645382097,170.47333421779928,110145700
2015-03-12,171.97634887695312,172.04276992114447,170.39857665229474,170.448398770906,93993500
2015-03-13,170.92173767089844,172.66557521197885,169.88373460920684,171.70231800064028,162410900
2015-03-16,173.2053680419922,173.29671283072327,170.94667205785777,171.65251930450134,136099200
2015-03-17,172.69053649902344,173.07251461307354,171.87673279859945,172.46632424107491,94510400
2015-03-18,174.76651000976562,175.43913398541872,171.5777548841367,172.217168336088,228808500
2015-03-19,173.96937561035156,174.77486728914394,173.57908530533092,174.35136644943532,117917300
2015-03-20,175.50498962402344,176.01379694747334,174.73761038214025,174.921115497319,177715100
2015-03-23,175.16293334960938,176.08879507784286,175.16293334960938,175.513257689009,71784500
2015-03-24,174.17872619628906,175.49660781161333,174.1119959188361,175.0378578363101,77805300
2015-03-25,171.62632751464844,174.62078961866382,171.58463223103246,174.3872400294228,159521700
2015-03-26,171.2176513671875,172.1351641310568,170.25841785757385,170.95907947257433,153067200
2015-03-27,171.60971069335938,171.78486657890363,170.9090489686757,171.10090333713188,118939000
2015-03-30,173.7033233642578,174.00360332791317,172.62732758553585,172.64400061365387,96180400
2015-03-31,172.1851806640625,173.5781544274123,172.1267996300139,172.87749292634174,126768700
2015-04-01,171.57627868652344,172.1768383944999,170.58368659340962,172.15181613395904,137303600
2015-04-02,172.19351196289062,172.64392534826143,171.3260312338476,171.50953628316452,86900900
2015-04-06,173.35293579101562,173.87007947957662,171.16757351742152,171.3010213313259,114368200
2015-04-07,172.89419555664062,174.12867390596068,172.86083678071282,173.37798053634026,81236300
2015-04-08,173.47808837890625,173.9201653909475,172.7273949279874,173.11942740696747,89351900
2015-04-09,174.24546813964844,174.47901777967996,172.81914803284874,173.31126957952227,85548900
2015-04-10,175.1963348388672,175.23804285485818,174.29550787645925,174.49568598921678,72722900
2015-04-13,174.4039306640625,175.6884662621051,174.35388613667112,175.05453497514927,74436600
2015-04-14,174.7376251220703,174.92113025272855,173.57821328427636,174.2037954858379,75099900
2015-04-15,175.52162170410156,176.0304289088538,175.12125278597637,175.20466881068924,99529300
2015-04-16,175.47158813476562,175.98039537128213,174.98780316172542,175.1879939970349,68934900
2015-04-17,173.45303344726562,174.5206923765086,172.66896863696255,174.27880626976537,191113200
2015-04-20,175.037841796875,175.37148042606813,174.2954850285471,174.37888832209643,92189500
2015-04-21,174.82931518554688,175.88028832654422,174.52903532704792,175.72180552240619,72559800
2015-04-22,175.68846130371094,175.8719663839666,174.24544292465518,175.17130483776364,78264600
2015-04-23,176.13055419921875,176.78115855084636,175.17132069694716,175.28809551063674,102585900
2015-04-24,176.5392608642578,176.80618199876233,176.0888473591567,176.5476101043987,61327400
2015-04-27,175.8052215576172,177.2315413399759,175.61336725390976,177.1064300353823,79358100
2015-04-28,176.3640899658203,176.414134492397,174.6041186587111,175.7802159432602,86863500
2015-04-29,175.63839721679688,176.23894418916066,174.82931019691418,175.47156517878173,125684900
2015-04-30,173.87840270996094,175.45486852791493,173.17774133615129,175.06283620087117,161304900
2015-05-01,175.7635498046875,175.8052578239885,174.56243012282167,174.66251918714363,103399700
2015-05-04,176.26402282714844,176.84789692230024,176.08051772188637,176.1889433004498,70927200
2015-05-05,174.24546813964844,176.3807991345809,174.1036710530222,176.02212543399625,113326200
2015-05-06,173.52809143066406,175.10455748274538,172.4604325555771,174.79594111764146,135060200
2015-05-07,174.22039794921875,174.64580181957996,173.0943580789918,173.42799669368927,88244900
2015-05-08,176.5142364501953,176.71442729863688,175.81358757189997,175.8970036072923,155877300
2015-05-11,175.6717529296875,176.73941177141057,175.59668615038603,176.47250342472847,75708100
2015-05-12,175.1462860107422,175.6884647503153,174.01189673213443,174.83766960948466,119727600
2015-05-13,175.17967224121094,176.1806010470727,174.94612261075986,175.55501895247156,94667900
2015-05-14,177.00633239746094,177.09808492554066,175.92198780947257,176.19724539371174,95934000
2015-05-15,177.19821166992188,177.34000874758186,176.71442666687605,177.19821166992188,76510100
2015-05-18,177.7487335205078,177.99895618003185,176.96466858066458,177.0313988657045,74549700
2015-05-19,177.69032287597656,178.14074907535127,177.4067287371106,177.86549144851102,72114600
2015-05-20,177.56524658203125,178.31594009239424,177.24828087754378,177.79044699863908,76857500
2015-05-21,178.08230590820312,178.29083319849377,177.25653325675376,177.42336527098286,64764600
2015-05-22,177.65695190429688,178.11570185670502,177.59022163017426,177.69864718906243,57433500
2015-05-26,175.7468719482422,177.59025957317027,175.32981719149387,177.16485557568626,124308600
2015-05-27,177.4151153564453,177.64866503411974,175.79694064148455,176.20565894116626,93214000
2015-05-28,177.21487426757812,177.3232998260336,176.52256199475443,177.10643598162432,74974600
2015-05-29,176.11387634277344,177.1898719794777,175.8469679255874,177.1481766871835,124919600
2015-06-01,176.47256469726562,177.11481989094798,175.68015043784936,176.78118115987928,93338800
2015-06-02,176.29730224609375,176.98961433566464,175.38812636951673,176.01370820289458,91531000
2015-06-03,176.7644805908203,177.39006270477174,176.272359049112,176.83121087694187,87820900
2015-06-04,175.2714385986328,176.71444451349186,174.95447290626444,176.05550358870113,151882800
2015-06-05,174.97109985351562,175.64672630543546,174.31214642269472,175.12123340838804,121704700
2015-06-08,173.8951416015625,175.01285798264342,173.82007480262817,174.86271165727408,89063300
2015-06-09,173.87014770507812,174.41232659445998,173.2362289759192,173.87014770507812,105034700
2015-06-10,175.95538330078125,176.33907924214358,174.579107819862,174.6374888621889,134551300
2015-06-11,176.52259826660156,176.90628151074168,176.16392456186088,176.39747420459858,73876400
2015-06-12,175.17127990722656,176.39742152920243,174.896022326018,175.6967728102154,135382400
2015-06-15,174.4205780029297,174.704172080691,173.3195477328024,174.0285456547022,124384200
2015-06-16,175.37149047851562,175.4549065043443,174.09530419382784,174.27046002957007,85308200
2015-06-17,175.65505981445312,176.2639687165784,174.62910902453174,175.65505981445312,126708600
2015-06-18,177.4818115234375,177.9489107889611,175.6884812588379,176.25566958768786,165867900
2015-06-19,176.69393920898438,177.31418723866855,176.31676671082127,177.238755296918,130478700
2015-06-22,177.59918212890625,178.1858963950757,177.3896404060306,177.6159490477716,70696000
2015-06-23,177.7248077392578,178.06008199159652,177.33088127554296,177.80862949969372,68476800
2015-06-24,176.43411254882812,177.83384957921308,176.40896856781723,177.45667707463926,92307300
2015-06-25,175.8976287841797,177.06267975120306,175.82219686581422,176.9369598872606,97107400
2015-06-26,175.86415100097656,176.50115311728848,175.3109578847689,176.25807760134447,104174800
2015-06-29,172.17620849609375,175.87252685245653,172.1007765596968,174.38059109313988,202621300
2015-06-30,172.53662109375,173.7687271714941,172.05885993366562,173.71842642616238,182925100
2015-07-01,173.9196014404297,174.36382879685968,173.13172264543013,174.1123762127988,135979900
2015-07-02,173.76031494140625,174.56496050077095,173.3412316434763,174.39732973948043,104373700
2015-07-06,173.26580810546875,174.04529693843062,172.26838776181464,172.4695523587441,117975400
2015-07-07,174.35548400878906,174.4812039293869,171.07824832480986,173.46702913146544,173820200
2015-07-08,171.43020629882812,173.29931415537314,171.1955206840784,173.0143405930923,164020100
2015-07-09,171.74034118652344,173.7938597071695,171.6313882190003,173.53401730299444,144113100
2015-07-10,173.90284729003906,174.3219306977677,171.78228627008502,173.74359354879647,129456900
2015-07-13,175.82223510742188,175.93118808340068,175.12655520034735,175.16846609391263,106069400
2015-07-14,176.5849151611328,176.89504546833817,175.72160467422717,175.78028246916543,81709600
2015-07-15,176.52626037597656,177.08783043855627,176.0484992960675,176.62683627094404,97914100
2015-07-16,177.9427490234375,177.9427490234375,177.33926812531942,177.58233078095319,106683300
2015-07-17,178.0936279296875,178.15230572808014,177.52368080510837,177.93437423622956,89030000
2015-07-20,178.1858673095703,178.68038262537763,177.86737263958764,178.31997705977864,70446800
2015-07-21,177.48184204101562,178.31163188072037,177.1801014437968,178.05178939720005,77965000
2015-07-22,177.163330078125,177.49860450518213,176.76101355506816,176.79453460306803,88667900
2015-07-23,176.1658935546875,177.39799978551758,175.80548796618876,177.2974238611757,90509100
2015-07-24,174.3386688232422,176.32511975520399,174.00340726819167,176.26645473830396,117755000
2015-07-27,173.3245086669922,173.96152362654487,172.8802812817307,173.45024136188783,132361100
2015-07-28,175.4534912109375,175.59597805935877,173.33292982602285,174.1627069309121,123544800
2015-07-29,176.66043090820312,176.88672674977886,175.43670167741928,175.57918850747438,105791300
2015-07-30,176.7023162841797,176.86994707241797,175.52887518769293,176.1491231725249,91304400
2015-07-31,176.43411254882812,177.23036845613078,176.14913890443106,177.20522447511988,103266900
2015-08-03,175.83897399902344,176.45922191758902,174.88346453980012,176.4005569032075,113965700
2015-08-04,175.49533081054688,176.22453167659822,175.0091926367101,175.76353747818337,81820800
2015-08-05,176.0736846923828,177.11300321447916,175.78869829461908,176.3921793413758,85786800
2015-08-06,174.6320037841797,176.36700187207867,174.0452769744549,176.25803612923153,116030800
2015-08-07,174.29673767089844,174.62362212536794,173.3915162301966,174.4727582799545,117858000
2015-08-10,176.4927215576172,176.57653053184333,175.4114796380342,175.4114796380342,80270700
2015-08-11,174.90020751953125,175.5707432984956,174.13747291109175,175.15166003531866,126081400
2015-08-12,175.1097869873047,175.29418468609808,172.1259155550612,173.59270729311194,172123700
2015-08-13,174.89186096191406,175.63782878889944,174.3470449511172,174.95052597849957,89383300
2015-08-14,175.52890014648438,175.60433209350603,174.5566235312793,174.6991103610128,72786500
2015-08-17,176.50950622558594,176.50950622558594,174.47276746879456,174.93376166973735,79072600
2015-08-18,175.99822998046875,176.58494407890225,175.76354434109535,176.23291561984217,71692700
2015-08-19,174.60687255859375,176.0233633719876,173.79384993200853,175.2522516333577,172946000
2015-08-20,170.96084594726562,174.58171908337056,170.90216814514122,173.0897835277865,194327900
2015-08-21,165.8144989013672,170.93569730461894,165.55466930341385,169.083343503695,346588500
2015-08-24,158.83253479003906,165.521099164808,152.88154815971646,157.1478249091166,507244300
2015-08-25,156.96348571777344,163.81968336952568,156.67012224910826,163.80291645403958,369833100
2015-08-26,162.98989868164062,163.26648243214422,157.88545386603704,160.99505788498155,339257000
2015-08-27,167.02146911621094,167.14718899583232,163.61851462077476,165.1355941854429,274143900
2015-08-28,167.02987670898438,167.49924806457554,165.88996936422998,166.37610763663804,160414400
2015-08-31,165.68040466308594,166.90413363260612,165.12721158962853,166.04920004539088,163298800
2015-09-01,160.7352294921875,163.24972955858715,159.86352897376676,161.8667468484221,256000400
2015-09-02,163.7861328125,163.82804369895797,161.2800101594332,163.12397405892193,160269300
2015-09-03,163.90350341796875,165.99892020216828,163.40898812635584,164.49859462261233,152087800
2015-09-04,161.4224395751953,162.4869143237793,160.60104020803877,161.64037099156508,207081000
2015-09-08,165.47921752929688,165.63009416033984,163.58496571100363,164.2303575421744,116025700
2015-09-09,163.26646423339844,167.18909052015616,162.89768167736435,167.06337064757716,149347700
2015-09-10,164.1549530029297,165.3032372871655,162.813881169681,163.07371079988835,158611100
2015-09-11,164.90090942382812,164.96796428978394,163.04855552134677,163.7610022813953,119691200
2015-09-14,164.2890167236328,165.12718325252328,163.80287860214762,165.07689530709484,79452000
2015-09-15,166.34259033203125,166.78681771708906,164.24717331216968,164.7919766215695,113806200
2015-09-16,167.78419494628906,167.97698248541326,166.300649174541,166.6443005727278,99581600
2015-09-17,167.40707397460938,170.05568448949882,167.0299014215919,167.65014954148234,276046600
2015-09-18,164.67135620117188,167.39270583167965,164.25852756121427,164.890420726112,223657500
2015-09-21,165.5222930908203,166.55016068246064,164.4691379483344,165.50543900888917,105726200
2015-09-22,163.37384033203125,163.83723112705485,162.2364277311458,163.3485656392024,153890900
2015-09-23,163.1126708984375,164.01416500034912,162.53132721250788,163.54235356130408,92790600
2015-09-24,162.5229034423828,162.9862942962043,160.551400016195,161.8910103296894,159378800
2015-09-25,162.4807891845703,164.2922109838275,161.60455686002012,163.98890177239065,155054800
2015-09-28,158.40293884277344,161.68879028556242,158.09120906439804,161.57925804736718,178515900
2015-09-29,158.49563598632812,159.8605338255233,157.49303020984766,158.62202231997662,159045600
2015-09-30,161.45289611816406,161.62139836565,159.6077662968341,160.39130753279755,163452000
2015-10-01,161.87416076660156,162.17746995931026,159.9279321366781,161.83203199007858,131079000
2015-10-02,164.29220581054688,164.31748050604588,159.33815979837223,159.8858081979462,211003300
2015-10-05,167.21578979492188,167.44327494325597,165.41278840478842,165.52232067174555,126320800
2015-10-06,166.64283752441406,167.6454432690335,165.97724913624944,167.08095365985653,110274500
2015-10-07,168.0077362060547,168.36159479027472,166.38165798534357,167.57804068129641,124307300
2015-10-08,169.52430725097656,169.81076240591693,167.3168850097487,167.62019424906782,153055200
2015-10-09,169.6254119873047,170.10564413377404,168.99351878791342,169.66754077177745,107069200
2015-10-12,169.78550720214844,169.9877048143112,169.27156684473294,169.7012496264799,56395600
2015-10-13,168.71543884277344,170.3246628429936,168.54693660611977,169.05244331608077,88038700
2015-10-14,167.90663146972656,169.23782116366917,167.61175573204258,168.65647744574315,99106200
2015-10-15,170.4847869873047,170.49320760167373,168.20154061511798,168.57225334175197,134142200
2015-10-16,171.25991821289062,171.27675944265718,170.1225052645193,170.889205463617,114580100
2015-10-19,171.3441162109375,171.3441162109375,170.29939459063777,170.6111243830308,76523900
2015-10-20,171.12510681152344,171.740145935504,170.65329527225617,170.90605512712085,78448500
2015-10-21,170.06346130371094,171.69794693752124,169.89494623211226,171.5462988001564,102038000
2015-10-22,172.93650817871094,173.14713922324813,170.06351050170636,171.01555408100344,174911700
2015-10-23,174.83218383789062,175.20289652528615,173.8127368034514,174.6131321843835,144442300
2015-10-26,174.40248107910156,174.71421086859263,174.03176843435705,174.65524086923617,69033000
2015-10-27,174.06553649902344,174.40254109791488,173.38308097403095,173.72851904423058,77905800
2015-10-28,176.04539489746094,176.07066959009023,173.73688726467444,174.40247559707362,135906700
2015-10-29,175.94432067871094,176.31503336353305,175.4219598169516,175.53991268431335,90525500
2015-10-30,175.18606567382812,176.45828555208965,175.02599686113376,176.13812221490062,131076900
2015-11-02,177.2586669921875,177.45244395970374,175.38826222844173,175.51464857274294,86270800
2015-11-03,177.7725830078125,178.32865199268358,176.67729911952327,176.90478422349733,95246100
2015-11-04,177.2333984375,178.19387555034388,176.6941834417964,178.06750205756163,96224500
2015-11-05,177.0564422607422,177.75573883720955,176.16336873240257,177.29234799064707,78408700
2015-11-06,176.96380615234375,177.19972479422006,175.63262901258435,176.71105913587115,110471500
2015-11-09,175.31243896484375,176.50040118504046,174.36038249471315,176.34874014234128,131008700
2015-11-10,175.7168731689453,175.75058134163427,174.56261894442042,174.83222004642647,75874600
2015-11-11,175.0259552001953,176.0369815145771,174.9585517317836,175.98643212724258,67846000
2015-11-12,172.5826416015625,174.45304621920195,172.56580037502385,173.98123475815743,121315200
2015-11-13,170.64479064941406,172.43937072919258,170.5605459701861,172.16976975741028,153577100
2015-11-16,173.2397918701172,173.29877472472785,170.34150706740493,170.45947277662623,117645200
2015-11-17,173.11343383789062,174.43619003553545,172.61634768712784,173.55154998468225,121123700
2015-11-18,175.86007690429688,176.00330447904054,173.5515687684409,173.59368469473657,121342500
2015-11-19,175.7084503173828,176.12971247932526,175.4135616616627,175.74214563374179,88220500
2015-11-20,176.3487548828125,177.03119749225422,175.9696215282227,176.4667077677049,94011500
2015-11-23,176.1465301513672,176.9132173571235,175.6831392978453,176.40771058083453,64931200
2015-11-24,176.3824462890625,176.7868543051281,174.74794728526123,175.13550121768685,98874400
2015-11-25,176.35714721679688,176.71100578893396,176.0959539521244,176.50879538089964,51980100
2015-11-27,176.5594024658203,176.76161293993388,175.96963798619925,176.44987018535446,37317800
2015-11-30,175.82638549804688,176.83741201369105,175.71685323308637,176.71945913446422,112822700
2015-12-01,177.50299072265625,177.6209564512809,176.18023442536762,176.45826895162804,97858400
2015-12-02,175.69151306152344,177.77254818486045,175.43875331283044,177.45238497945635,108441300
2015-12-03,173.23135375976562,176.21388295307761,172.50678263227582,175.94428196809528,166224200
2015-12-04,176.60987854003906,176.9047670853594,173.23136189422672,173.23136189422672,192913900
2015-12-07,175.53993225097656,176.7026069714552,174.57102165202795,176.28134484736444,102027100
2015-12-08,174.3603515625,175.48933071694523,173.3745999554787,173.97279769438745,103372400
2015-12-09,173.00390625,175.81793383167454,172.02657514846928,173.7200569214092,162401500
2015-12-10,173.450439453125,174.76477504598236,172.83540043460033,173.0713061637851,116128900
2015-12-11,170.08877563476562,171.9928755421941,169.7770329643682,171.32728713547687,211173300
2015-12-14,170.94808959960938,171.0744758947688,168.46264673220367,170.24880609448257,182385200
2015-12-15,172.74267578125,173.65260314434704,170.92282105505592,172.46464134897914,154069600
2015-12-16,175.27029418945312,175.57360339127476,172.5489448421551,173.87170104461467,197017000
2015-12-17,172.59945678710938,175.6493893700295,172.58260270847083,175.58198591137054,173092500
2015-12-18,169.5245819091797,171.99090806104527,169.3635475938457,171.8553117876533,251393500
2015-12-21,170.92303466796875,171.1010233879605,169.5839227019014,170.70267938206166,99094300
2015-12-22,172.4740753173828,172.77071894912382,170.82137791925118,171.81299635813016,111026200
2015-12-23,174.6099090576172,174.65228857484354,173.38945138301116,173.4826811479439,110987200
2015-12-24,174.32174682617188,174.87265471918647,174.1013914284143,174.3556556150046,48539600
2015-12-28,173.92337036132812,173.9657369377406,172.84699291279716,173.62672673197844,65899900
2015-12-29,175.77947998046875,176.11001947864887,174.9912753818897,175.02517123167766,92640700
2015-12-30,174.53358459472656,175.61844569483083,174.3895046119371,175.53368667793808,63317700
2015-12-31,172.7876434326172,174.4996745618754,172.7876434326172,173.85555005604786,114877900
2016-01-04,170.3721923828125,170.3806631121192,168.31266710910276,169.92299801374546,222353500
2016-01-05,170.6603240966797,171.1179891192369,169.55005091810494,170.69421994070248,110845800
2016-01-06,168.50759887695312,169.5585382659889,167.47360094538482,168.10077111434867,152112600
2016-01-07,164.46481323242188,167.3379676138101,164.07493991579202,165.54966124512012,213436100
2016-01-08,162.6596221923828,165.99045593534453,162.3714621444685,165.43107730180685,209817200
2016-01-11,162.8206024169922,163.92240492263298,160.87974517273418,163.583381803446,187941300
2016-01-12,164.13429260253906,164.8886012748218,161.99849217501549,164.26990185275864,172330500
2016-01-13,160.04066467285156,165.1513197766871,159.65927501019684,164.80382595702918,221168900
2016-01-14,162.6680908203125,163.79531880395888,159.049110008642,160.6509575785787,240795600
2016-01-15,159.1761932373047,159.98135217332498,157.2353358891122,158.29475894503636,324846400
2016-01-19,159.38812255859375,161.125579444167,157.81170009187855,160.9984538147601,195244400
2016-01-20,157.3455047607422,158.91345603323416,153.42141061380045,156.82003507116355,286547800
2016-01-21,158.22694396972656,160.0745714508688,156.48948768515635,157.82012916393177,195772900
2016-01-22,161.47299194335938,161.676392847793,160.08302972263056,160.8458089790716,168319600
2016-01-25,159.03213500976562,161.1594521414183,158.8372047618833,160.96452189353602,130371700
2016-01-26,161.2017822265625,161.48147141771702,159.35415493836427,159.69316508572288,141036800
2016-01-27,159.44737243652344,162.3544223777091,158.5405003166785,160.67630029192964,185681700
2016-01-28,160.27801513671875,161.20182904914827,158.62531755658978,160.99842807461667,143798800
2016-01-29,164.18515014648438,164.32075940274018,160.9306055908077,161.0492604569289,210529300
2016-02-01,164.12579345703125,164.9140108337087,162.5917511393316,163.17655465987093,136061600
2016-02-02,161.1678466796875,162.70188855703404,160.64236426860825,162.69341783177975,182564900
2016-02-03,162.1341094970703,162.54092433557236,158.57445056225356,162.22733924468645,205054900
2016-02-04,162.38836669921875,163.3630307107808,160.99840420553886,161.63405802153412,139531800
2016-02-05,159.29486083984375,162.44770514097527,158.65920695546097,161.87138516002568,180788300
2016-02-08,157.1505889892578,157.7438633598395,154.93004223118996,157.44723264075432,191526700
2016-02-09,157.15899658203125,158.43878749487254,155.26899008488905,155.40459929580308,184513100
2016-02-10,157.0233917236328,159.62532703729258,156.89625324569553,157.989584666891,148214100
2016-02-11,154.9808807373047,156.03183306590697,153.48073406696034,154.540157124354,219058900
2016-02-12,158.17608642578125,158.19302788144972,155.91316058278534,156.76069893292953,127632400
2016-02-16,160.8458251953125,160.87125031093,159.02362293654295,159.9898161272353,120250700
2016-02-17,163.47320556640625,163.84612451981164,161.88830001443336,162.01543852986296,136009500
2016-02-18,162.80364990234375,163.80375194994778,162.49006482934385,163.7444180537533,102343000
2016-02-19,162.72735595703125,162.87990664568497,161.4136689865215,162.023897605953,114793000
2016-02-22,165.08351135253906,165.2275913136689,164.24444376811522,164.31224838495427,103640300
2016-02-23,162.9986114501953,164.69368845979014,162.87994364440885,164.42246993069756,111455300
2016-02-24,163.74436950683594,164.0240586508095,160.45593024848034,161.56620316605648,150812200
2016-02-25,165.72763061523438,165.73611427482834,163.43080910424848,164.19358838804578,110728300
2016-02-26,165.34625244140625,166.69383530470407,165.185218086847,166.6006185019685,129833700
2016-02-29,164.04954528808594,166.3124714663264,163.85461505974905,165.36323251190936,125918100
2016-03-01,167.90586853027344,167.99062756120264,164.8038742250029,165.2784937604167,141799700
2016-03-02,168.66015625,168.71100648923135,167.17696392116832,167.5922624289091,102415000
2016-03-03,169.3212890625,169.33824345843823,167.90590091340798,168.48222105115877,95172200
2016-03-04,169.87213134765625,170.65187812981827,168.68558264855903,169.51616673792708,129293600
2016-03-07,170.0077362060547,170.4145639772772,168.8720377759822,168.94831313343246,100219000
2016-03-08,168.15159606933594,169.43985792573434,167.99057465314343,168.93134269755143,123974900
2016-03-09,168.98220825195312,169.3296891630479,168.1770364359287,168.96525386308696,94801200
2016-03-10,169.1177978515625,170.4145434339482,167.2871248313894,169.47377534157206,156838700
2016-03-11,171.8468475341797,171.88922703232757,169.10083193493335,170.57554018418577,137964500
2016-03-14,171.62652587890625,172.08419092432308,171.00782646841748,171.3383659268879,73612000
2016-03-15,171.3468475341797,171.65196189463276,170.3976086049525,170.66034345626284,93169100
2016-03-16,172.33847045898438,172.74529823845296,170.82138227849984,170.86376178874585,129303200
2016-03-17,173.4317626953125,173.94027790480766,171.8553409743026,172.25368500123147,134278500
2016-03-18,174.1133270263672,174.45408574269595,173.6192177883122,173.9344202508719,138372400
2016-03-21,174.3603515625,174.59037081442185,173.61919430521965,173.8492135571415,72926700
2016-03-22,174.26666259765625,174.83744059062724,173.42328023449707,173.58513217351828,97471900
2016-03-23,173.1165313720703,174.07066583117776,172.9461390765665,173.88324470540923,81052500
2016-03-24,173.03990173339844,173.07398540240297,171.86427513496162,172.08576698704715,84360900
2016-03-28,173.14212036132812,173.6703001797799,172.6906092908885,173.45732276922877,62408200
2016-03-29,174.7436981201172,174.85445053108205,172.42650290019068,172.73319088515476,92922900
2016-03-30,175.51046752929688,176.23458308827088,175.14413954137035,175.74900124273682,86365300
2016-03-31,175.08450317382812,175.8427023647693,174.9226382343387,175.41674747100208,94584100
2016-04-01,176.27716064453125,176.46458182598812,173.77254394607206,174.08775938712822,114423500
2016-04-04,175.7063446044922,176.40491667473407,175.39965664667275,176.20045370315174,63497000
2016-04-05,173.95147705078125,175.71492370810827,173.69590149199263,174.3603901453753,99662200
2016-04-06,175.85121154785156,175.91085147077712,173.7725496482917,173.95145641795702,91839800
2016-04-07,173.74697875976562,175.11855388129385,173.01433590604665,174.7607533712139,113859000
2016-04-08,174.21556091308594,175.36564438770728,173.678853558381,174.93116205328425,95040600
2016-04-11,173.80665588378906,175.55307372280527,173.71294527781905,174.85450138755357,83757500
2016-04-12,175.42526245117188,175.70639424185225,173.53402167685792,173.97701840754624,115350600
2016-04-13,177.19728088378906,177.28247708386,176.20906215907263,176.34537087954007,96336400
2016-04-14,177.2057647705078,177.70840146573477,176.85649160827506,177.25689028121016,65212900
2016-04-15,177.00982666015625,177.3420709799407,176.68609675914638,177.20576228487204,75761600
2016-04-18,178.25357055664062,178.2876412212569,176.34528836040437,177.00977681284817,82531000
2016-04-19,178.8158416748047,179.0714171858337,177.99801563844437,178.67954600148494,88316100
2016-04-20,178.9862518310547,179.68481109835025,178.3813901613822,178.8584575632644,81100300
2016-04-21,178.02359008789062,179.11403358058067,177.75097271516222,179.0032811480208,85695000
2016-04-22,178.02359008789062,178.29619446150724,177.1205677891734,177.66578953551843,99251700
2016-04-25,177.7168731689453,177.75947125140206,176.80532360098758,177.41869959085773,66166500
2016-04-26,177.98095703125,178.49210800513592,177.50388972181472,178.08318202638347,75864200
2016-04-27,178.3473358154297,178.7392070746571,177.2398503887596,177.59765097292447,77329400
2016-04-28,176.72865295410156,178.6965621508387,176.31122554819342,177.58909001351464,97216200
2016-04-29,175.7744903564453,176.4560205627091,174.66700539615505,176.10673454462165,142424100
2016-05-02,177.17164611816406,177.35053986028342,175.84266918026876,176.27713841023936,62188000
2016-05-03,175.6297149658203,176.17493667898285,174.88003023555515,175.93640299191867,106422100
2016-05-04,174.6500244140625,175.36563852946756,174.14740074898373,174.632995577326,92243800
2016-05-05,174.61598205566406,175.47640641840817,174.19002708416645,175.11860580224388,67619200
2016-05-06,175.25486755371094,175.29746563926946,173.68735679839853,173.8406943074764,89315000
2016-05-09,175.39968872070312,175.8341579907671,174.9481776167806,175.127084374519,74374900
2016-05-10,177.58058166503906,177.59762349949054,176.03862712451112,176.106781463206,77472200
2016-05-11,175.9193115234375,177.6572011815921,175.9193115234375,177.1205070366763,81727000
2016-05-12,175.97047424316406,176.76275706283158,174.95669957023696,176.59236471512773,89586300
2016-05-13,174.43704223632812,176.22605797769782,174.11332535865,175.6723218191895,96474600
2016-05-16,176.15786743164062,176.63493473153017,174.54775879495895,174.60739870699965,77486800
2016-05-17,174.51373291015625,176.1749544696479,173.9855399790805,175.8853082488365,114924900
2016-05-18,174.56484985351562,175.74900402077907,173.47440628937858,174.1644511855311,120062100
2016-05-19,173.9599609375,174.24960712037108,172.7502507039408,173.84069409754656,115430500
2016-05-20,175.0589141845703,175.5785795777547,174.5222069590707,174.573319456907,104990400
2016-05-23,174.8203887939453,175.35708304571003,174.63296762694495,175.07595129520948,58682600
2016-05-24,177.08645629882812,177.40167171141593,175.61265623148654,175.63821248127613,93537800
2016-05-25,178.28765869140625,178.7050991187367,177.08646291001244,177.76799326110108,76621400
2016-05-26,178.33880615234375,178.65402163849066,178.02360366530965,178.42400233759705,55280700
2016-05-27,179.10548400878906,179.11399842534874,178.44950995863408,178.50062245621072,64211200
2016-05-31,178.76473999023438,179.4888684821183,178.20247643176768,179.37811605417784,109879400
2016-06-01,179.1310577392578,179.30995149823454,177.95541818382588,178.15135377669438,69936200
2016-06-02,179.67628479003906,179.69331362532813,178.25359709674703,178.73066446705923,63044700
2016-06-03,179.13958740234375,179.4888735317431,177.9298770752863,179.1140311488864,101757100
2016-06-06,180.05113220214844,180.408932739918,179.3355181274981,179.49738306106053,64887000
2016-06-07,180.33224487304688,180.8945084129692,180.17890736167396,180.20446361356946,60974800
2016-06-08,180.9200897216797,181.04788399796703,180.34079726633757,180.46857854351228,66170900
2016-06-09,180.67303466796875,180.7923015218025,179.91483545450157,180.18743983507352,73786900
2016-06-10,178.9606475830078,179.63365041607935,178.41541298523768,179.2928917915813,113829200
2016-06-13,177.58058166503906,179.21624679638361,177.49539849100367,178.35582264369364,117751200
2016-06-14,177.2313232421875,177.82767054915553,176.27718834961942,177.19725256707278,125059300
2016-06-15,176.98428344726562,178.35585891957723,176.79686222751272,177.23133160105976,109124500
2016-06-16,177.51243591308594,177.68282826762095,175.1441277750987,176.98425601153977,149533100
2016-06-17,176.85137939453125,177.43368445071087,176.19199379068078,177.40799529039202,117055700
2016-06-20,177.99026489257812,179.49741850952435,177.9046256703846,178.8209156943543,82789600
2016-06-21,178.4954833984375,178.90652287460694,177.9302959520112,178.37559634010853,72461700
2016-06-22,178.2043914794922,179.40326246978856,178.05880215443625,178.67536811136404,95560500
2016-06-23,180.52503967285156,180.57641798398882,179.20628177571822,179.66869964266547,102731400
2016-06-24,174.0425567626953,180.55930507697246,173.59725627725683,174.37652886009613,333444400
2016-06-27,170.92550659179688,172.6381869661968,170.1119729605855,172.62961520162764,230775800
2016-06-28,174.00831604003906,174.03400519922755,172.22712695825862,172.53540993523436,159382400
2016-06-29,176.97125244140625,177.20245486591145,175.30995051693523,175.41270715004865,137328600
2016-06-30,179.38609313964844,179.4374714471411,176.88558199688845,177.44221081705115,165021900
2016-07-01,179.76287841796875,180.2509984551956,179.22338007507813,179.38608675415372,106055300
2016-07-05,178.4698028564453,179.04354902517392,177.87036753588632,178.93222065610226,109803700
2016-07-06,179.5402374267578,179.66012449733896,177.3137483254387,177.97313374699033,96021500
2016-07-07,179.4289093017578,180.3880058677437,178.65820857076355,179.72006174975914,85593800
2016-07-08,182.1006622314453,182.34900810305987,180.49931090775246,180.73052632384315,133971000
2016-07-11,182.74290466308594,183.3166638170194,182.35755437366095,182.56308062581806,73633900
2016-07-12,184.07025146484375,184.36997564443453,182.7686112106832,183.71059028936045,101275600
2016-07-13,184.0446014404297,184.49846062026708,183.55649440804572,184.48990192380845,87324100
2016-07-14,185.07220458984375,185.5431942234719,184.6782954902362,185.31197875483406,91230900
2016-07-15,184.82386779785156,185.83434274786217,184.37856732946315,185.63738820224702,107155400
2016-07-18,185.32052612304688,185.48323279931054,184.68682987515425,184.9437344657437,58725900
2016-07-19,185.1321563720703,185.16640422450826,184.6526080376664,184.90094090129983,54345700
2016-07-20,185.90283203125,186.1426061660082,185.13213132191436,185.13213132191436,58159500
2016-07-21,185.20068359375,186.01420410399504,184.75538306742223,185.79156037418787,67777300
2016-07-22,186.0313262939453,186.0827046087923,185.05509911171362,185.32056244956507,62787500
2016-07-25,185.52603149414062,185.87713398420374,184.9437266423664,185.8257556816013,55873100
2016-07-26,185.6116943359375,185.97135556664537,184.7639130349545,185.4232984912746,70080500
2016-07-27,185.41476440429688,186.0570194872417,184.64405046473522,185.98851071038868,84083900
2016-07-28,185.62881469726562,185.91996714437596,184.7553442892239,185.21776211306323,65035700
2016-07-29,185.92852783203125,186.288189047029,185.08075963479044,185.363353389441,79519400
2016-08-01,185.7744140625,186.38240818563156,185.32055487761173,185.98849907675722,73311400
2016-08-02,184.58407592773438,185.68019000112832,183.74486644863504,185.52604201786735,92295500
2016-08-03,185.12356567382812,185.18351574285276,184.22441917214476,184.52413031713562,53993600
2016-08-04,185.32052612304688,185.63736771363804,183.47082875085508,185.23488690394697,46585500
2016-08-05,186.8362274169922,186.87904702402943,185.32051524820778,185.32051524820778,71892200
2016-08-08,186.7249298095703,187.12741063377544,186.45946651418197,187.02464095380748,39906500
2016-08-09,186.8362274169922,187.33290611186334,186.51082715027002,186.79342087666444,51251700
2016-08-10,186.373779296875,187.0245927910907,186.02267686971464,186.94752535099423,57941100
2016-08-11,187.23876953125,187.48711549338356,186.63933403651797,186.90479739370545,72504300
2016-08-12,187.0760955810547,187.29018064220054,186.67361462076326,186.93050624076616,61313500
2016-08-15,187.61553955078125,187.96664210941114,187.43571545655482,187.44427415309008,49813500
2016-08-16,186.6478729248047,187.26442570599173,186.6478729248047,187.1959300044132,53213600
2016-08-17,186.9989471435547,187.13596466895925,185.8428960730684,186.6821055494282,75134300
2016-08-18,187.41856384277344,187.4528116917612,186.86194809642447,186.97326340566778,52989300
2016-08-19,187.14456176757812,187.3243989399142,186.45950013339692,186.9476072010867,75443000
2016-08-22,187.13595581054688,187.3671712403833,186.5365204986652,186.90474038071045,61368800
2016-08-23,187.5127716064453,188.05226998998276,187.4528215341805,187.75254576208164,53399200
2016-08-24,186.55369567871094,187.4614140924167,186.13408432644323,187.3672161589163,71728900
2016-08-25,186.4252166748047,186.84482798172021,186.01417713064373,186.16831205968725,69224800
2016-08-26,186.0740966796875,187.64120031150213,185.18350890643796,186.6135950141495,122506300
2016-08-29,186.99041748046875,187.2558808104621,186.1683252671132,186.20258618713893,70502200
2016-08-30,186.68211364746094,187.18735109425765,186.1254978930864,186.90475733586857,58114500
2016-08-31,186.1511688232422,186.46801040009504,185.37189639003745,186.34812333857965,85269500
2016-09-01,186.15972900390625,186.45088143180882,184.99510622558606,186.14259854735027,97844200
2016-09-02,186.9989471435547,187.42711711041116,186.42520095597223,187.01607760090786,79293900
2016-09-06,187.56411743164062,187.64118488259535,186.56220136910167,187.2815237114308,56702100
2016-09-07,187.54701232910156,187.72684947234944,186.93901826710024,187.40143610204896,76554900
2016-09-08,187.11883544921875,187.48706841784025,186.81055254837466,187.21303336521862,74102900
2016-09-09,182.64015197753906,185.8514262359589,182.6144628288084,185.80004793849756,221589100
2016-09-12,185.26058959960938,185.6630704387234,181.8095404983042,181.87804926525033,168110900
2016-09-13,182.597412109375,184.24158367964563,181.97228743943944,183.97612031570236,182828800
2016-09-14,182.52886962890625,183.85619927028594,181.97225384383333,182.64875670877018,134185500
2016-09-15,184.35289001464844,184.73824043445808,182.18635067359673,182.36618783842124,134427900
2016-09-16,183.6402587890625,183.9156781506351,182.95173665056694,183.73493255301332,155236400
2016-09-19,183.67469787597656,184.93987769630706,183.3476406582067,184.2943783240045,80250500
2016-09-20,183.68324279785156,184.69021993018805,183.64882195374113,184.5353064326198,69665300
2016-09-21,185.7489013671875,185.92963383291604,183.700512537477,184.38904781183263,110284400
2016-09-22,186.9193572998047,187.2205955267431,186.51485653130135,186.7644437883841,76678700
2016-09-23,185.89520263671875,186.66119463948525,185.80052887760303,186.52348496573194,73630900
2016-09-26,184.38902282714844,185.24107345842353,184.1910602621694,185.0603410171842,89827300
2016-09-27,185.53370666503906,185.6283672822907,183.85539808536527,184.22549115622652,78494800
2016-09-28,186.45457458496094,186.60950120496085,184.7934964630595,185.75743762674475,87411000
2016-09-29,184.76771545410156,186.65257553302212,184.21688990373949,186.24806158308405,128070600
2016-09-30,186.1619873046875,186.86772632605005,185.35295947253545,185.6025467387852,117202900
2016-10-03,185.7144775390625,185.93824593406305,185.07758007721958,185.74891152765875,83512100
2016-10-04,184.76771545410156,186.05011213930064,184.17386712275135,185.82634377383752,119948100
2016-10-05,185.58531188964844,186.01564465338072,185.32710960486634,185.39596442298915,72816000
2016-10-06,185.7144775390625,185.93824593406305,184.81939082634156,185.36160138590418,62927400
2016-10-07,185.0775604248047,186.1620076942157,184.34600240379933,185.9898771676684,89788300
2016-10-10,186.04151916503906,186.5062729103624,185.89520755757215,186.04151916503906,51855000
2016-10-11,183.6918487548828,185.67999727961765,182.96029089024037,185.61114245717226,130367400
2016-10-12,183.93284606933594,184.45785259613004,183.3303696598203,183.82955726994538,73866100
2016-10-13,183.3303680419922,183.82955564771214,181.7811805246644,182.5988101883017,101357000
2016-10-14,183.4250946044922,184.77634624006126,183.34763783286186,184.31157934484307,93346200
2016-10-17,182.7881622314453,183.65742974968583,182.60741667912635,183.39922744610791,58275700
2016-10-18,183.93284606933594,184.4492375354307,183.55415111457106,184.38899777410785,76869700
2016-10-19,184.42344665527344,184.73328683511878,183.8382002781858,184.1996782992193,66519200
2016-10-20,184.0791473388672,184.63857467900527,183.4164312051194,184.07053227865003,73639800
2016-10-21,184.16519165039062,184.25126344956766,183.11517873745186,184.0791329839263,89089100
2016-10-24,184.94842529296875,185.31851832004375,184.59554925459165,185.04309903173544,60146600
2016-10-25,184.3287811279297,185.0259182805126,184.16525253505873,184.76771593033303,66542300
2016-10-26,183.958740234375,184.54398676188723,183.26158980099856,183.50258834301403,75705500
2016-10-27,183.46812438964844,184.71608715528055,183.39066762060702,184.68166630216803,77220200
2016-10-28,182.92584228515625,184.12216682246338,182.21150146642543,183.44224684584555,140623200
2016-10-31,182.93447875976562,183.48530422704823,182.77095019198072,183.26152276262044,61272500
2016-11-01,181.60902404785156,183.3131512086123,180.39549566288449,183.2615002466722,122781800
2016-11-02,180.51602172851562,181.68652756097123,180.07707383339738,181.2992175046396,103330800
2016-11-03,179.68980407714844,180.94638191937483,179.4143978510756,180.73121547008878,88939300
2016-11-04,179.49185180664062,180.64514080487868,179.34554019934635,179.80169201406315,109122100
2016-11-07,183.45089721679688,183.4853312007163,179.49184269266695,179.49184269266695,109794900
2016-11-08,184.27711486816406,184.84515732442128,182.7881670352914,183.05497127400508,106772100
2016-11-09,186.23081970214844,186.85049996137897,182.75372345505315,182.77954237146156,258429000
2016-11-10,186.6956329345703,187.89195793005075,185.23250362921357,187.0226901571121,172113300
2016-11-11,186.26524353027344,186.5062288424219,185.3185192704658,185.97262038448096,100552700
2016-11-14,186.4115753173828,186.99683480514705,185.6628003829193,186.79027031545684,94580000
2016-11-15,187.86602783203125,187.86602783203125,186.5922468163814,186.79879809136145,91652600
2016-11-16,187.51324462890625,187.7456280608955,187.12594766406897,187.24644034496762,65617700
2016-11-17,188.47718811035156,188.53742788089505,187.556269499148,187.6681602436499,69797200
2016-11-18,188.055419921875,188.7181360628328,187.8746743806269,188.5460055818956,86265800
2016-11-21,189.4755401611328,189.50135908036532,188.48577990331134,188.63209148986746,72402600
2016-11-22,189.84567260742188,190.0264050795417,189.1141013901638,189.78541969490294,67429000
2016-11-23,189.94888305664062,190.00052088807968,189.13125341585663,189.32920281394425,56620200
2016-11-25,190.65464782714844,190.689068672833,190.21569996520256,190.2931698502438,37872300
2016-11-28,189.75958251953125,190.62024827695456,189.65630683110996,190.34484206359207,76572500
2016-11-29,190.129638671875,190.5857903840373,189.49274140738675,189.79397961702512,69886700
2016-11-30,189.67352294921875,190.91288373543088,189.61327004277254,190.7493551410394,113291800
2016-12-01,188.97637939453125,189.9747416538877,188.61488823352252,189.9747416538877,79040500
2016-12-02,189.07098388671875,189.56156950764841,188.7095059657398,189.06238195980717,74840300
2016-12-05,190.20709228515625,190.55135326245085,189.70790467517898,189.90585408048764,67837800
2016-12-06,190.80960083007812,190.8440348156055,189.91451419713022,190.39648493277275,59877400
2016-12-07,193.3054962158203,193.36573597793688,190.53415197330642,190.6546446302542,110738100
2016-12-08,193.77886962890625,194.25223837219423,193.01287771075508,193.27969509894712,99714400
2016-12-09,194.9493408203125,194.9665578077498,193.9681826598022,194.00261663467685,88005800
2016-12-12,194.72560119628906,195.33667957954293,194.30387030459465,194.85469578929985,102016100
2016-12-13,196.0252227783203,196.52441047978874,195.3711215484911,195.3883385403257,110477500
2016-12-14,194.40719604492188,196.42975280505453,193.9682480798635,195.72401367466105,142501800
2016-12-15,195.20755004882812,196.06821559333702,194.41573932380564,194.64812269798296,124972600
2016-12-16,194.82583618164062,195.72621185016826,194.50551708174834,195.66560379876998,156420200
2016-12-19,195.25001525878906,195.67423190639698,194.86043555105059,195.0076095201908,90341100
2016-12-20,196.00320434570312,196.15039152554453,195.55302980660466,195.7867697060943,89838800
2016-12-21,195.457763671875,196.04645944724942,195.457763671875,195.87331440802868,67909000
2016-12-22,195.1201934814453,195.43185994352459,194.72194786485124,195.31065705327845,56219100
2016-12-23,195.40582275390625,195.41447538238174,194.97295354797507,195.16340384527456,36697800
2016-12-27,195.8906707763672,196.2889031226138,195.65691766262628,195.67423613293508,42672500
2016-12-28,194.27174377441406,196.16771349248134,194.15920673511602,196.15040823112668,64095000
2016-12-29,194.2284393310547,194.69593231238508,193.78690423800356,194.34097635408312,48696100
2016-12-30,193.51852416992188,194.64398685218566,192.8259307339041,194.55740771888804,108998300
2017-01-03,194.9989776611328,195.50976029257782,193.82157257247454,194.82581936358508,91366500
2017-01-04,196.15902709960938,196.30620105653207,195.3192597141345,195.32791234332257,78744400
2017-01-05,196.00320434570312,196.15904415548493,195.2067264571573,195.89066731598953,78379000
2017-01-06,196.7043914794922,197.17188431701288,195.5702632876906,196.11568260656244,71559900
2017-01-09,196.0551300048828,196.58323097379537,196.0204930701331,196.44470965503663,46939700
2017-01-10,196.0551300048828,196.91220259319724,195.66553714460895,196.07243526213762,63771900
2017-01-11,196.60919189453125,196.60919189453125,195.30191848284733,195.96854073601835,74650000
2017-01-12,196.11573791503906,196.30620143851453,194.7565353630959,196.0897668173034,72113200
2017-01-13,196.56591796875,196.86891850056966,196.2542515979421,196.28887532353392,62717900
2017-01-17,195.87330627441406,196.33214655384955,195.48372664981474,195.9252484630114,61240800
2017-01-18,196.30621337890625,196.34950294780577,195.57033033797964,196.12440247357696,54793300
2017-01-19,195.57901000976562,196.52266191195307,195.1461407104001,196.38414056572665,66608800
2017-01-20,196.2975616455078,196.79102574487473,195.63093926975216,196.26292470618137,129168600
2017-01-23,195.78675842285156,196.35814900891876,195.0249175182166,196.29755418258387,75061600
2017-01-24,197.04209899902344,197.45764980363037,195.8906651438575,196.00320217232323,95555300
2017-01-25,198.74757385253906,198.74757385253906,197.82988003807708,197.99437245019877,84437700
2017-01-26,198.53982543945312,198.86881031930898,198.26278275954883,198.6004202693559,59970700
2017-01-27,198.22813415527344,198.7648877675818,198.04632326813524,198.61771381614628,59711100
2017-01-30,196.998779296875,197.5615039834957,196.0118380305686,197.5355328878129,79737300
2017-01-31,196.9815216064453,197.0421296551518,195.93398519704516,196.5053626884798,75880800
2017-02-01,197.05938720703125,197.89915458354585,196.47069138562182,196.9814739148072,79117700
2017-02-02,197.18927001953125,197.47496532159104,196.36682105245578,197.05940131307403,69657600
2017-02-03,198.54847717285156,198.73028808198305,197.78663622679892,198.09830263522292,80563200
2017-02-06,198.19354248046875,198.53984586597815,197.85590493592423,198.1416002751732,57790100
2017-02-07,198.20213317871094,198.8254658261855,198.01166969142045,198.58306015329188,57931200
2017-02-08,198.4619140625,198.5917695636371,197.65677032508353,198.20218985010365,51566200
2017-02-09,199.63931274414062,199.9423133072741,198.46190780053314,198.46190780053314,65955200
2017-02-10,200.42710876464844,200.65220922169698,199.65660205348237,199.98558689986365,66015900
2017-02-13,201.51795959472656,201.77768379351835,200.89462680167486,200.9205979005419,55182100
2017-02-14,202.32308959960938,202.33175543929215,200.98985809048764,201.33614821464042,71109000
2017-02-15,203.37930297851562,203.5697665204438,202.05472402518362,202.10666622568726,86785800
2017-02-16,203.20614624023438,203.58707330222083,202.45295795592938,203.40526240077406,84722400
2017-02-17,203.5264892578125,203.5264892578125,202.52222928693737,202.5395477581933,77204100
2017-02-21,204.73855590820312,204.91170101124357,203.89012244609305,203.89878828782605,88946100
2017-02-22,204.5567169189453,204.78180420102626,204.16713718798405,204.33162963686436,62115200
2017-02-23,204.6951904296875,205.09342269800504,203.93333640665264,205.07611744120493,74615900
2017-02-24,204.95494079589844,204.99821715355117,203.80350698573864,203.84679655351272,82381600
2017-02-27,205.2752685546875,205.4484136230307,204.6173120109346,204.86837037851393,56515400
2017-02-28,204.72117614746094,205.1367269123795,204.33159647971726,204.89432119866694,96961900
2017-03-01,207.58676147460938,208.05426762849893,206.36606710737806,206.38338557496067,149158200
2017-03-02,206.279541015625,207.40500384362272,206.22759881296895,207.3963380030982,70246000
2017-03-03,206.40936279296875,206.57385521458173,205.81200113979344,206.19292817718758,81974300
2017-03-06,205.7947235107422,206.14966628858443,205.18869593709636,205.61291259662397,55391500
2017-03-07,205.17999267578125,205.84661491621947,204.97221071236544,205.49165901584544,65103700
2017-03-08,204.79910278320312,205.73410197278264,204.66058144916434,205.47437777399028,78168800
2017-03-09,205.05882263183594,205.38780749066854,204.08919973437727,204.9203013007358,90683900
2017-03-10,205.77735900878906,206.06305426128182,204.82504150047993,206.0197646999733,81991700
2017-03-13,205.8812713623047,205.92456092949521,205.38780728467196,205.71677893305338,57256800
2017-03-14,205.0934295654297,205.387790672444,204.47876267545183,205.3358352699449,59880800
2017-03-15,206.86822509765625,207.29244174529617,205.43109592577116,205.66484903448065,96081800
2017-03-16,206.46131896972656,207.08465176220116,206.1323473143416,207.0067384656722,78344000
2017-03-17,206.0987548828125,206.91609164929082,206.0987548828125,206.72479950106856,89002100
2017-03-20,205.87269592285156,206.38570067207806,205.48142133899393,206.09876243922434,52537000
2017-03-21,203.22940063476562,206.60308429201066,203.09898019135397,206.4813541222953,131809300
2017-03-22,203.70765686035156,203.99459513982075,202.63816928603555,203.26421402895105,97569200
2017-03-23,203.490234375,204.629283691837,203.11635362966538,203.70761060394116,100410300
2017-03-24,203.34242248535156,204.3684319293869,202.5598733591413,203.7945687617091,112504900
2017-03-27,203.13368225097656,203.39453631254577,201.38598259336374,201.66421719613916,87454500
2017-03-28,204.61187744140625,205.03792630534875,202.71635006402084,202.82938993449883,93483900
2017-03-29,204.8031463623047,205.0379163636101,204.0988496259782,204.32492935597222,61950400
2017-03-30,205.4552764892578,205.65527213924028,204.56839117555688,204.74228947622825,56737900
2017-03-31,204.9770965576172,205.64660579968896,204.92491511714576,205.11620726276408,73733100
2017-04-03,204.62060546875,205.22925629210923,203.38591000776623,205.02927386463253,85546500
2017-04-04,204.7509765625,204.83793234527792,203.95103377778372,204.33361799386316,56466200
2017-04-05,204.14236450195312,206.41177287881223,203.93367854436426,205.42922807143728,108800600
2017-04-06,204.71621704101562,205.23791197270944,203.83800868113977,204.28146463080878,69135800
2017-04-07,204.5075225830078,205.20312906386096,204.02060202668764,204.46404469028136,74412300
2017-04-10,204.62925720214844,205.4292000289866,204.0988587414895,204.64665101313784,67615300
2017-04-11,204.38580322265625,204.49013955663008,202.8902538536075,204.2466792656306,88045300
2017-04-12,203.490234375,204.29888084580904,203.26416787323433,204.10758870293344,81864400
2017-04-13,202.16856384277344,203.89019296391257,202.16856384277344,203.1511085491981,92880400
2017-04-17,203.95973205566406,203.95973205566406,202.4902669307122,202.6902493048355,68405400
2017-04-18,203.3511199951172,203.89022209028013,202.66421691700648,203.22069955863816,83225800
2017-04-19,202.97723388671875,204.29018156053755,202.751154112652,203.9163008074154,68699900
2017-04-20,204.62925720214844,205.07271314304106,203.2728318319624,203.5945443635195,92572200
2017-04-21,203.9771270751953,204.60317159023134,203.5771622985608,204.55100342524338,110389800
2017-04-24,206.2205047607422,206.42919074264444,203.95109611948084,206.22919503464047,119209900
2017-04-25,207.42037963867188,207.7681762632812,206.7769412887948,206.86389707874253,76698300
2017-04-26,207.2899932861328,208.27253821301403,207.24652864882506,207.38563936987873,84702500
2017-04-27,207.46388244628906,207.76820121246766,206.92478036554024,207.61169669287736,57410300
2017-04-28,207.01173400878906,207.75080523402914,206.88130030956393,207.72472114770258,63532800
2017-05-01,207.5334014892578,207.95946362209395,207.11604289577147,207.5334014892578,66882500
2017-05-02,207.61167907714844,207.7942676678446,207.2030107316592,207.6725375181834,57375700
2017-05-03,207.3594970703125,207.70730694429366,206.68128440053687,207.6116608873976,73137700
2017-05-04,207.60296630859375,207.7420902641909,206.75085529884487,207.663838014514,61462700
2017-05-05,208.4203338623047,208.43772767623068,207.53343509837524,207.97689111413627,62001300
2017-05-08,208.38552856445312,208.6115950415581,207.95946642587268,208.46378081411362,48385700
2017-05-09,208.19422912597656,208.84635771874457,207.84641924927953,208.64637533188764,51363200
2017-05-10,208.568115234375,208.568115234375,207.9420707076507,208.15075663908897,54293800
2017-05-11,208.14208984375,208.30729789965704,207.05520870498464,208.116005757827,62358300
2017-05-12,207.79429626464844,208.18557085186467,207.52475184384602,207.88994234308734,53912700
2017-05-15,208.94203186035156,209.06376201665978,208.20294738217117,208.22034119524147,61918900
2017-05-16,208.75074768066406,209.2637524112713,208.3594731110076,209.23766832446702,51241800
2017-05-17,205.04664611816406,208.7507321116293,204.98577440843238,208.7507321116293,172174100
2017-05-18,205.87269592285156,206.72480708043372,204.70754917707174,204.96840332217448,107047700
2017-05-19,207.21163940429688,207.88116166219422,206.3073604567212,206.35952860998304,115011400
2017-05-22,208.2637939453125,208.42900198055088,207.65514323726882,207.7246919459678,61010600
2017-05-23,208.72467041015625,208.8898784770401,208.25513029716078,208.63771460624068,48341700
2017-05-24,209.2116241455078,209.31596051262738,208.62035377410842,208.9594735024371,46927700
2017-05-25,210.21151733398438,210.48976529357435,209.51592397019533,209.72459667229487,64071700
2017-05-26,210.16802978515625,210.3332245671098,209.94195002574028,210.02020228049588,46629900
2017-05-30,209.98538208007812,210.23753260177276,209.68975367048063,209.8462581458245,35201900
2017-05-31,209.9333038330078,210.31588818226626,209.23769713141013,210.2811005500095,91796000
2017-06-01,211.60267639160156,211.62007020151847,210.1071271608948,210.39406532037117,68962000
2017-06-02,212.3070068359375,212.46352461486995,211.3592496925739,211.65487817016762,88666100
2017-06-05,212.1504669189453,212.42001126633144,211.95047127548702,212.1330731091686,44698800
2017-06-06,211.47232055664062,212.1418298655889,211.39405502191178,211.58534718663805,50375400
2017-06-07,211.86355590820312,212.08962239390854,211.14186528727782,211.81138773977813,54144300
2017-06-08,211.96791076660156,212.44614113160335,211.43751222861636,211.9592204936351,65950700
2017-06-09,211.64617919921875,213.0373790017962,210.37669627762057,212.23743613010615,132256400
2017-06-12,211.60267639160156,211.65484455376279,210.75056545192572,211.4026940141203,86108100
2017-06-13,212.637451171875,212.68961934924857,211.79403025741988,212.14182695163927,60067000
2017-06-14,212.36785888671875,212.91563789329288,211.54181870580695,212.90694762155346,78602300
2017-06-15,211.95924377441406,212.08097394727648,210.733238504275,211.01147321327753,66464900
2017-06-16,212.00550842285156,212.17152212336774,211.12303068025076,212.11909955105568,84553100
2017-06-19,213.77049255371094,213.8316477816918,212.7394663393128,212.83557883953387,65123800
2017-06-20,212.32879638671875,213.42097778453336,212.31133108360427,213.41224513297612,56906400
2017-06-21,212.27635192871094,212.83554821345143,211.80453547970438,212.72197042574658,55977600
2017-06-22,212.18028259277344,212.78316891798806,212.00553621805898,212.28514108343714,44148100
2017-06-23,212.43368530273438,212.76569942927958,211.8570102423165,212.24146028259509,66986800
2017-06-26,212.57350158691406,213.52589415656666,212.36381123434887,213.1064867868441,56700500
2017-06-27,210.86090087890625,212.65208095191173,210.84342224433726,212.35499749340605,82247700
2017-06-28,212.7482147216797,212.94917237630065,211.64728728268415,211.88320220993936,70042600
2017-06-29,210.87841796875,212.94918991102128,209.66391262442085,212.89676733004643,106949700
2017-06-30,211.27159118652344,212.06670251511287,211.07936617670416,211.69098514781385,86820700
2017-07-03,211.62982177734375,212.65210201808634,211.62982177734375,212.21522943662578,39153800
2017-07-05,212.11911010742188,212.32880040710555,211.18419641368985,211.99678632184217,54427600
2017-07-06,210.17941284179688,211.4725520189999,209.99592048156632,211.3502282229441,65400800
2017-07-07,211.54244995117188,211.6909850346267,210.18814223082148,210.7560846076361,57972300
2017-07-10,211.7696075439453,212.1453248908913,211.23662246964494,211.5424386047802,36663300
2017-07-11,211.61228942871094,211.9268381408142,210.4414744073282,211.76955711861768,50354600
2017-07-12,213.20252990722656,213.3685436038304,212.58217837309738,212.58217837309738,59610400
2017-07-13,213.56076049804688,213.6743516192722,212.9840855734601,213.2112678159107,39471600
2017-07-14,214.556884765625,214.91512352340024,213.4647031862819,213.56081569855587,60262700
2017-07-17,214.5306396484375,214.86266706254005,214.35589328975448,214.47821707406186,33531900
2017-07-18,214.64422607421875,214.69664864744482,213.77921361911146,214.1199736773733,42742500
2017-07-19,215.8062744140625,215.81500706411677,214.9499947463001,214.9587407286445,51034300
2017-07-20,215.90248107910156,216.1820726579984,215.35201724287572,216.05974884242553,47135200
2017-07-21,215.71017456054688,215.73638584453403,215.0985423814042,215.3257246190141,82340800
2017-07-24,215.6577606201172,215.7975496962107,215.18593082489073,215.63153600278994,46622300
2017-07-25,216.18202209472656,216.5140495160354,215.9548531567374,216.4091910327157,54915600
2017-07-26,216.19070434570312,216.50525305774536,215.9285915292427,216.4703091263139,47575400
2017-07-27,215.98980712890625,216.68880594357,214.66171071427445,216.6538620023689,70766600
2017-07-28,215.7363739013672,215.86743031404765,215.05485389084836,215.5091916763341,50088400
2017-07-31,215.61410522460938,216.23445684617343,215.4044015784546,216.13834434155586,65838700
2017-08-01,216.0946502685547,216.2519179912297,215.57039786171953,216.21697405251055,55050400
2017-08-02,216.1995086669922,216.33931109502183,215.26459492837407,216.22571995571107,47211200
2017-08-03,215.7800750732422,216.11208911345005,215.50047026855043,216.08587782954655,40856000
2017-08-04,216.1732940673828,216.5053081635014,215.7888440623362,216.26940656864448,60191800
2017-08-07,216.5751495361328,216.5751495361328,216.1382770751604,216.24313553175062,31995000
2017-08-08,216.04220581054688,217.48389320613168,215.66650182194394,216.26064208269986,61719400
2017-08-09,216.0334930419922,216.0859156189669,214.99373415768284,215.35197287673438,62632600
2017-08-10,212.9840850830078,215.32572871125976,212.93166251403724,215.1946589565421,120479500
2017-08-11,213.2986602783203,213.89281390900854,212.97537884138708,213.21129376329955,74869900
2017-08-14,215.41311645507812,215.63155273552076,214.5481173171926,214.58306125585472,73291900
2017-08-15,215.3868865966797,215.81502646905696,215.0810838298028,215.7975478350867,55242700
2017-08-16,215.76260375976562,216.31306740499556,215.3344638876655,215.91113881768817,56715500
2017-08-17,212.398681640625,215.46553530797297,212.398681640625,215.15098655573962,128490400
2017-08-18,212.06668090820312,213.35981993426535,211.62106237070964,212.2326812795031,136748000
2017-08-21,212.232666015625,212.49479219548203,211.29776575062752,212.00549710363762,65469700
2017-08-22,214.4520263671875,214.60929410540695,212.80064845441382,212.81812709164726,63140100
2017-08-23,213.68312072753906,214.11126066865043,213.33362798577426,213.48216306763896,50203800
2017-08-24,213.18505859375,214.22480399946565,212.97535498306485,214.06753629067032,50741700
2017-08-25,213.68312072753906,214.60055584003857,213.53458564567435,213.9801908912685,64445900
2017-08-28,213.69186401367188,214.24231440838597,213.27245673009799,214.21610311969926,40565600
2017-08-29,213.93649291992188,214.19860578390683,212.25889059666528,212.3724817259202,51135700
2017-08-30,214.95005798339844,215.22093020225122,213.73555265404883,213.9190450174918,62030800
2017-08-31,216.24317932128906,216.48782688239191,214.98498424573597,215.5703918621101,103803900
2017-09-01,216.54896545410156,216.9771053192541,216.40043039858935,216.61886665651164,62007000
2017-09-05,214.99371337890625,216.2693870686034,214.02385580172935,216.04220481394543,91398800
2017-09-06,215.72764587402344,216.05967325683554,215.1422382948435,215.67522330458812,57916900
2017-09-07,215.70147705078125,216.05098313630353,215.29081573297626,216.03350449895393,58034700
2017-09-08,215.4480743408203,215.91115819009667,215.20342677260987,215.41311706976592,63832800
2017-09-11,217.7460174560547,217.82465131357796,216.70625867671842,216.72372397908455,71364800
2017-09-12,218.47994995117188,218.51489388656896,217.92948630955624,218.11297863419188,56896000
2017-09-13,218.58480834960938,218.6197656194183,218.07803459571625,218.1916257241572,59228000
2017-09-14,218.514892578125,218.7158635354014,218.0867660436909,218.26151238421244,95446300
2017-09-15,218.80906677246094,218.89686685756087,218.26466069008939,218.3700261515919,95432400
2017-09-18,219.2744903564453,219.62571756038795,218.888132393033,219.17790086559222,46235200
2017-09-19,219.49398803710938,219.58180152825435,219.16910223709678,219.52032940476136,47108100
2017-09-20,219.57298278808594,219.6871376316229,218.57197075575138,219.58177217510004,59574100
2017-09-21,218.98468017578125,219.50274489238603,218.80906660725753,219.41494480735238,48211400
2017-09-22,219.028564453125,219.1954020155708,218.659771977513,218.68611334016705,51214000
2017-09-25,218.580810546875,219.1252301608865,217.83444934788628,218.77398953919203,57064400
2017-09-26,218.71246337890625,219.2568694266264,218.47537770715965,219.01100776646533,54082000
2017-09-27,219.56423950195312,219.9505974313564,218.52809656414811,219.41496728349418,81001400
2017-09-28,219.82763671875,219.90666081217725,219.19541717441996,219.2832172565205,44778800
2017-09-29,220.60035705566406,220.6793945539898,219.6344756830918,219.818865249452,85578000
2017-10-02,221.55746459960938,221.55746459960938,220.65302859708862,220.82865556360926,59023000
2017-10-03,222.03163146972656,222.05797283606884,221.4784359796249,221.55747347710866,66810200
2017-10-04,222.2950897216797,222.54095144100893,221.76823552399773,221.8823903931359,55953600
2017-10-05,223.6121826171875,223.6297345959484,222.33017804941576,222.62872246983622,63522800
2017-10-06,223.35751342773438,223.64728183527401,222.9009208447531,223.1643344893746,80646000
2017-10-09,222.98873901367188,223.64729997555423,222.72531194922752,223.58584125297622,35803100
2017-10-10,223.57704162597656,223.95462352736135,223.0150701668452,223.5594896480193,43057400
2017-10-11,223.9282684326172,223.9282684326172,223.3136142803864,223.48043845149104,47674300
2017-10-12,223.59461975097656,223.9634122859535,223.35753405047097,223.61218512839181,47065100
2017-10-13,223.86688232421875,224.1478748437374,223.594679194973,224.03371995787535,54800400
2017-10-16,224.1654052734375,224.35858426241688,223.75271932257374,224.09517054877182,38221700
2017-10-17,224.3234405517578,224.36734729836132,223.8931758725759,224.11269620713563,31561000
2017-10-18,224.5429229736328,224.7448778957607,224.3497440399607,224.70097115657055,40888300
2017-10-19,224.60438537597656,224.63951612728752,223.33995969635575,223.76143492289603,61903800
2017-10-20,225.7635040283203,225.78987219631168,224.58689152400248,225.40351422263336,89176400
2017-10-23,224.8853759765625,226.114711163555,224.80635187972666,226.08836979794305,63915300
2017-10-24,225.28053283691406,225.51760513750224,224.92051629363363,225.3156635915282,66935900
2017-10-25,224.1654052734375,225.0610520952092,223.03268610938525,224.94689722032334,103715300
2017-10-26,224.4552001953125,225.05228921451797,224.3322693149784,224.78009947784355,69798000
2017-10-27,226.2903289794922,226.4484039824023,224.4639316285266,225.20151672008473,85562500
2017-10-30,225.44740295410156,226.1937775150859,225.14885848909145,225.20154123015686,54285700
2017-10-31,225.79859924316406,226.05325032139146,225.50005481903153,225.82494061009004,60304800
2017-11-01,226.09718322753906,226.9225819315256,225.7284040260501,226.58014410157156,54202700
2017-11-02,226.1849822998047,226.3254785379996,224.9556737117461,226.02693408067947,56449500
2017-11-03,226.9401092529297,226.98400259656225,225.9302943802501,226.34299363866583,59589700
2017-11-06,227.29127502441406,227.42298181666416,226.7380797000578,226.8083143902892,49652600
2017-11-07,227.13333129882812,227.73042022947897,226.6240290721003,227.39674500443346,57502200
2017-11-08,227.51963806152344,227.61624094116135,226.67668749709352,226.95767995087525,50469600
2017-11-09,226.69427490234375,226.8874538720574,225.10492299879465,226.3079169629165,95085500
2017-11-10,226.62399291992188,226.7996198935873,225.99177333040575,226.30789652362077,59984700
2017-11-13,226.83470153808594,227.06301122201046,225.90393762242473,225.93906837308495,50228600
2017-11-14,226.3079376220703,226.4133031066388,225.24543979319404,226.02694513194177,61315200
2017-11-15,225.17514038085938,225.8600426307149,224.46389676742908,225.3331885623081,80811500
2017-11-16,227.0894317626953,227.45823778093717,226.07964340365962,226.12353675960526,67777000
2017-11-17,226.42201232910156,227.0630212716927,226.34298823430197,226.7381355052124,75756800
2017-11-20,226.8083953857422,227.00157434899702,226.42203745923254,226.66792595511632,48075500
2017-11-21,228.29238891601562,228.4768053153521,226.7733251488569,227.58114508120178,69176800
2017-11-22,228.0903778076172,228.43281553629973,227.923540238263,228.3011087175757,45033400
2017-11-24,228.6172332763672,228.72262554125498,228.44163309538325,228.58212931831912,27856500
2017-11-27,228.50314331054688,228.95973601352,228.30117493198543,228.6611915388546,52274900
2017-11-28,230.8211669921875,230.84750835245785,228.87182594145887,228.96842879372193,98971700
2017-11-29,230.68072509765625,231.48857166425947,230.23292186766633,230.95292815015088,77512100
2017-11-30,232.7003173828125,233.61350257626265,231.52369173989916,231.6027158356643,127894400
2017-12-01,232.21737670898438,232.96375118498352,228.96849192656907,232.48081718123322,164390900
2017-12-04,231.9364013671875,234.27207398270193,231.88369183740713,233.84182273198832,94040600
2017-12-05,231.1022186279297,232.8232504663681,230.97051179280436,231.1022186279297,77994500
2017-12-06,231.14613342285156,231.5764115200741,230.68075136428126,231.19881616179032,75898600
2017-12-07,231.8749542236328,232.19105065488048,230.88271798624396,231.8749542236328,77218600
2017-12-08,233.139404296875,233.14816688909153,231.8398341601033,232.83207044326272,76563900
2017-12-11,233.841796875,233.90326898885155,233.11300128632516,233.841796875,83077500
2017-12-12,234.25454711914062,234.72871856268947,233.87697856081323,234.63211567746802,85195800
2017-12-13,234.2281951904297,234.93943892523032,234.14038169789177,234.50039825945632,102905400
2017-12-14,233.27105712890625,234.64086167078423,233.21837440013493,234.5267068261424,100666700
2017-12-15,235.2136688232422,235.6814297056942,234.22519502892033,234.27814705833822,144610300
2017-12-18,236.70518493652344,237.05820740084656,236.5110185410626,236.6169225869708,83653600
2017-12-19,235.79612731933594,236.9964090238402,235.72550666972617,236.9522913182487,82382900
2017-12-20,235.67254638671875,236.81987603073307,235.37247597111323,236.76692401232535,76751500
2017-12-21,236.15794372558594,236.8728498262972,235.91082533376795,236.29915808289405,67032300
2017-12-22,236.0961456298828,236.21088395975687,235.55776429752316,236.17557364274634,78720900
2017-12-26,235.81373596191406,236.0343783267174,235.54897589770303,235.69016330936063,45244400
2017-12-27,235.92852783203125,236.29038462447807,235.6549333923085,235.981479856888,57751000
2017-12-28,236.41392517089844,236.45806981323372,236.0432610050545,236.43159380138772,45116100
2017-12-29,235.5225372314453,237.01408217926866,235.32839775396488,236.99644048146766,96007400
2018-01-02,237.208251953125,237.2435622831173,235.99913575631692,236.38746858456201,86655700
2018-01-03,238.7086639404297,238.85871266303565,237.37597487301915,237.37597487301915,90070400
2018-01-04,239.71473693847656,240.20016642095098,238.77040785424893,239.35290707288476,80636400
2018-01-05,241.31222534179688,241.4357710973059,240.0148467725548,240.50908366237172,83524000
2018-01-08,241.75344848632812,241.91230453166736,240.92383100437848,241.21506708750042,57319200
2018-01-09,242.30067443847656,242.92729133603828,241.89467301514344,242.17710176166534,57254000
2018-01-10,241.9299774169922,242.19476446057965,240.87091004430349,241.54164463350688,69574300
2018-01-11,243.695068359375,243.695068359375,242.31826219392283,242.4859525414737,62361500
2018-01-12,245.28375244140625,245.45141588442488,243.65980069307454,243.95989805566307,90816100
2018-01-16,244.4452667236328,247.19887915543404,243.74802930215662,246.54578636770452,106555100
2018-01-17,246.7752685546875,247.1636013265169,244.44529885759744,245.38082046230835,113258800
2018-01-18,246.3604736328125,247.08416018383002,245.86620991262484,246.66054404350461,100728000
2018-01-19,247.4813995361328,247.4813995361328,246.3605455922851,246.94301795536694,140920100
2018-01-22,249.49366760253906,249.49366760253906,247.21662235628645,247.26960132531224,91322400
2018-01-23,250.02310180664062,250.3143378681458,249.21112607870234,249.53767245895654,97084700
2018-01-24,249.926025390625,251.26754827284492,248.74338548869366,250.66738054106474,134816100
2018-01-25,250.03195190429688,250.8880454765253,249.23764466696517,250.7909757507329,84587300
2018-01-26,252.92672729492188,252.97087192533644,250.61439977182803,250.87035243981435,107743100
2018-01-29,251.24990844726562,252.79440525454027,251.09105238265022,252.3531204524618,90118300
2018-01-30,248.67271423339844,251.30275329445254,248.19611930892123,249.4140691526545,131796400
2018-01-31,248.79632568359375,250.03191754228914,247.71958986375583,249.52887341924054,108364800
2018-02-01,248.51388549804688,249.8200979361876,247.71957840661423,248.06379340876774,90102500
2018-02-02,243.10374450683594,247.3224250313871,243.06843419043827,247.19001807836568,173174800
2018-02-05,232.93658447265625,243.4568257933746,232.3893956385142,241.33866417280788,294681800
2018-02-06,237.52593994140625,238.0290110334515,228.32074628425286,229.41512387350136,355026800
2018-02-07,236.23739624023438,240.3766225268729,236.15794128128965,236.96991709393592,167376100
2018-02-08,227.3764190673828,236.67871054920792,227.34110874054193,236.53749617573212,246449500
2018-02-09,230.79197692871094,232.65418607049958,223.21952727425176,230.17416736414123,283565300
2018-02-12,234.1810302734375,235.6549334560519,230.93318038986496,232.84834146844216,143736000
2018-02-13,234.7635040283203,235.31069284858867,232.38938974640575,232.97188889072277,81223600
2018-02-14,237.93191528320312,238.29377202093067,233.26311494915726,233.2719492632603,120735700
2018-02-15,240.96800231933594,240.97683663511486,237.2082468064873,239.67945810841988,111200300
2018-02-16,241.0386505126953,242.98914936833674,240.29729503475434,240.3414396897351,160420100
2018-02-20,239.52940368652344,241.53285408042603,238.73509636819446,240.0854268895204,86369700
2018-02-21,238.33787536621094,242.45948665527047,238.2408056524626,239.97063427773688,98883700
2018-02-22,238.64682006835938,240.9856241766119,237.9760854716206,239.26462957645055,110511300
2018-02-23,242.45068359375,242.45068359375,239.39700036559773,239.87359548385058,92766400
2018-02-26,245.26608276367188,245.36317942383232,242.93611306034282,243.5274196004712,86491400
2018-02-27,242.2035369873047,246.1662922848069,242.14175065930363,245.45138622372036,99099200
2018-02-28,239.75003051757812,243.75690411099282,239.43231838445774,243.30678498851844,121907800
2018-03-01,236.26385498046875,241.0915109992205,234.76347612640865,239.53818013232367,176855100
2018-03-02,237.48179626464844,238.04665368969444,233.72206839798824,234.58696929599878,139083200
2018-03-05,240.22657775878906,240.84438713964866,236.18439464515035,236.29032560229226,97307400
2018-03-06,240.83560180664062,241.28572093092131,239.33522268162986,241.2062659634352,79213200
2018-03-07,240.74729919433594,241.10032159591879,238.47028181032627,238.66444817127925,87063500
2018-03-08,241.912353515625,242.03589926461066,240.429642924463,241.4269240336175,66901200
2018-03-09,246.12217712402344,246.12217712402344,243.0067075503226,243.32444660817592,113625300
2018-03-12,245.81333923339844,247.04012422475856,245.42500635367966,246.4135071872598,71924800
2018-03-13,244.2247314453125,247.4814163662056,243.61575609042063,246.97834508453067,91968900
2018-03-14,242.9713897705078,245.37198005774283,242.4153935706246,245.18664799111508,105895100
2018-03-15,242.70663452148438,244.12755861714484,242.20356339670718,243.4833000613749,83433000
2018-03-16,242.9698944091797,244.0243610563833,242.91673029602376,243.23571497495934,100343700
2018-03-19,239.68238830566406,243.1470600120227,238.02537728126694,242.21666113961905,109208400
2018-03-20,240.0900421142578,240.7280384811627,239.40772429415247,240.0811724152647,59757300
2018-03-21,239.6291961669922,242.14572931049537,239.4165397734384,240.0456662988744,78709600
2018-03-22,233.63916015625,238.2468868330823,233.36444291252553,237.39623417673425,148785900
2018-03-23,228.65921020507812,234.41004566160512,228.4642661719457,234.08219138810017,183534800
2018-03-26,234.91513061523438,235.1986905206336,229.86435162889532,232.27455674126682,141956100
2018-03-27,230.91876220703125,236.3860100315991,229.35921014628045,235.85436913975627,129941400
2018-03-28,230.2365264892578,232.72650507922,229.1288958346585,231.0517545494191,146452300
2018-03-29,233.1783447265625,235.04803889006126,230.24534161174782,231.37955405153937,111601600
2018-04-02,228.1453399658203,233.1606949725297,225.6642445173411,232.6467391892501,186286300
2018-04-03,231.06947326660156,231.54797729425644,227.58708888268856,229.38588003361113,119956900
2018-04-04,233.54168701171875,234.25055975602498,227.37440760261674,227.50731786195394,123715300
2018-04-05,235.38473510742188,236.2708393166049,234.2150710612792,235.3049619318515,82652600
2018-04-06,230.13902282714844,234.91511121117597,228.61492226371996,233.41761973833164,179521200
2018-04-09,231.27317810058594,234.67581471728545,230.3339098854333,231.60103230224743,105442900
2018-04-10,234.95053100585938,235.7391767500302,233.02769997153587,234.17075495734375,103529000
2018-04-11,233.71890258789062,235.3847831679727,233.39104829023276,233.46192474306693,91140200
2018-04-12,235.64173889160156,236.58987709883664,234.87083238279263,235.04806408121883,68890500
2018-04-13,234.95053100585938,237.06833309406684,233.94038624610417,236.95313521756952,85079200
2018-04-16,236.8822479248047,237.65318137210718,235.76577490790555,236.58984540750555,63405300
2018-04-17,239.41653442382812,240.01907888660645,238.14054200749845,238.65447062768973,64682000
2018-04-18,239.59373474121094,240.40006579043967,239.13294323678886,239.8595551924122,57303900
2018-04-19,238.26461791992188,239.1418525961378,237.22786390477262,238.9380388552426,77655900
2018-04-20,236.2442626953125,238.4152291228504,235.3581583643596,238.19370304011218,99953100
2018-04-23,236.2088165283203,237.3784806289151,235.1277682611201,236.82023062446052,65558000
2018-04-24,233.02769470214844,237.45821574875117,231.52130672960175,237.23668969642102,112885500
2018-04-25,233.6037139892578,234.04676620194712,231.14034476837557,232.96571772131472,103840900
2018-04-26,235.9783935546875,236.81133361737412,234.18847291027186,234.63152498439229,67731900
2018-04-27,236.19996643066406,236.89112672168028,235.26069801061018,236.58985449654583,57053600
2018-04-30,234.38343811035156,237.3784747290615,234.3125346286959,236.82022473848178,82182300
2018-05-01,234.79989624023438,234.90622441555632,232.25675451893468,233.8163065349993,74203400
2018-05-02,233.22267150878906,235.42019295022632,232.83278343851634,234.60499210638935,86368900
2018-05-03,232.708740234375,233.36444885682891,229.54534094074646,232.38975562077937,136311500
2018-05-04,235.72146606445312,236.40378371087323,231.40614226864932,231.73399654675637,91222100
2018-05-07,236.51901245117188,237.49370571588946,235.80124296594832,236.49243039925707,55304900
2018-05-08,236.51901245117188,236.882291480087,234.95059026291256,236.1468366826027,67499200
2018-05-09,238.80516052246094,239.13301485772064,236.6696454523691,237.19244385748092,59666100
2018-05-10,241.03810119628906,241.36598252854432,239.44312414564342,239.5494523434519,72063900
2018-05-11,241.7736358642578,242.03945641693699,240.64826576046374,241.16222155133048,59871500
2018-05-14,241.8888397216797,242.86353313327135,241.33943216304834,242.20782439272438,54790600
2018-05-15,240.22283935546875,240.67473408147407,239.2747014293603,240.65702173358744,87036100
2018-05-16,241.23306274414062,241.6938543570929,240.23176040585443,240.25836949899676,53942600
2018-05-17,241.029296875,242.11034546091818,240.24952057804086,240.96726306915923,56536400
2018-05-18,240.42666625976562,241.0469500824416,240.0722299504181,240.68364407678934,64368000
2018-05-21,242.23435974121094,242.77489749638747,241.52548702550746,241.9153751316726,58025900
2018-05-22,241.5608673095703,243.01409126380685,241.23301306280507,242.75711345887365,52966400
2018-05-23,242.2254638671875,242.25207295686752,240.12540095605803,240.2849202853492,64694200
2018-05-24,241.72926330566406,242.10143904249645,239.93934219858906,241.82674884888,76043800
2018-05-25,241.1532745361328,241.7824010036127,240.6481886062128,241.15327453613284,56374800
2018-05-29,238.37979125976562,240.28493731566547,237.26331812614362,239.5228734849536,115908600
2018-05-30,241.5608673095703,242.0039194358489,239.62032387488537,239.6912003167174,69678400
2018-05-31,240.08108520507812,241.4545359618413,239.47854081125658,241.15326376493053,93519900
2018-06-01,242.43820190429688,242.73947419586642,241.3128318579852,241.3837353629215,71258400
2018-06-04,243.59007263183594,243.84705045682625,243.0229799276507,243.26221835948164,45385200
2018-06-05,243.7672882080078,244.14830655115196,242.95206038751343,243.7229667697954,51135000
2018-06-06,245.80528259277344,245.91161076270495,243.75838419633496,244.3786679099385,62732200
2018-06-07,245.77874755859375,246.58510572380365,244.86606120311572,246.2927032005663,72969400
2018-06-08,246.5053253173828,246.55848940512718,245.14958699639402,245.31794895483577,72139700
2018-06-11,246.83328247070312,247.55102499631073,246.6117563321387,246.7269542508746,58892500
2018-06-12,247.15225219726562,247.51553120606124,246.50538624748145,247.24971070163508,72329000
2018-06-13,246.36358642578125,247.64844852430954,246.1597726943209,247.39147069625224,79070600
2018-06-14,246.98390197753906,247.51554301174895,246.3902001003225,247.23201014075755,77097600
2018-06-15,246.66873168945312,247.00696761060067,245.08438487185177,246.1969887371106,120041600
2018-06-18,246.16143798828125,246.28606268998453,244.72841689781526,245.2090423276186,52917600
2018-06-19,245.21792602539062,245.44044682940643,243.46446100321893,243.88280120129596,97531500
2018-06-20,245.6362762451172,246.30383868440023,245.29804026310413,245.90329035555632,53785500
2018-06-21,244.09649658203125,245.64526038255792,243.59805198235634,245.62744132765945,71061400
2018-06-22,244.54141235351562,245.47601586878525,244.31889158747708,245.3603007243365,54898500
2018-06-25,241.21258544921875,243.54459945689817,239.52143253368837,243.3843909746579,137854200
2018-06-26,241.74658203125,242.60105422502414,241.02561687350598,241.78219296191847,68547400
2018-06-27,239.74395751953125,243.76712451239197,239.5926313971148,242.334103346676,105110700
2018-06-28,241.11473083496094,241.8801896018081,238.97850871785917,239.69059181129063,76650500
2018-06-29,241.46176147460938,243.58016376710427,241.3460463163026,242.20942807845768,97592500
2018-07-02,241.97801208496094,242.13824770919948,239.64599838566832,239.886338240434,63554800
2018-07-03,241.12362670898438,242.97501569244608,240.696403992181,242.87709237771588,42187100
2018-07-05,243.0906982421875,243.1530106080444,241.17702409790436,242.2540447196248,56925900
2018-07-06,245.14675903320312,245.52057881482605,242.73461368749187,243.11737015768867,66493700
2018-07-09,247.35415649414062,247.40755932186144,246.1080452420086,246.15253854404656,50550400
2018-07-10,248.24420166015625,248.34212493804236,247.51432690931017,247.80806957978464,51966800
2018-07-11,246.42840576171875,247.4787245137484,246.12578075289048,246.68653747870061,77054700
2018-07-12,248.66256713867188,248.71596996360918,247.08712947664853,247.6923796013956,60124700
2018-07-13,248.85836791992188,249.1609929596388,248.03059703217986,248.48454817334755,48216000
2018-07-16,248.63589477539062,249.04532553547426,248.19085307345935,248.90293609446329,48201000
2018-07-17,249.64166259765625,250.03330142013854,247.8080931847557,247.86149600935,52315500
2018-07-18,250.1667938232422,250.27359946617253,249.27671058124298,249.72175220224258,44593500
2018-07-19,249.22335815429688,249.8820111943409,248.7427055007346,249.49928184205535,61412100
2018-07-20,248.9384765625,249.6505594596149,248.77826809684353,249.0185807953282,82337700
2018-07-23,249.40135192871094,249.60605370360264,248.38664392673996,248.7337894526311,47047600
2018-07-24,250.65635681152344,251.50194685139243,249.7840925211196,250.81659245704824,68026900
2018-07-25,252.79257202148438,253.11298897786784,250.36263478282748,250.40712808348502,78882900
2018-07-26,252.19613647460938,252.88149066704878,251.97361570474436,252.07153896833853,57919500
2018-07-27,250.48716735839844,252.62336110483997,249.56147344177546,252.5254378509468,76768700
2018-07-30,249.17892456054688,250.72766139370256,248.6537513121213,250.56745285852028,63742500
2018-07-31,250.40704345703125,251.02120291239487,249.5614808879904,249.94421006649873,68570500
2018-08-01,249.9888153076172,251.11923863095856,249.33907179804575,250.61188456441278,53853300
2018-08-02,251.3506317138672,251.51972254776774,248.47565292657882,248.6803818607328,63426400
2018-08-03,252.42764282226562,252.48104565006872,251.29721958632726,251.47524712112974,53935400
2018-08-06,253.35328674316406,253.66479412235896,252.07156480431772,252.46320357247535,39400900
2018-08-07,254.18995666503906,254.57271309764826,253.88733162666713,254.02086584160622,43196600
2018-08-08,254.08314514160156,254.48369345077717,253.6203116518387,254.0208599610143,42114600
2018-08-09,253.73602294921875,254.53709239218122,253.60251590258892,254.14545361327808,35717000
2018-08-10,252.0359649658203,252.83703442206476,251.3238821000155,252.29409670237354,77076000
2018-08-13,251.09251403808594,252.92608353368468,250.7987713263825,252.31192385996408,65732900
2018-08-14,252.69467163085938,252.93501153311388,251.43076841522844,251.8224072839791,43842000
2018-08-15,250.80767822265625,251.4841502418511,249.3657475823198,251.3417336502739,102925400
2018-08-16,252.83709716796875,253.7093887088599,252.21402790116213,252.2496388440858,69967900
2018-08-17,253.7270965576172,254.1721381255865,252.22285388482632,252.63228452166726,65618500
2018-08-20,254.27008056640625,254.53709466204705,253.7271156876917,254.18106681346475,39807500
2018-08-21,254.86648559570312,255.72986760766776,254.30572868977274,254.7863813467403,67272000
2018-08-22,254.71510314941406,255.24024894041966,254.18993019522682,254.45697143411246,44993300
2018-08-23,254.37693786621094,255.40052832496048,254.05649372317913,254.53714635613224,49204900
2018-08-24,255.90780639648438,256.05022295519547,254.9020081252743,254.95541093939332,57487400
2018-08-27,257.9283752441406,258.03518090962405,256.9492780385584,257.10948653678355,57072400
2018-08-28,258.0530090332031,258.49805076382086,257.59014824891807,258.3912179313917,46943500
2018-08-29,259.44146728515625,259.67287045187334,258.0262382219883,258.2665509131429,61485500
2018-08-30,258.3911437988281,259.3346298239958,257.79480326227804,258.96081008891326,61229500
2018-08-31,258.400146484375,258.8451882477614,257.49227106581634,257.98180614026404,66140800
2018-09-04,257.955078125,258.3111060663628,256.9492794973367,257.9817795415224,57594400
2018-09-05,257.26080322265625,257.8037682198416,256.2461222746419,257.59903925972424,72452400
2018-09-06,256.4864807128906,257.6702798903636,255.45398052852303,257.3676547409584,65909900
2018-09-07,255.98794555664062,256.96704255442506,255.19575843378354,255.43609829330347,73524800
2018-09-10,256.4330749511719,257.2697556571931,256.2372554845883,257.00271429556415,50210900
2018-09-11,257.2786865234375,257.72372838019015,255.4362338805129,255.78335240391635,50530500
2018-09-12,257.3409118652344,257.9461620665437,256.548751753001,257.28750903354177,59810800
2018-09-13,258.8628234863281,259.04976047132317,258.12406655797736,258.4088996333418,51034200
2018-09-14,258.9074401855469,259.2545585551112,258.1241625186905,259.06764866380735,55079900
2018-09-17,257.5367126464844,258.8896295566743,257.260788981664,258.8540457802503,68244000
2018-09-18,258.93414306640625,259.53048368215195,257.7236156208061,257.75031703400083,61930400
2018-09-19,259.2100524902344,259.62839271610574,258.8629069745772,258.9875316714344,49080600
2018-09-20,261.3106994628906,261.63114364466634,259.22790735252215,260.47404597108135,100360600
2018-09-21,261.07183837890625,262.1716063167358,260.91090471565553,262.05536735345197,105479700
2018-09-24,260.2046203613281,260.6338042015519,259.6234526702526,260.4907429214773,53409600
2018-09-25,259.9632263183594,260.7679221635766,259.7218257506392,260.6606330223676,44370000
2018-09-26,259.185302734375,261.2953948672929,258.76506882164716,260.1062374002069,79739700
2018-09-27,259.9095764160156,261.0003948061798,259.38205329179306,259.6592259962803,59249500
2018-09-28,259.93634033203125,260.4370410590694,259.24788365388963,259.28362850143293,70091400
2018-10-01,260.8395080566406,261.9124269260284,260.16892353096546,261.17924796261315,62078900
2018-10-02,260.6873474121094,261.4026262482233,260.3118355732981,260.6873474121094,47258200
2018-10-03,260.8305358886719,262.16275496749637,260.4728962961323,261.7425209425706,64694600
2018-10-04,258.7919616699219,260.40135348858934,257.20044228083,260.34770891371056,111545900
2018-10-05,257.3434753417969,259.5340346720849,255.9128898342961,259.0154614097672,105951700
2018-10-08,257.3434753417969,257.7011148971348,255.2691277202282,256.6549912294686,87742200
2018-10-09,256.96795654296875,258.27335330270824,256.40466123751816,256.9590339715251,74339000
2018-10-10,248.83151245117188,256.5298357171457,248.45600045935834,256.4582914327005,214731000
2018-10-11,243.35055541992188,249.36791370421497,241.73218706216363,247.74062277808008,274840500
2018-10-12,246.7303466796875,247.74962070532246,243.5294087611428,247.4634981666313,183186500
2018-10-15,245.34437561035156,247.70484485207984,245.2549589355337,246.37259915541154,102263700
2018-10-16,250.70913696289062,251.08467621493133,246.83764188363472,247.31152041231243,118255800
2018-10-17,250.7538299560547,251.37969225553607,248.16983205916802,250.74488010061455,110626000
2018-10-18,247.13270568847656,250.4141107837629,245.85413127862012,249.8150433637194,134557500
2018-10-19,246.99853515625,249.72556689238658,246.30112861901927,247.78535838515512,139901600
2018-10-22,245.88995361328125,247.99109672553,245.35348051149532,247.66922923615172,82415800
2018-10-23,244.63815307617188,245.7647437651936,240.16758975294675,242.25983740003082,146352700
2018-10-24,237.22593688964844,244.77224863110285,236.6715915011302,244.3877595156465,177806700
2018-10-25,241.48190307617188,243.028727595172,238.03959162211592,239.0678155870735,138061500
2018-10-26,237.2348175048828,242.30444652856062,234.51673561051192,237.76236780248925,201574600
2018-10-29,235.92050170898438,241.63389345263403,232.33512928208398,240.33741946507135,160749100
2018-10-30,239.4164581298828,239.72940291483135,235.25884109026373,235.75061926265252,157116000
2018-10-31,241.9736785888672,244.29837662629882,241.51767246656763,241.99155101647048,128296300
2018-11-01,244.54869079589844,244.7453966149745,241.75011462337562,242.84093284077105,99495000
2018-11-02,243.1002197265625,246.08655169861748,241.0437449516722,245.65736794798062,122634100
2018-11-05,244.4414520263672,244.9957974617316,242.61745471794995,243.59203415853423,65622500
2018-11-06,245.98826599121094,246.14919971828405,244.3162797144845,244.37887414817484,60085900
2018-11-07,251.25460815429688,251.3350750196263,247.7407246513271,248.1699085525704,102752100
2018-11-08,250.79859924316406,251.44236144496693,249.6541361384203,250.44988221103415,65584900
2018-11-09,248.34866333007812,249.67193218897117,246.93595048983707,249.48417622934477,98812600
2018-11-12,243.708251953125,248.0804479122817,243.18965142015946,247.83904735902766,99673600
2018-11-13,243.25222778320312,246.1759656334579,242.52799889106527,244.1731625032146,98176600
2018-11-14,241.5892791748047,245.53229244288414,240.02458184151234,245.12995807173118,125335900
2018-11-15,244.11053466796875,244.57549053537548,238.7369382038994,240.3195071800568,135101400
2018-11-16,244.74542236328125,245.6574072824997,242.49224141933897,243.0108419451645,126668000
2018-11-19,240.60572814941406,244.4325293363869,239.6847931785304,244.1374568711226,103061700
2018-11-20,236.1529541015625,238.72800208534477,235.28566401377674,237.26164470552388,136021300
2018-11-21,236.9576873779297,238.86215138841197,236.9487648074181,237.70873861136033,75563700
2018-11-23,235.3750762939453,236.7788392330528,235.21414261951278,235.31248188072928,42807900
2018-11-26,239.17506408691406,239.39859218419156,237.2437780520992,237.63718968619915,79981400
2018-11-27,239.9797821044922,239.9797821044922,237.52992266199405,238.1379125944736,75502400
2018-11-28,245.5054473876953,245.5054473876953,239.91724314408683,241.05278370952635,127629600
2018-11-29,244.96893310546875,246.3726688814421,243.58304246891586,244.7275052865201,82346400
2018-11-30,246.4620819091797,247.02537709680527,244.49505096649693,244.8169183387713,98204200
2018-12-03,249.72560119628906,250.7091303675243,248.12515952588734,250.60184123723448,103176300
2018-12-04,241.63388061523438,249.323252856149,241.3209358121576,248.89406907311695,177986000
2018-12-06,241.26730346679688,241.383542452638,234.6508767053619,237.76239789607098,204185400
2018-12-07,235.6613006591797,242.50125764056205,234.82083250343803,240.92761049174274,161018900
2018-12-10,236.10829162597656,237.0828709650908,231.23536764425768,235.48240196893363,151445900
2018-12-11,236.16192626953125,239.5058981078353,234.68664618122926,239.31814213307055,121504400
2018-12-12,237.3511199951172,240.51628619708956,237.27065313652687,239.1482950287529,97976700
2018-12-13,237.2707061767578,239.16622092146068,236.1530651918003,238.29893042568736,96662700
2018-12-14,232.8895263671875,236.07256526381167,232.33518088204497,235.11585816595442,116961100
2018-12-17,228.32054138183594,233.050389941161,226.68431406433325,231.9327494491296,165492300
2018-12-18,228.07022094726562,230.63633313117353,226.46081569882102,229.96574874791114,134515100
2018-12-19,224.65472412109375,231.93280004725392,222.94697944544566,228.15070761718408,214992800
2018-12-20,220.99778747558594,224.97658541676014,218.74462013016148,223.40295231055254,252053400
2018-12-21,216.46963500976562,224.5726410343925,215.8221135995942,221.90161864812129,255345600
2018-12-24,210.74986267089844,216.59553190691585,210.6869164457219,214.9767284508546,147311600
2018-12-26,221.39801025390625,221.39801025390625,210.22828499689444,212.21581893001292,218485400
2018-12-27,223.09774780273438,223.29558861864206,214.9048161356882,218.1514117819056,186267300
2018-12-28,222.80996704101562,226.09253018844487,221.6408302615388,224.45574967537402,153100200
2018-12-31,224.76144409179688,225.00426799798245,222.5580795905889,224.4376834577965,144299400
2019-01-02,224.99534606933594,225.92167260119314,221.19116755605708,221.21814647494412,126925200
2019-01-03,219.6262969970703,223.5473926222731,219.14064909646268,223.24160872373565,144140700
2019-01-04,226.9828643798828,227.63038583409028,222.28834069825123,222.66605925941474,142628800
2019-01-07,228.77256774902344,230.18451487245952,226.35335730024957,227.25269122334788,103139100
2019-01-08,230.921875,231.40752282118186,228.43073084711983,230.9668581465904,102512600
2019-01-09,232.0010986328125,232.84647444430928,230.400285862305,231.63236854945885,95006600
2019-01-10,232.81948852539062,233.0713008374815,229.77973654305444,230.46323886679403,96823900
2019-01-11,232.90945434570312,232.93643325921258,231.15574263112958,231.7403040541585,73858100
2019-01-14,231.48854064941406,232.29793567128937,230.5982088699005,231.00289265809187,70908200
2019-01-15,234.1415252685547,234.45629754053178,231.8572100737753,231.86621219298434,85208300
2019-01-16,234.70816040039062,235.59849213823657,234.36640914269466,234.57323836514863,77636700
2019-01-17,236.4888153076172,237.35219554172227,233.79081382839195,233.83579698700657,96118400
2019-01-18,239.6364288330078,240.10409988077626,236.52474219082225,238.3054326397814,127900300
2019-01-22,236.39883422851562,238.37737927155484,234.78004460820023,238.1615479743089,115531200
2019-01-23,236.8935089111328,238.13459389066648,234.4203410722178,237.43311465599373,86030300
2019-01-24,237.0193634033203,237.60395220982306,235.697341890624,236.71359326748708,59204100
2019-01-25,239.0249481201172,239.85234733316568,237.11836476084255,238.87204929051913,96883400
2019-01-28,237.20828247070312,237.27121497563726,235.43659385709026,236.87553336916727,85613700
2019-01-29,236.8935089111328,237.91873512542915,236.05713510161692,237.35217791108784,66136300
2019-01-30,240.64369201660156,241.4890678644082,237.6489229631272,238.41336207386541,92473700
2019-01-31,242.75717163085938,243.24281957876707,240.36494037437575,240.58079915427368,104012100
2019-02-01,242.8740997314453,243.8993535043957,242.08268154435896,242.95503648528486,85782500
2019-02-04,244.58287048339844,244.64583045122558,242.24459656056942,242.9190970702992,60744800
2019-02-05,245.6080780029297,245.91384821607897,244.51088961669234,245.01451437311366,79552800
2019-02-06,245.28427124023438,245.82387696403768,244.54683844470665,245.3292543937522,58347800
2019-02-07,242.94606018066406,244.21409676113956,241.28228706380753,243.66551628474147,95482000
2019-02-08,243.24285888671875,243.34177244914335,240.86860404259372,241.69600336734794,75788900
2019-02-11,243.37774658203125,244.1601627189718,242.84714285060596,243.8993756369875,68021400
2019-02-12,246.50743103027344,246.8851359042388,244.92459456091356,244.9965566434261,72270200
2019-02-13,247.30775451660156,248.15313035310444,246.92104762950575,247.3437355477572,65277200
2019-02-14,246.7592010498047,247.89237036807685,245.4011982919063,246.2195953056042,83234400
2019-02-15,249.44822692871094,249.4842079676425,248.333061731253,248.53989095275435,97088700
2019-02-19,249.87989807128906,250.53639417032937,248.63881305462507,248.6478151750467,59120800
2019-02-20,250.38351440429688,250.84218340260153,249.34028395344964,249.84390866137753,76610800
2019-02-21,249.4932098388672,250.1047502726354,248.53091602822263,249.74502222015357,64214700
2019-02-22,251.0400848388672,251.23791195456795,249.4752251474258,250.11374454903205,78114600
2019-02-25,251.38180541992188,252.9916208085363,251.3008686612308,252.47001921514072,69030700
2019-02-26,251.2019805908203,252.0833103496463,250.82424823311223,251.03110493441616,56844100
2019-02-27,251.09405517578125,251.44478115210777,249.54719965095632,250.48248721815676,56921600
2019-02-28,250.62637329101562,251.31887798296515,250.3026262497095,250.8781856938627,69268300
2019-03-01,252.1912384033203,252.60492433569402,250.7522985938318,252.20921520194733,78880500
2019-03-04,251.27378845214844,253.49514341909753,248.9714967591342,253.25233324090217,106494600
2019-03-05,250.93211364746094,251.5976393400359,250.38353318875386,251.3997848009715,59114600
2019-03-06,249.4122314453125,251.05802767384998,249.0884844501514,251.04902555326564,75039800
2019-03-07,247.32582092285156,249.1064844531069,246.4804448738546,248.96258773779974,94885100
2019-03-08,246.83119201660156,247.0020676653609,244.99657049122945,245.46421427202134,85795800
2019-03-11,250.41049194335938,250.57236543169935,247.52363828601088,247.55061720073422,65098900
2019-03-12,251.3547821044922,251.8764110512473,250.77922277362813,250.96807517721766,79667500
2019-03-13,253.01846313476562,253.9537775838606,252.08314868567066,252.24504956114268,80639200
2019-03-14,252.85667419433594,253.46821454230516,252.41600945028273,253.045526592432,67518400
2019-03-15,254.10589599609375,254.91885592443595,253.22065703577186,253.41036881993827,81309000
2019-03-18,255.02731323242188,255.32541607571335,254.09692030992045,254.3227441024342,62199800
2019-03-19,255.0904998779297,256.8609503412382,254.19624665831537,256.0931716521908,90268100
2019-03-20,254.3227081298828,256.0841444888969,253.21167287034876,254.87373244019506,84609200
2019-03-21,257.1951904296875,257.60165663220636,253.4555359682626,253.50071725723708,79550400
2019-03-22,252.2451934814453,256.3551757596033,252.18195619928713,255.83127665436504,122659300
2019-03-25,252.0554962158203,253.09428016560244,250.79088846972115,251.90192390511692,85575200
2019-03-26,253.9343719482422,254.8918627670506,252.52523347654736,253.81693914787013,68125900
2019-03-27,252.60647583007812,254.51244287560738,251.05280711465497,253.92527899209728,72224700
2019-03-28,253.56394958496094,254.01559711676163,252.08256001517105,253.2387765939257,56238500
2019-03-29,255.16278076171875,255.4879537288871,253.95236877329938,255.08148751992667,82186800
2019-04-01,258.1888732910156,258.4869761654388,256.8971676788719,257.16817279801876,77617900
2019-04-02,258.3153076171875,258.5501731705819,257.5204034977414,258.37854489177516,40070400
2019-04-03,258.7218322753906,259.93224457735374,258.11661234121766,259.53479247027536,68243200
2019-04-04,259.40826416015625,259.6611856698603,258.35142439568375,259.04695165577573,48997500
2019-04-05,260.6639099121094,260.71810542034405,259.7877124404715,260.076773528645,58621700
2019-04-08,260.8625793457031,260.97097033864685,259.57988827432314,260.23930356989985,53566300
2019-04-09,259.52569580078125,260.22122305785626,258.974699058107,259.8960500752374,66142300
2019-04-10,260.41094970703125,260.50128472947773,259.52571059326135,259.94121861686097,52601500
2019-04-11,260.33868408203125,260.90776442976176,259.76960373430074,260.89872265713745,55093100
2019-04-12,262.1000671386719,262.38008636907847,260.38381223949034,261.955536638079,69727800
2019-04-15,261.9284362792969,262.27169276898394,261.1244905464641,262.17231599052894,49596700
2019-04-16,262.1000671386719,262.86787336278246,261.50388916111683,262.81367787085696,52153200
2019-04-17,261.4587707519531,263.2472773597952,261.04323516923716,263.2201796101727,58268300
2019-04-18,261.9736328125,262.244637880087,260.74516471851695,262.04591185707466,68708500
2019-04-22,262.1994323730469,262.35300465380254,261.1154949019298,261.2058299161169,40160100
2019-04-23,264.55706787109375,264.7919334135166,262.3349696892673,262.56980766531194,52246600
2019-04-24,263.9699401855469,264.8099980227635,263.82540965983554,264.47578324234695,50392900
2019-04-25,263.8072814941406,264.4666967374674,262.6149530998589,263.8705187571393,57770900
2019-04-26,265.0357971191406,265.1080485920783,263.0756347817953,263.8524828393526,50916400
2019-04-29,265.45135498046875,265.9752816316039,265.03584690867245,265.12618194159734,57197700
2019-04-30,265.5868225097656,265.87588356545854,263.68992480193225,265.10807719656526,81111700
2019-05-01,263.59051513671875,266.42687470507894,263.58147336536217,266.21910692851003,71671900
2019-05-02,263.0215148925781,264.3945413704682,261.522041409105,263.4731625358031,65030200
2019-05-03,265.5959167480469,265.8759360865708,263.12991064779754,264.5029371503766,56543700
2019-05-06,264.5029296875,264.9455355520882,260.96200007164197,261.27815893194105,107198100
2019-05-07,260.0858154296875,262.68731036749074,258.17083375780055,262.09113214704536,144729900
2019-05-08,259.7243957519531,261.44065064289265,259.1282177772611,259.7243957519531,91568300
2019-05-09,258.9385986328125,259.5437909639627,255.9035125049102,257.6468931462025,103471100
2019-05-10,260.2392883300781,260.9980528026272,255.00016092479854,257.9991068637129,112429300
2019-05-13,253.69949340820312,256.0751643518423,252.8594354326118,255.10865937441213,127290500
2019-05-14,255.99383544921875,257.52944820349205,254.59373901814234,254.72018600237837,77003200
2019-05-15,257.4932861328125,258.1346179031768,254.15108340328302,254.3588511897965,73956400
2019-05-16,259.8780212402344,261.24197814828574,258.1256264738724,258.1978779554303,76749600
2019-05-17,258.1979064941406,260.69101016233884,257.54753282271423,257.5656163698874,100353000
2019-05-20,256.4905700683594,258.3061738753465,255.7408199454917,256.5899192647273,62877600
2019-05-21,258.8031005859375,259.18246910932857,257.93591739971197,258.1888389374327,46847100
2019-05-22,258.0082092285156,258.9656999234851,257.5294638810309,257.8456227104374,49482500
2019-05-23,254.85577392578125,255.82227904019695,253.4375935511134,255.7771252973655,98733800
2019-05-24,255.43385314941406,256.71654465141523,254.81057716436655,256.3010089504596,55268100
2019-05-28,253.05812072753906,256.671301184306,253.04006474915175,255.7138105685731,70029400
2019-05-29,251.36000061035156,252.34458928672518,249.95086199403815,251.93812289724318,104972900
2019-05-30,252.04641723632812,252.9587540600144,250.944396170323,252.1186687112762,62523800
2019-05-31,248.65003967285156,250.3211411709932,248.6229419216981,249.4901250913677,86862800
2019-06-03,248.0177764892578,249.80628339187686,246.68088963265612,248.68620613436735,96428000
2019-06-04,253.4013214111328,253.53681013511292,249.86943498539486,250.3210824429106,77231900
2019-06-05,255.5963897705078,255.6234875225482,253.21170489181105,255.0273094112789,71169700
2019-06-06,257.25836181640625,257.93583295275533,255.24403194680585,255.8944053403558,69430400
2019-06-07,259.8328552246094,260.91682047638517,258.1075581081633,258.2791863991342,74272200
2019-06-10,261.0251159667969,262.69621696575706,260.93478096780984,261.3864283963736,60799100
2019-06-11,260.9618835449219,263.2201207295723,260.3115101330877,262.84976652332494,58641300
2019-06-12,260.5013427734375,261.28720526770576,259.9864578405084,260.7271665966817,47096300
2019-06-13,261.576171875,261.9375119528334,260.7090163342307,261.4135853798016,48945200
2019-06-14,261.2872009277344,261.8923933268012,260.5193944281804,261.2872009277344,52324700
2019-06-17,261.38653564453125,262.15434210139864,261.2149073459474,261.5220244154178,39205700
2019-06-18,264.12347412109375,265.1803414868671,262.84982475880395,263.21116484150195,85434800
2019-06-19,264.7197265625,265.2526674979412,263.2834902992494,264.2590371240738,78674400
2019-06-20,267.2489318847656,267.65542579275825,264.7829533798564,267.4115459877935,116570000
2019-06-21,266.8603820800781,268.2400584370373,266.64254573436114,266.97838600082514,83309500
2019-06-24,266.53363037109375,267.38683196762946,266.3793111576169,267.0691631935938,47582700
2019-06-25,263.9195251464844,266.61536118144767,263.8106069552464,266.58813163363817,82028700
2019-06-26,263.6561279296875,265.3262704842174,263.5472098044589,264.8179674328578,51584900
2019-06-27,264.5911560058594,265.09945926962877,264.03747940443037,264.4186930020322,40355200
2019-06-28,265.95269775390625,266.45191528725695,265.0540951136945,265.57145644264745,59350900
2019-07-01,268.36712646484375,269.5108225885334,267.1598855119605,269.2929585599338,78705600
2019-07-02,269.0661315917969,269.12059069308435,267.47767650317616,268.3218202735903,61504500
2019-07-03,271.21734619140625,271.23551769193983,269.60166157002885,269.7468950720071,40898900
2019-07-05,270.9086608886719,271.072065846248,268.68484102103844,269.9828287311762,51677300
2019-07-08,269.42010498046875,270.72717862564934,268.8754863449011,269.59256801007274,45841800
2019-07-09,269.7558898925781,270.0554148453789,268.20375064534943,268.25820972767684,41101300
2019-07-10,271.0447998046875,271.9978891745502,270.2914306765405,270.8269634689244,58448500
2019-07-11,271.6802673339844,271.92533327902436,270.6727463039183,271.68935308395305,50826100
2019-07-12,272.8964538574219,272.9690844262217,271.86170370581414,272.17031437209874,40326000
2019-07-15,272.9873046875,273.3322307348053,272.47900136529853,273.3322307348053,33900000
2019-07-16,272.10687255859375,273.1053355042266,271.7982617754811,272.8965571654491,36650100
2019-07-17,270.25518798828125,272.2430281874804,270.25518798828125,272.0796508917685,36036300
2019-07-18,271.24444580078125,271.6256870233958,269.3110932517453,269.7558515944249,51392600
2019-07-19,269.7377624511719,272.3700531582219,269.5652994465301,272.34282361540744,58678600
2019-07-22,270.4003601074219,270.9449786699642,269.6197614047901,270.1371227237771,43638100
2019-07-23,272.33380126953125,272.33380126953125,270.69088716952155,271.52597284433176,44564500
2019-07-24,273.61358642578125,273.61358642578125,271.4805132009349,271.5712875786743,47213200
2019-07-25,272.3065490722656,273.2142375691732,271.49869301379965,273.15977847539506,55394100
2019-07-26,274.1309509277344,274.33064346071836,272.86925090105194,272.99634055860923,45084100
2019-07-29,273.6317443847656,274.1309896379485,273.07806774266277,274.01298571082435,38126500
2019-07-30,272.9600524902344,273.36852334403153,271.8435858035198,272.2248271137605,45849000
2019-07-31,269.9737854003906,273.3957887926122,267.94965776248415,273.2051542622302,104245200
2019-08-01,267.6228332519531,273.09619296523925,266.8240630615481,270.1280619945052,142646600
2019-08-02,265.6077880859375,266.96932075211555,264.04656285403524,266.72425484436656,116749700
2019-08-05,257.6202087402344,261.6049476556498,255.71405696522774,261.49602944572837,178745400
2019-08-06,261.23272705078125,261.45059111694167,258.0376736517805,259.5172102699318,120711700
2019-08-07,261.3870544433594,262.15859519661495,256.004468369037,258.1465998999586,140572300
2019-08-08,266.51556396484375,266.51556396484375,262.33113216090277,262.8848089972405,87713900
2019-08-09,264.7000732421875,266.1705239429332,262.91192607759484,265.57144630550897,93730000
2019-08-12,261.47784423828125,264.6910417239846,260.5247546514729,263.1933611738068,65527600
2019-08-13,265.54425048828125,266.996557578567,260.83334511879997,261.1782711690439,94299800
2019-08-14,257.6927795410156,262.0859888967514,257.56571754542455,261.4778530669701,135622100
2019-08-15,258.3735656738281,259.2721962631765,256.3222081850271,258.5823440330624,99556600
2019-08-16,262.185791015625,262.6214637046059,258.42794787046034,260.03457401242963,83018300
2019-08-19,265.344482421875,266.0252485798388,264.5366543186565,265.2174204766203,53571800
2019-08-20,263.3113708496094,265.37181390710555,263.1843088555417,264.8362809811604,51596400
2019-08-21,265.4533996582031,265.82552740804687,264.79077736372545,265.48062919356835,49524700
2019-08-22,265.3717041015625,266.79678119813866,263.59264301755974,266.1614160897888,51666400
2019-08-23,258.5550842285156,265.7349038503601,257.3024696205957,264.06476027328546,149161500
2019-08-26,261.4142761230469,261.4142761230469,259.21765786464675,260.7516535759884,72423800
2019-08-27,260.3885803222656,263.1842762508869,259.626125350947,262.8121206636148,66668900
2019-08-28,262.22210693359375,262.3854841923523,258.9181079651836,259.7259639120188,59696700
2019-08-29,265.5713806152344,266.09785524234354,263.78323389294786,264.79078212044664,57899400
2019-08-30,265.4533996582031,267.07814143573296,264.5184820100732,267.0599976456371,62901200
2019-09-03,263.90142822265625,264.6638834772376,262.567124602023,263.74713664162016,69101400
2019-09-04,266.8967590332031,266.91490283272105,265.3264478104966,266.0798448475791,46887300
2019-09-05,270.3277893066406,271.2445358335886,266.8604126707686,269.39287128183264,83258100
2019-09-06,270.53656005859375,271.18103887059044,269.96473954298955,270.6455059524983,49584300
2019-09-09,270.6726989746094,271.61667499074713,269.7286952580193,271.5259283087568,51260300
2019-09-10,270.609130859375,270.6726756916641,268.64852070916135,269.9101931050949,57947100
2019-09-11,272.533447265625,272.61513589911914,270.26422622261396,270.91776299101923,68821100
2019-09-12,273.47747802734375,274.53945806826806,272.6787077091192,273.44116273093675,72908700
2019-09-13,273.29583740234375,274.27615617270385,272.92368191548906,273.9221444777278,62104800
2019-09-16,272.45172119140625,273.3412656901868,271.80727025987915,272.1612542897087,58191200
2019-09-17,273.1415710449219,273.23231771310805,272.0795635627517,272.25202655302246,41475500
2019-09-18,273.3049621582031,273.41388032591254,270.70895912584643,272.7512578717473,73375800
2019-09-19,273.2868347167969,274.6937684777055,272.9509944120725,273.6953056120019,76560500
2019-09-20,271.9956359863281,274.1750431104357,271.2023046326576,273.89233463485203,89565000
2019-09-23,271.93170166015625,272.6520945849487,271.0745323137871,271.32985757685236,43476800
2019-09-24,269.79791259765625,273.41807706188865,268.8313220903832,273.025975367656,94869400
2019-09-25,271.3937683105469,271.8405806831163,268.3936747972442,269.880043908086,71854000
2019-09-26,270.828369140625,271.61257260947514,269.41496622426945,271.4028580125534,56179700
2019-09-27,269.3693542480469,271.6946650125197,267.8100471947587,271.5852160335148,84746600
2019-09-30,270.61859130859375,271.3298565264053,269.8435156465378,269.8890985107647,51662400
2019-10-01,267.3997802734375,272.1597967306999,267.1809378983291,271.5032417769954,88242400
2019-10-02,262.67620849609375,265.822206321161,261.38135419445393,265.8130786140701,122539500
2019-10-03,264.8282165527344,264.8555718411189,259.7216827034496,262.44819514979883,85278800
2019-10-04,268.41192626953125,268.6672515970183,265.4300603849655,265.4847987957739,65091200
2019-10-07,267.2538146972656,269.24173451863544,266.9711340848841,267.60946130351056,59610500
2019-10-08,263.10479736328125,266.13224635638005,263.0683143627302,265.3936256083809,95708100
2019-10-09,265.6033935546875,266.54262925166006,264.5000260648572,265.1292257658601,62359400
2019-10-10,267.3997802734375,268.28430531067295,265.35717723008116,265.5213090114124,55296300
2019-10-11,270.1718444824219,272.4150618159164,270.044195734655,270.1627167760195,98720400
2019-10-14,269.87091064453125,270.5274653905415,269.524391774641,269.8526552334609,40394800
2019-10-15,272.542724609375,273.29047295885005,270.80103030537066,270.91957916911326,46754500
2019-10-16,272.10498046875,272.7980181586341,271.66729588850194,272.0776251824845,48928200
2019-10-17,272.9075012207031,273.78289840817706,272.2144633735832,273.27224772978605,45736600
2019-10-18,271.7128601074219,273.0168417105276,270.85569075877567,272.36941476110053,64304000
2019-10-21,273.5549621582031,273.7555769372402,272.59749897502246,273.0352115370247,39048600
2019-10-22,272.66131591796875,274.3847550783772,272.5701223294806,274.09294672656563,48594700
2019-10-23,273.4545593261719,273.50926989599566,272.19616056349037,272.40590296672633,34352200
2019-10-24,273.9014587402344,274.539786029107,273.07164439605043,274.39388185369677,35453100
2019-10-25,275.02301025390625,275.5701438129916,273.27218843050684,273.3268990035785,45205400
2019-10-28,276.57330322265625,277.07485411979883,276.21768435151466,276.24503964929477,42147000
2019-10-29,276.4912109375,277.42134663000076,276.17204727494345,276.2997238713171,44284900
2019-10-30,277.33929443359375,277.7131408765633,275.3787294789943,276.6918393686742,49643900
2019-10-31,276.6006774902344,277.33019852837,275.14169107072746,277.33019852837,69053800
2019-11-01,279.1629943847656,279.2085772595945,277.88633994908105,278.0504995208856,71141500
2019-11-04,280.2845764160156,280.8590653203467,279.91070224290536,280.7222888736897,60606900
2019-11-05,279.9744873046875,280.7860737811903,279.6826790550438,280.48513782738075,42933200
2019-11-06,280.0383605957031,280.3119134712227,279.08999757995224,279.97452231529195,46487100
2019-11-07,281.0232238769531,282.363688838868,280.54905620716414,281.3788705005756,54272300
2019-11-08,281.71624755859375,281.7709581397297,279.97455318343856,280.67669086026507,49032100
2019-11-11,281.17822265625,281.35148209428297,280.19337660549724,280.33018087748087,35797300
2019-11-12,281.7709655761719,282.67371801711306,280.9958618851258,281.542995539298,46484600
2019-11-13,281.8622131347656,282.26344270277133,280.5491032446341,280.7770733251656,53917700
2019-11-14,282.2724914550781,282.3545851581734,280.94115421786375,281.5794814590841,51219900
2019-11-15,284.3150634765625,284.36064634368927,282.9198882363906,283.61289808990614,62023600
2019-11-18,284.52484130859375,284.76193905844303,283.6220888432052,284.07802892930033,49228000
2019-11-19,284.4427490234375,285.1357867950369,283.79532195323753,285.12665908908264,67804700
2019-11-20,283.3849792480469,284.3698253767361,281.82567201072436,283.85004702150417,79406200
2019-11-21,282.92901611328125,283.60382628077144,282.1265850365531,283.4944051261436,54664700
2019-11-22,283.55816650390625,283.8134917633045,282.54599317040936,283.67671534369225,44850200
2019-11-25,285.7558288574219,285.7558288574219,284.48833013833155,284.48833013833155,48647200
2019-11-26,286.4032897949219,286.5856769464181,285.47318211038436,285.79234571131667,37569000
2019-11-27,287.67987060546875,287.67987060546875,286.6676694818349,286.8865117449492,44444600
2019-11-29,286.6130065917969,287.3607548863061,286.3850365870102,287.1145294709798,36592700
2019-12-02,284.1783142089844,286.9321819618244,283.7497294692286,286.86834367905055,75767800
2019-12-03,282.2724914550781,282.3545851581734,280.06575705912854,281.45180487949045,73941700
2019-12-04,284.0141296386719,284.61597376246,282.9746009363967,283.3211197799446,49080000
2019-12-05,284.52484130859375,284.7345837664123,283.2117316343698,284.71635618118324,40709000
2019-12-06,287.1237487792969,287.5249783419981,286.4307108385623,286.43983854674417,48927000
2019-12-09,286.2209167480469,287.40634969081657,286.1479507595981,286.731567353705,34838500
2019-12-10,285.9017639160156,286.8318715909403,285.2452091371359,286.16621693444034,52649800
2019-12-11,286.7133483886719,286.9686736991754,285.8196958877238,286.3577017981286,53429100
2019-12-12,289.1845703125,289.9687739215484,286.4854127307955,286.7224826578886,96389600
2019-12-13,289.3578186035156,290.58886238329086,288.17235770032045,288.9474614007992,81503900
2019-12-16,291.345703125,291.93841964706013,289.2939728213028,291.0903778003415,82749700
2019-12-17,291.40948486328125,292.0295565559266,291.3274190064636,291.72864841426184,61097700
2019-12-18,291.42779541015625,292.02963969319137,291.373084823369,291.80166963878605,48133000
2019-12-19,292.62237548828125,292.69534149437374,291.3639762527727,291.6193016173413,85310500
2019-12-20,293.90521240234375,295.0414939498362,292.6772889314625,293.65777641267516,147142100
2019-12-23,294.35430908203125,294.748338708172,294.2076875540074,294.6933591308127,52990000
2019-12-24,294.36346435546875,294.6291896420127,294.0610487325802,294.58338265197284,20270000
2019-12-26,295.9303894042969,295.93956198687215,294.73912820752435,294.74827282490884,30911200
2019-12-27,295.85711669921875,296.7185006570414,295.3256381550197,296.6635210823034,42528800
2019-12-30,294.2259216308594,296.07699342963247,293.7402501912701,295.93954452506745,49729100
2019-12-31,294.9407043457031,295.1881403562621,293.3737307946574,293.7219533538211,57077300
2020-01-02,297.6990051269531,297.71735029463804,295.5547178974124,296.4802539792737,59151200
2020-01-03,295.44476318359375,296.57190037053346,294.24432922039875,294.299308793889,77709700
2020-01-06,296.57183837890625,296.65430772190325,293.5661398420069,293.68527154806566,55653900
2020-01-07,295.738037109375,296.48028939421766,295.2889999253754,296.00376242060156,40496400
2020-01-08,297.31414794921875,298.5328990962051,295.6830220422805,295.9304301191349,68296000
2020-01-09,299.3301696777344,299.403494427551,298.29467431686163,298.8811604546013,48473300
2020-01-10,298.4687194824219,300.07235545551816,298.0013931580216,299.9165893357821,53029300
2020-01-13,300.5214538574219,300.530598477089,298.661236867712,299.09192887839345,47086800
2020-01-14,300.0632629394531,301.13539265854723,299.50426661844074,300.0815801434285,62832800
2020-01-15,300.7413330078125,301.5019023922084,299.8891216822957,299.9715910397463,72056600
2020-01-16,303.2428894042969,303.2428894042969,301.8958345284781,302.12492530351403,54050300
2020-01-17,304.1869201660156,304.39766590457515,303.1789145733436,303.9578292570083,95846000
2020-01-21,303.5911865234375,304.39759079860585,303.1513499843944,303.22464675250427,77742400
2020-01-22,303.6278381347656,305.10319771439003,303.4720720211028,304.4525595814496,48914900
2020-01-23,303.97601318359375,304.3883878250803,301.8592163496941,302.97718061408506,51963000
2020-01-24,301.27276611328125,304.71830123070856,299.980690444246,304.635831885688,87578400
2020-01-27,296.44354248046875,297.92804662680606,295.6738006255231,296.01285058916926,84062500
2020-01-28,299.54998779296875,300.4296886579807,296.5351449549885,297.87302743211717,63834000
2020-01-29,299.30267333984375,301.14457311721316,299.10107223005605,300.91548221814526,53888900
2020-01-30,300.2739562988281,300.484729951174,296.48022631294674,297.231623057657,75491800
2020-01-31,294.821533203125,299.806551092775,293.90517003172147,299.65075704895514,113845600
2020-02-03,297.01171875,298.88110802964894,296.18699723301154,296.3061289566686,69083000
2020-02-04,301.5384521484375,302.409008316175,300.31052889854396,300.6312615900885,62573200
2020-02-05,305.0207824707031,305.231556171701,303.0139718620642,304.4801312883504,65951100
2020-02-06,306.047119140625,306.23954766256264,304.9657888604678,305.98296697824674,50359700
2020-02-07,304.416015625,306.0562864230658,303.86619184212464,304.98415661339817,64139400
2020-02-10,306.6885681152344,306.75272027996516,303.4904680460931,303.5271304209676,42070000
2020-02-11,307.219970703125,308.8327511042264,306.68846432551175,308.0446920849093,54864500
2020-02-12,309.1993713378906,309.41011703621217,308.29215249510275,308.6586922864908,43992700
2020-02-13,308.86944580078125,309.84078876893074,307.49490069884985,307.7697985331595,54501900
2020-02-14,309.3642883300781,309.48342004608406,308.0813851676903,309.28181898019517,64582200
2020-02-18,308.56707763671875,309.42846152545053,307.17418728122385,308.3654765571178,57226200
2020-02-19,310.04248046875,310.7205806350666,309.25442113656584,309.53849163679035,48814700
2020-02-20,308.76861572265625,310.31727188973275,305.772089925145,309.4925225726859,74163400
2020-02-21,305.5888977050781,307.7240122691576,304.7641482162331,307.4124520475645,113788200
2020-02-24,295.45391845703125,305.6621928380794,294.37258832295646,296.11370126545256,161088400
2020-02-25,286.50103759765625,297.4607370329087,285.6213364835221,296.84678915931295,218913200
2020-02-26,285.4471740722656,291.5043221918887,284.714094602618,287.90302105729336,194773800
2020-02-27,272.6273193359375,285.50221558469656,272.6273193359375,279.91239252884566,284353500
2020-02-28,271.4818115234375,272.9754882391308,261.658395419346,264.5541069238748,384975800
2020-03-02,283.2388000488281,283.30295220755625,269.8323971344277,273.2687603709201,238703600
2020-03-03,275.1289978027344,287.5915483325636,272.68232265580184,283.6145336717941,300139100
2020-03-04,286.69354248046875,286.9134887914965,277.9605972724039,280.5172599034387,176613400
2020-03-05,277.163330078125,282.6706843315886,274.9182560092787,279.4725842766159,186366800
2020-03-06,272.58148193359375,273.79108847879223,265.95619165209234,268.6319574415611,228667200
2020-03-09,251.29434204101562,260.4213135582314,250.57957971674915,252.27482961295138,309417300
2020-03-10,264.2975769042969,264.38919088350326,250.6254209763318,260.83372394140366,276444100
2020-03-11,251.41348266601562,258.359533828628,248.2245555047277,257.2232520093365,255316300
2020-03-12,227.3589324951172,244.35747701671542,226.96488894698197,234.5890394404426,392220700
2020-03-13,246.79498291015625,248.77433109216642,227.73462252812922,241.08602920049,329566100
2020-03-16,219.78977966308594,235.41376534127508,217.50802963275152,221.0085307501589,297240000
2020-03-17,231.6566925048828,234.7448469668352,217.24229875738123,224.54570289092214,262070500
2020-03-18,219.92724609375,227.59720432683827,208.9492149746977,216.49088287353516,327597100
2020-03-19,220.39454650878906,226.6899722952671,212.79790041262768,219.23993370981958,289322000
2020-03-20,210.89682006835938,225.34066945746974,210.62029170829544,223.55246866918182,347158800
2020-03-23,205.5045623779297,211.70794809546493,201.18154415651045,210.33454690571875,326025200
2020-03-24,224.1239776611328,224.99965325237764,215.50560549655268,216.0770871962549,235494500
2020-03-25,227.47915649414062,236.29111690961022,220.99002898483698,225.7093944461487,299430300
2020-03-26,240.76162719726562,242.23640785401722,229.56233225861644,229.99555681218766,257632800
2020-03-27,233.59036254882812,240.40210846129074,231.40581506771846,233.4521053910937,224341200
2020-03-30,241.1763916015625,241.89535699591625,233.69177028351132,235.6919703231692,171369500
2020-03-31,237.58152770996094,242.72489040419927,236.17124857366713,240.17164803132644,194881100
2020-04-01,226.88922119140625,237.49859440441708,224.8152794471893,228.57602883114748,189554600
2020-04-02,232.1248016357422,232.90828237588337,225.45131227100063,226.00436908212768,177660400
2020-04-03,228.76959228515625,233.49818374298073,226.03198818481752,231.13848720921038,135561200
2020-04-06,244.13522338867188,246.10778618843887,228.75119418632232,237.66453441780317,188061200
2020-04-07,244.38404846191406,253.5093852537286,244.16283704114784,252.7535420599355,201427200
2020-04-08,252.5877227783203,254.4035755113223,244.49474059557332,246.99268087012769,153774500
2020-04-09,256.431396484375,259.19665225611317,253.91500360542418,255.8598866626546,189999200
2020-04-13,254.09014892578125,255.795395679431,250.17270309182473,255.45435195462855,114839100
2020-04-14,261.5839538574219,262.60708486359886,253.95185000102325,258.9938335234627,134143400
2020-04-15,256.0257873535156,261.7222066904495,253.90574134911725,255.8506522622504,121775000
2020-04-16,257.26104736328125,258.11827016722106,254.18239835832003,257.30712372191005,131798300
2020-04-17,264.21099853515625,264.8193300820858,260.3027510489938,263.04958204992425,146684800
2020-04-20,259.55609130859375,264.34921201872885,259.3348798735403,260.4962680372042,100109300
2020-04-21,251.67514038085938,256.28389976601466,250.73493546332134,255.0764070574748,126385700
2020-04-22,257.26104736328125,259.01237093585087,255.24240777358756,256.56973320597916,92951600
2020-04-23,257.2425842285156,261.72231441957894,256.9384183882742,258.54225816883513,104709700
2020-04-24,260.8280944824219,261.50098338829105,256.707863024315,258.7633795586813,85063200
2020-04-27,264.58892822265625,265.71346690631225,262.34907737780065,262.80995342635407,77896600
2020-04-28,263.37213134765625,268.5984478924174,263.06793752484685,268.24817773506373,105270000
2020-04-29,270.266845703125,271.8061836334451,267.6859518357042,268.7183093826725,118745600
2020-04-30,267.7505187988281,270.3682909831344,266.0083940965527,268.88425570382896,122901700
2020-05-01,260.66229248046875,267.91647723618763,259.49164927346874,262.98509771927183,125180000
2020-05-04,261.3811950683594,261.6853608206869,257.28861435013727,258.7726214184617,80873200
2020-05-05,263.796142578125,266.6167007575491,261.5101880508397,264.2109421284769,79569900
2020-05-06,262.0080261230469,265.888594464788,261.5748015245883,265.5014743476536,73632600
2020-05-07,265.1695861816406,267.105270843854,264.6626338763726,265.2341155672962,75250400
2020-05-08,269.5571594238281,270.0272619493122,267.1790234909967,268.312788587313,76452400
2020-05-11,269.6124572753906,270.9950852614183,267.1974715605378,267.6214695999542,79514200
2020-05-12,264.2385559082031,271.21619446805045,264.100270658034,270.80142310642634,95870800
2020-05-13,259.5652770996094,264.7178655832084,257.1318391773218,263.6762816905457,144721100
2020-05-14,262.6716003417969,262.8006309608718,251.62900412320758,257.1226648696853,121977900
2020-05-15,263.8791198730469,263.92519621393427,259.3256634598591,260.2750667451396,111146300
2020-05-18,271.91680908203125,273.52987489861954,269.7967909749408,270.11938163455005,119703800
2020-05-19,269.1239013671875,273.0321203926456,269.1054764559933,271.317675373618,95189300
2020-05-20,273.6957702636719,274.56221925365764,272.4422012490064,272.67263921166995,85861700
2020-05-21,271.80621337890625,274.3779091376315,270.70932633280484,273.56676293920657,78293900
2020-05-22,272.3223876953125,272.49752280932586,270.2760973212516,271.5204680309544,63958200
2020-05-26,275.6775817871094,278.5442451969563,272.3408439751787,278.3045806702521,88951400
2020-05-27,279.7793273925781,279.81620534149,273.6404569266907,278.4796539573574,104817400
2020-05-28,279.26312255859375,282.8302972503383,278.59023366952,280.81165871274743,90405200
2020-05-29,280.507568359375,281.09747499717514,276.0370656455134,278.79309505494115,119090800
2020-06-01,281.6413269042969,282.24968663129556,279.34617330716014,279.86235220346686,55758300
2020-06-02,283.9733581542969,284.01946263441334,281.2265550582553,282.56307864811095,74267200
2020-06-03,287.7525329589844,288.71116291644955,285.6878174779567,285.9643318264377,92567600
2020-06-04,286.99664306640625,288.50832960554146,284.89504996954486,286.76620510346254,75794400
2020-06-05,294.3522033691406,296.13117751305407,292.3427912854571,292.4073206597043,150524700
2020-06-08,297.9102783203125,298.1038383774425,294.61961670089926,295.16344704307255,73641200
2020-06-09,295.6889343261719,297.98408859928827,294.3708071313003,295.2372565616431,77479200
2020-06-10,294.038818359375,297.1635704015303,293.31985309484145,296.2694700481049,95000800
2020-06-11,277.08782958984375,287.72485456232124,276.5348009447045,287.088843490775,209243600
2020-06-12,280.4061584472656,284.8950860328973,275.2351434064616,284.12081775495204,194678900
2020-06-15,283.02392578125,284.1576908095664,273.52066540074225,274.70050677483175,135782700
2020-06-16,288.4715576171875,290.9418748658686,283.5955087835538,290.79439113985444,137627500
2020-06-17,287.2732238769531,289.78961689513534,286.53580541924,289.4946495120501,83398900
2020-06-18,287.3837890625,287.86308989515436,285.2914225013562,285.7522984237817,80828700
2020-06-19,285.7414855957031,291.0556161654006,283.78801540239226,290.86120433450185,135549600
2020-06-22,287.5744934082031,287.9725840908727,283.9916207573374,285.13961370398266,74649400
2020-06-23,288.8984069824219,291.16664813411967,288.49104915719107,290.23157290982795,68471200
2020-06-24,281.52899169921875,287.47269234301496,279.68664255613027,286.85238846256306,132813500
2020-06-25,284.5472106933594,284.81570303400036,278.92754705680494,280.955069665358,89468000
2020-06-26,277.7886047363281,283.6582507480677,277.2053695853277,283.44530479384156,127961000
2020-06-29,281.8715515136719,282.0104170904512,276.75183339130206,279.04784785660627,79773300
2020-06-30,285.48223876953125,287.1857509340437,281.27908935722047,281.43646094902624,113394800
2020-07-01,287.48199462890625,288.7503757834535,286.13958949233705,286.6024936608288,72396500
2020-07-02,289.0650939941406,292.27764946199494,288.3985109841315,290.92594919645614,69344200
2020-07-06,293.5274658203125,294.1107294816476,292.1480207030375,292.89792305234755,61713800
2020-07-07,290.5000305175781,293.96254336558655,290.1204458505552,291.9813289550433,82910000
2020-07-08,292.7220153808594,292.83310783880313,289.50022108680014,291.26848979810916,54638600
2020-07-09,291.0556640625,293.57386416825307,287.63016150753225,293.3331449309564,83354200
2020-07-10,294.0274658203125,294.29595814851194,289.5558239922794,290.99081561063673,57550400
2020-07-13,291.4814453125,298.76755120134084,290.82412941270053,296.3789785176982,102997500
2020-07-14,295.25872802734375,296.0364034313033,288.8521236231709,290.05566283689916,93657000
2020-07-15,297.9713439941406,299.073057898437,295.5827432633352,298.48979427223054,87196500
2020-07-16,296.9900817871094,297.44371885779617,295.416196220363,296.0642733957127,54622500
2020-07-17,297.85101318359375,298.6379557988609,296.0179027889811,297.99914588498484,62774900
2020-07-20,300.258056640625,301.0079588586028,296.83255574724603,297.5824579652238,56308800
2020-07-21,300.8968200683594,302.6743553284833,299.9061988824474,302.22998564015904,57292200
2020-07-22,302.60968017578125,302.9244798533065,300.42478620141566,300.5358786742239,57792900
2020-07-23,298.9989929199219,302.9522118119583,297.62881493687297,302.2485885751996,75738000
2020-07-24,297.0733337402344,298.10096725984846,295.56426188414656,297.13814709374793,73766600
2020-07-27,299.2397766113281,299.4156824584517,296.9715348479527,297.7677447223166,48293000
2020-07-28,297.3418273925781,299.62857474108495,297.0455619923725,298.50832649407437,57495000
2020-07-29,300.9987487792969,301.5635064567835,298.18428402153864,298.22132425942874,48454200
2020-07-30,299.9248046875,300.34142966237613,295.9253348944349,298.01764213127547,61861700
2020-07-31,302.29486083984375,302.39671442605913,297.4899143784568,301.72086431902517,84986800
2020-08-03,304.3964538574219,305.1648621508035,303.4150995292858,303.96132291921657,53077900
2020-08-04,305.57220458984375,305.57220458984375,303.5354155660307,303.5354155660307,41917900
2020-08-05,307.4701232910156,307.7293766896875,306.6091285143018,306.87762078191065,42697700
2020-08-06,309.52545166015625,309.64581125004264,306.5628822900345,306.88692081970754,43679400
2020-08-07,309.74761962890625,310.0346178766964,307.64601718121753,308.5533192811668,57308300
2020-08-10,310.67340087890625,310.858545528964,308.25702727961016,310.2012297524352,44282100
2020-08-11,308.10894775390625,312.4972976931631,307.37757964188273,311.8584877954249,69601100
2020-08-12,312.4046936035156,313.1823690322383,310.5253042540805,310.55307736748404,53774400
2020-08-13,311.8399658203125,313.15462590528705,310.914157613645,311.6362868847087,41816100
2020-08-14,311.8492431640625,312.38622776344647,310.7197559847732,311.45115240297025,47260400
2020-08-17,312.83984375,313.23793448435885,311.8584893449453,312.86761686510823,35481000
2020-08-18,313.51568603515625,313.94154987395524,311.6362683640285,313.23792663760884,38733900
2020-08-19,312.2102966308594,314.41369632346203,311.64553896028053,313.8952460130352,68054200
2020-08-20,313.182373046875,313.66378310318254,310.34940242970504,310.47900087610935,42207800
2020-08-21,314.2934265136719,314.51561147493777,312.5065949387306,312.84916775858676,55106600
2020-08-24,317.4781188964844,317.55217111130275,314.26556373207285,316.73745548119877,48588700
2020-08-25,318.589111328125,318.672430675208,316.8763605178446,318.04288788385406,38463400
2020-08-26,321.783203125,322.0516671941321,318.6354605017545,319.1816840177018,50790200
2020-08-27,322.48681640625,323.94034232488855,320.82037264515805,322.65348338510256,58034100
2020-08-28,324.5697326660156,324.6993593382538,322.3200261700171,323.51432631434625,48588900
2020-08-31,323.39410400390625,325.23645353103154,323.1626519224713,324.35695257363545,66099200
2020-09-01,326.4399719238281,326.5417972626103,323.3292417281404,324.2272767983935,54908700
2020-09-02,331.1615905761719,332.1336778441025,327.20837164549533,328.3563929777579,69540000
2020-09-03,319.76495361328125,329.93957814920583,317.17267332949916,329.4674068584017,148011100
2020-09-04,317.154052734375,322.02378359273916,310.025319846639,320.4499269477994,139156300
2020-09-08,308.4884948730469,317.21888632629816,308.1829906456316,311.72882307371316,114465300
2020-09-09,314.5803527832031,317.05224467136924,311.6362614536504,312.5065233571741,91462300
2020-09-10,309.11810302734375,317.1170709136093,308.15525462087976,316.4597550247516,90569500
2020-09-11,309.27545166015625,311.9695566218667,306.4424811341146,310.9048829574324,84680200
2020-09-14,313.3490295410156,315.12659368293913,309.4236118882733,312.450994473845,65605700
2020-09-15,314.9320983886719,316.64482046954066,313.35821359426615,315.8115989768501,52920900
2020-09-16,313.68231201171875,317.60772937455226,313.40455262542565,316.17273809901303,82096000
2020-09-17,310.92340087890625,312.64541870295386,308.28484204168194,308.8125594598112,91523300
2020-09-18,307.3438720703125,311.8427175043129,304.8527807613783,311.73118033622967,105877900
2020-09-21,303.9232482910156,304.07197396170466,299.0526031336653,302.7427755109806,99450800
2020-09-22,307.0185241699219,307.5762383546096,302.8914789163634,305.4104827833405,63612100
2020-09-23,299.8984680175781,307.85510711224754,299.3965224188124,307.5762358389237,93112200
2020-09-24,300.69781494140625,303.7652001614341,297.25860138372207,298.5785239027551,76681300
2020-09-25,305.5592346191406,306.3492990513619,298.96898188268307,299.8426991947917,71069400
2020-09-28,310.63433837890625,311.3500540678067,308.73812155611176,309.7327085120084,64584600
2020-09-29,308.9425964355469,311.1734245990456,308.24546086154606,310.42982466671907,51304000
2020-09-30,311.28497314453125,314.44531523436564,309.41664083080235,309.6118308382536,104081100
2020-10-01,313.283447265625,314.8636042513181,311.39653473476926,313.88762577093473,88698700
2020-10-02,310.3089599609375,313.25553191340913,307.84575345799766,308.31981468995633,89431100
2020-10-05,315.8117370605469,315.9976228708577,312.3260589938609,312.37252335480844,45713100
2020-10-06,311.3221130371094,318.051813596093,310.81089169057145,315.951102906979,90128900
2020-10-07,316.7411804199219,317.54985301201117,314.2593657098586,314.28724999349913,56999600
2020-10-08,319.5483703613281,319.61344315918404,317.76369072876383,318.6839290178844,45242500
2020-10-09,322.4019775390625,322.8667345981165,320.58013781019633,321.2028963840777,59528600
2020-10-12,327.58868408203125,329.0666082622925,324.4562257534408,324.94886714686123,80388500
2020-10-13,325.45074462890625,327.6258040067802,324.48404211656793,327.44919407568426,73255500
2020-10-14,323.4058837890625,327.1239407614078,322.6715879609213,326.02712076253164,57727900
2020-10-15,323.0061340332031,323.4894711297381,318.94416215249316,319.483267822993,60357700
2020-10-16,322.81097412109375,326.0270851078282,322.63436416489975,324.3632468520364,89501900
2020-10-19,317.90313720703125,324.7071590913862,317.00150736477167,324.07509628990033,68425600
2020-10-20,319.1765441894531,322.42984341706637,318.488712858615,319.25089283338775,60051900
2020-10-21,318.5723876953125,321.3051615043332,318.265632147442,319.1300734795861,63575000
2020-10-22,320.31982421875,320.9054226108383,316.6389565111462,318.7861317044582,55399300
2020-10-23,321.4073486328125,321.60253862948804,318.94414221494844,321.5467700590093,49143900
2020-10-26,315.4678649902344,318.8048178502361,311.9635780013349,318.0147250392189,91473000
2020-10-27,314.3802795410156,316.14635076728,314.1664810728045,315.81173928644967,65994100
2020-10-28,303.6351318359375,314.40819871459206,303.14249041237605,308.6916916839952,127094300
2020-10-29,306.72113037109375,309.90005330317524,302.17579195493704,303.86751474171876,90597700
2020-10-30,303.5235595703125,306.4515234799912,299.861271536879,305.14090511981635,120287300
2020-11-02,306.925537109375,308.9332624062215,304.17415521892417,306.925537109375,86068300
2020-11-03,312.3445739746094,314.40809609472535,307.0091729363472,310.16951471824626,93294200
2020-11-04,319.3253173828125,323.4151742045212,315.6537249327258,316.83419775911113,126959700
2020-11-05,325.5530090332031,327.365572873288,324.27027503763776,324.62349493398403,82039700
2020-11-06,325.47869873046875,326.73354858554944,323.14560898928653,325.26490025051436,74973000
2020-11-09,329.5684814453125,338.69631572980416,329.10372444548926,338.31521158596723,172304200
2020-11-10,329.0851745605469,330.1448058667429,325.80399097551134,328.57392479394076,85552000
2020-11-11,331.52984619140625,332.3570990887861,330.03331356077604,331.27885919980673,58649000
2020-11-12,328.313720703125,331.5763248019199,326.50118493331297,330.51666493968696,67546200
2020-11-13,332.8590087890625,333.6026087311802,329.7079423371588,330.2284679699451,62892200
2020-11-16,337.0140075683594,337.2091976293169,334.2440447341139,335.53608323091584,74541100
2020-11-17,335.20135498046875,336.40974027550243,333.0820640633753,334.5971765162108,66111000
2020-11-18,331.16729736328125,336.01936231897963,331.1301088549771,335.47095237920496,70591300
2020-11-19,332.5616149902344,332.9334150256051,329.1874736453594,330.53528068591817,59940900
2020-11-20,330.2842102050781,332.5057623688925,330.20986156340393,332.30126814614187,70417300
2020-11-23,332.2641296386719,333.5282836694918,329.85669132516,332.0968238948421,63230600
2020-11-24,337.6181640625,338.1665740612137,333.9651798999618,334.82031711721845,62415900
2020-11-25,337.09759521484375,337.56235227629367,336.0007753577867,337.5344679872675,45330900
2020-11-27,338.036376953125,338.51040981524136,337.02318170633714,338.19437845165817,28514100
2020-11-30,336.53985595703125,337.5251385844671,333.8535750928766,337.2555715663142,83872700
2020-12-01,340.2207336425781,341.76373042068883,339.20756669848805,339.80246932612914,74231400
2020-12-02,340.9364929199219,341.0944944354891,338.5290547467315,339.10534896401384,45927000
2020-12-03,340.8435363769531,342.23780756286345,339.7374123001427,340.83423215842737,62882000
2020-12-04,343.7807922363281,343.7807922363281,341.33616563830765,341.4291227207132,50749900
2020-12-07,343.0744323730469,343.5670738213922,341.80100231033487,343.00935956355164,48944300
2020-12-08,344.0782775878906,344.6452676235663,341.7544921304885,341.80095649302785,42458900
2020-12-09,340.99224853515625,344.89619068117054,340.1556915300474,344.73818917160975,74098300
2020-12-10,340.8807067871094,341.931033863523,338.7428073956365,339.61655289507456,57735400
2020-12-11,340.4810485839844,340.8900371114811,337.6553457695817,339.1797343449143,57698600
2020-12-14,338.9566650390625,343.7343534662368,338.78005506472596,342.6561419139507,69216200
2020-12-15,343.53912353515625,343.53912353515625,340.1278225669573,341.5034853233126,63865300
2020-12-16,344.0782775878906,344.9984875517349,342.8698921301285,343.75294195055,58420500
2020-12-17,346.0023193359375,346.20681357249737,344.89619528816195,345.7234764526828,64119500
2020-12-18,344.6208190917969,346.4597687850615,342.60450659912306,346.29174986586526,136542300
2020-12-21,343.3885498046875,353.28340346844874,337.9463959577073,340.6908183330083,96386700
2020-12-22,342.809814453125,343.827300163514,341.68031614892215,343.71528756970014,47949000
2020-12-23,343.117919921875,345.0315351063921,342.79119749130325,343.7806801753628,46201400
2020-12-24,344.4527587890625,344.4807619388975,343.00588190186073,343.5939480483956,26457900
2020-12-28,347.4118347167969,347.8038787507137,346.3850052441525,347.01041831787796,39000400
2020-12-29,346.7491760253906,349.12021433452065,346.1610812667829,348.9428515188313,53680500
2020-12-30,347.243896484375,348.2800701602232,346.85185232725235,347.57061894027095,49455300
2020-12-31,349.0081481933594,349.7362586191651,346.53444152154736,347.0478421277476,78520700
2021-01-04,344.2567138671875,350.47366910441684,340.55081201892335,350.34296875558,110210800
2021-01-05,346.6278076171875,347.7199876295855,343.5660059125911,343.6126968288988,66426200
2021-01-06,348.7000732421875,351.9019187189158,344.5647799187049,345.11552753738533,107997700
2021-01-07,353.8808898925781,354.6276595774134,350.90309805783966,351.0804608432896,68766800
2021-01-08,355.897216796875,356.1118981341495,352.0139516043895,355.2717750824561,71677200
2021-01-11,353.4981384277344,355.26239380181204,352.5926652872222,352.71402176287364,51034700
2021-01-12,353.5729064941406,354.59039252638814,351.3232245652939,353.684947610831,52547700
2021-01-13,354.5249938964844,355.52379194885276,352.7140474834026,353.4981642054425,45303600
2021-01-14,353.2834167480469,355.77581089223776,352.9473789690196,355.27172573626217,49989100
2021-01-15,350.7070617675781,352.4619733044625,348.8401091438219,351.65919735021674,107160000
2021-01-19,353.4607849121094,354.0022171031651,351.6871856917085,353.1714095466067,51233300
2021-01-20,358.3522644042969,359.19238745633976,355.36512856654605,355.7571726966947,61836100
2021-01-21,358.67889404296875,359.3416826708344,357.7547617001526,358.91226309822,47840100
2021-01-22,357.409423828125,358.5762692472842,356.4386004629022,356.82132917887884,52860500
2021-01-25,358.8189392089844,359.1736362444542,353.28340355342897,358.14683518859727,70402000
2021-01-26,358.2588195800781,360.1817781700573,358.0254505425813,359.7710463850684,42665300
2021-01-27,349.50286865234375,355.01971706304266,347.2625312057877,354.9263637345536,123351100
2021-01-28,352.5086669921875,356.5226037699403,350.88442731269146,351.3231338347947,94198100
2021-01-29,345.4515686035156,351.61251765674365,343.7712942322162,350.6416943635997,126765100
2021-02-01,351.20184326171875,352.237988412501,345.74100051485544,348.8588083348095,75817600
2021-02-02,356.1679382324219,357.7268564827334,351.28587449203127,354.3943386244664,64450700
2021-02-03,356.4479064941406,358.17484322861526,355.16904860852287,356.99865405501225,52427100
2021-02-04,360.4991760253906,360.54583844042634,356.55990532114595,357.48403764334273,47142600
2021-02-05,361.9180908203125,362.62754192923927,360.45255466954404,362.3755135819587,48669800
2021-02-08,364.5317687988281,364.5784312098639,362.51545696079546,363.3742390383797,38365200
2021-02-09,364.28912353515625,364.88656203696013,363.2809816726569,363.69168503335237,35551100
2021-02-10,364.1304016113281,366.1840607481003,361.7220454304173,366.0347011302047,59154400
2021-02-11,364.71856689453125,365.6333840486648,362.28220709351234,365.21330826144924,42913300
2021-02-12,366.5201721191406,366.7628566015841,363.84107103316876,363.9157650950266,50593300
2021-02-16,366.2027587890625,367.94838348385304,365.48399225881036,367.75233294042647,50972400
2021-02-17,366.2868347167969,366.5388631006353,363.4303705960935,364.44788498672773,52290600
2021-02-18,364.7279052734375,365.4746750089571,361.94613530686405,363.67307236862246,59712800
2021-02-19,364.083740234375,366.2774151168697,363.6356613794077,365.98803975869316,83241000
2021-02-22,361.2834167480469,363.701117518709,361.01270058049926,361.3114199041765,67414200
2021-02-23,361.7220764160156,363.0756284840309,354.90771062947573,359.071007068001,107284100
2021-02-24,365.7080383300781,366.1374579842798,359.6404417407371,360.6299244440038,72433900
2021-02-25,356.8959655761719,365.81068094226185,355.4490887696667,364.4384697020069,146670500
2021-02-26,355.0570068359375,359.92975391891395,353.0687263861463,358.78159638258063,152701600
2021-03-01,363.6636962890625,364.9145796408334,355.2530939230072,359.9391348464769,105348800
2021-03-02,360.825927734375,364.1210978494576,360.32184256880726,363.88772878043636,79595300
2021-03-03,356.0465393066406,361.0966209700066,355.9438421012048,360.12582613870484,119940200
2021-03-04,351.64056396484375,358.4549301482067,347.14120097339406,355.8598669496521,183433000
2021-03-05,358.1095275878906,359.16436039451537,347.85063187865177,355.1503950992835,152039600
2021-03-08,356.3265075683594,361.89001729678296,356.0464761258364,359.07092965480655,123149200
2021-03-09,361.4140319824219,363.97174793111003,359.67775124914425,360.1818364281521,113633600
2021-03-10,363.6636962890625,365.3626300474982,362.3475197320477,363.7663934988811,109899400
2021-03-11,367.3509521484375,369.3299174808508,365.68002148147286,366.1374442709955,86245000
2021-03-12,367.845703125,367.9857188856928,365.1759743296628,365.9880942291193,64653600
2021-03-15,370.03936767578125,370.300739917359,365.9507366566855,368.0977208919714,73427200
2021-03-16,369.57257080078125,371.36482917626194,368.79776959125195,370.65540662604104,73722500
2021-03-17,370.8327941894531,371.63557011212924,367.1362076288322,368.28439370276624,97959300
2021-03-18,365.4373779296875,370.32878550577965,364.75592985260306,368.23780733354624,115349100
2021-03-19,364.7611083984375,366.71846014757364,362.578969155588,365.13571611364415,113624500
2021-03-22,367.6737976074219,369.0598779072766,365.22008364773114,365.276273388736,73778600
2021-03-23,364.7798156738281,368.4884805083681,363.99313092593997,367.03686494632495,90686600
2021-03-24,362.9255065917969,367.82358782761884,362.878691342001,366.1846539544213,97588600
2021-03-25,364.9671630859375,365.7631937982155,359.5352509423931,361.4832568768841,116128600
2021-03-26,370.8486633300781,371.2513660035237,365.51978373718055,366.11915050544366,114409100
2021-03-29,370.66131591796875,371.5697547729306,367.87980961613647,369.3688948067096,108107600
2021-03-30,369.6780090332031,370.3523145340844,368.0765156056449,369.3876858323405,76262200
2021-03-31,371.1763916015625,372.74041546812293,370.2211375092786,370.2492323772652,112734200
2021-04-01,375.1847839355469,375.2410022566375,372.9090137092309,373.1150522840873,99682900
2021-04-05,380.5697937011719,381.1129992139736,377.77894176420136,377.85385187937834,91684800
2021-04-06,380.3451232910156,381.3940366320322,379.6708177745414,380.007984823151,62021000
2021-04-07,380.7851867675781,381.13169962099386,379.71755334301986,380.17644565367993,55836300
2021-04-08,382.59271240234375,382.6489021342962,381.1036273441264,382.04016098431885,57863100
2021-04-09,385.37420654296875,385.5428043143524,382.3492212703383,382.47097521271746,61104600
2021-04-12,385.51470947265625,385.786283641801,384.1660987859309,384.7748399171258,56704900
2021-04-13,386.65728759765625,387.28477774882987,385.02772811419857,385.4117103588361,56551000
2021-04-14,385.3368225097656,387.68750278516484,384.7936169300577,386.6292150757349,61659900
2021-04-15,389.4762878417969,389.7478906331614,387.4346511167277,387.48146637214757,60229800
2021-04-16,390.778076171875,391.3868173846605,389.3451806977681,390.7687016886695,82037300
2021-04-19,388.8581848144531,390.2910803620789,387.5283228451497,389.8415624370154,78498500
2021-04-20,386.0111083984375,388.74577080213885,384.53136914456286,387.64066789352995,81851800
2021-04-21,389.66357421875,389.8696127711152,385.2524800177592,385.3929829340343,66793000
2021-04-22,386.1047668457031,390.3285432917998,385.03713321050617,389.4950430989676,97582800
2021-04-23,390.2910461425781,391.7052211795834,386.59175516511834,386.6666652858134,73209200
2021-04-26,391.1058349609375,391.67713539485504,390.35661941365066,390.94664023299106,52182400
2021-04-27,391.021484375,391.60215919401725,389.87891228070197,391.4054665669327,51303100
2021-04-28,390.90911865234375,392.41695260927986,390.44085185266897,391.2931008577655,51238900
2021-04-29,393.4002685546875,394.0183841082512,390.01002178149986,393.6437764159888,78544300
2021-04-30,390.8154602050781,391.9767813050414,389.9163959508624,391.1245322985736,85527000
2021-05-03,391.65838623046875,393.1942865637714,391.16202453619707,392.81030433526104,68128300
2021-05-04,389.2421569824219,390.15997035681755,385.54286577673696,389.6636086069614,101591200
2021-05-05,389.3638916015625,391.12457955682845,388.8019656570056,390.8904461283248,60162200
2021-05-06,392.47314453125,392.6042443739079,387.42521468380295,389.4387562175052,74321400
2021-05-07,395.3295593261719,395.98514427957303,392.55742786810055,393.24110768631965,67733800
2021-05-10,391.41485595703125,395.9102058149185,391.2931020158375,395.68544689624537,81852400
2021-05-11,387.921630859375,388.9143543332636,384.0350215703877,386.8820921309742,116888000
2021-05-12,379.6801452636719,386.40445062739644,378.3596292664934,385.13077846545326,134811000
2021-05-13,384.2410583496094,386.17969003386344,381.1879492380252,381.2347930730612,106394000
2021-05-14,390.1412048339844,390.99345394959835,386.9569958994236,386.9850907678179,82201600
2021-05-17,389.1484680175781,389.96327633452273,387.1255518204116,389.02674264587563,65129200
2021-05-18,385.7956848144531,389.6541989870204,385.63646151399263,389.41069108540063,59810200
2021-05-19,384.78424072265625,384.9621844206521,379.60521025643015,381.0943240619195,106467100
2021-05-20,388.9237060546875,390.18803224068034,385.5428331837092,385.66455855446543,78022200
2021-05-21,388.60528564453125,391.6583945728601,388.1463932893185,390.4127887790832,76578700
2021-05-24,392.5667724609375,393.6437803046068,390.60939223161563,390.8529000953224,51376700
2021-05-25,391.6958312988281,394.00907059694083,391.1151849988608,393.6531832309636,57451400
2021-05-26,392.47314453125,392.9788520995929,391.24628779570753,392.28582637803873,43088600
2021-05-27,392.67919921875,394.0184354690083,392.3982219773763,393.5033533975978,56707700
2021-05-28,393.3816223144531,394.514820085861,393.14748889006984,394.25259179378133,58520200
2021-06-01,393.0350646972656,395.8914807174247,392.59489276628096,395.75100639492683,54216600
2021-06-02,393.6532287597656,394.49613202119497,392.67925421266847,393.690698113344,49097100
2021-06-03,392.1922302246094,393.3348025487419,389.86027032089925,391.3306351753736,58138800
2021-06-04,395.7791748046875,396.0788724688653,392.257798702454,394.04658162329105,55938800
2021-06-07,395.3951721191406,395.9477235822755,394.4586384024901,395.7697798896526,51555000
2021-06-08,395.4794616699219,396.3504311779216,393.6438635649378,396.2567720889371,47134300
2021-06-09,394.889404296875,396.3972383219587,394.66464536870893,396.32229962541095,48436300
2021-06-10,396.72509765625,397.68038049220723,394.79584017681054,396.11635635888723,51020100
2021-06-11,397.38055419921875,397.4929336539654,395.98512833488803,397.2775492259465,45570800
2021-06-14,398.27032470703125,398.3733296938015,396.2474085142983,397.4929857419434,42358500
2021-06-15,397.5398254394531,398.4576101510953,396.6594814967525,398.42016938215374,51508500
2021-06-16,395.3202209472656,397.90506306952614,393.2692384667754,397.68030413045653,80386100
2021-06-17,395.18914794921875,396.1724969552145,392.707339225867,394.9081992562891,90949700
2021-06-18,389.8578796386719,392.592083637559,389.6511670033553,391.896790534333,118676300
2021-06-21,395.4391174316406,395.62704846185704,390.806907146724,391.62435264709165,72822000
2021-06-22,397.5531005859375,398.3893561584909,394.7061211924349,395.42962964829377,57700300
2021-06-23,397.073974609375,398.4363740041373,396.98941426136173,397.62833378473624,49445400
2021-06-24,399.4229431152344,399.8457448281696,398.9719259471938,399.22563564919795,45110300
2021-06-25,400.841796875,401.29281413405675,399.845825517884,400.174690477139,58129500
2021-06-28,401.6498107910156,401.81893148712265,400.1652591125572,401.3679429641706,53159600
2021-06-29,401.86590576171875,402.6739459356344,401.3303282468715,402.03502644822527,35970500
2021-06-30,402.20416259765625,402.8806740439344,401.37731208840023,401.4054988705683,64827900
2021-07-01,404.4310302734375,404.5907744987678,402.8994814377987,402.96526015847866,53441000
2021-07-02,407.522216796875,407.8792684241957,404.51549341608523,405.5960534485261,57697700
2021-07-06,406.77996826171875,407.79474969280744,404.03635942053677,407.5786319294247,68710400
2021-07-07,408.2175598144531,408.4994562952336,405.44576413602323,407.46589321419077,63549500
2021-07-08,404.89141845703125,405.6524902342203,401.6967636141339,402.8806657894251,97595200
2021-07-09,409.21356201171875,409.51424014433434,404.69409956711894,406.40417418784455,76238600
2021-07-12,410.6793212890625,410.93303100178167,408.69678404478105,409.1289909276716,52889600
2021-07-13,409.27935791015625,411.3934527310656,409.01627170163516,409.8900906791253,52911300
2021-07-14,409.8900451660156,411.46859091611077,408.64039298286,410.9799818157925,64130400
2021-07-15,408.49005126953125,409.22293624099797,406.5826693133908,408.54642483085615,55126400
2021-07-16,405.28607177734375,409.7209741044271,404.89145679770826,409.67400568874314,75874700
2021-07-19,399.3007507324219,405.3517609265195,396.48195823234806,400.4470608294215,147987000
2021-07-20,405.02301025390625,406.300878124811,399.16930585570464,399.9679696907391,99608200
2021-07-21,408.30218505859375,408.44314765851226,404.97602971576475,406.2256820890456,64724400
2021-07-22,409.1572265625,409.40153115228975,407.49414887432897,408.4807150382148,47878500
2021-07-23,413.36663818359375,413.7048796113906,410.4069109933799,411.0927990022728,63766600
2021-07-26,414.38140869140625,414.39081384510376,412.72773607283773,412.77470449282725,43719200
2021-07-27,412.4928283691406,413.3666474180511,409.655224737186,413.33846063177174,67397100
2021-07-28,412.3235778808594,413.7047874183934,410.89539993579183,413.12224152861904,52472400
2021-07-29,414.03363037109375,415.114161755324,413.24437191632796,413.25377706703324,47435300
2021-07-30,412.0229797363281,413.4793446420124,411.32765796830415,411.4592154045569,68951200
2021-08-02,411.1584777832031,414.2967300777739,410.80142613559934,413.7423709785831,58783300
2021-08-03,414.5035095214844,414.62566180738776,409.75855272178563,411.9572078453096,58053900
2021-08-04,412.4645690917969,414.47529306625523,412.22966968933605,413.2162357099742,46732200
2021-08-05,415.07666015625,415.1612205024383,413.3102120156651,413.62967177045795,38969700
2021-08-06,415.76251220703125,416.18534257573646,415.11418760127896,415.39608407182965,46930000
2021-08-09,415.4242858886719,416.0538002146291,414.65380898521596,415.73434047583487,41222600
2021-08-10,415.9410705566406,416.6551739287781,415.1894039248862,415.87529184094507,43339300
2021-08-11,416.97467041015625,417.06863591596345,415.8847336261346,417.01226234732843,44034300
2021-08-12,418.22430419921875,418.36526678880125,415.9223071173895,416.8243128497932,38909400
2021-08-13,418.9854431152344,419.0042247475867,418.18677928941827,418.6753597988097,39470300
2021-08-16,419.97198486328125,420.1035136305941,416.1196285607499,417.679364182721,73740000
2021-08-17,417.21893310546875,418.0833468539245,414.2216144188741,417.40683542397306,92673900
2021-08-18,412.6524658203125,417.77328419430097,412.4081899435472,416.20414359044753,89351900
2021-08-19,413.29132080078125,414.4940330646539,409.777235511774,409.918169394497,92812200
2021-08-20,416.5799560546875,416.9088209320755,413.1504307316215,413.6390398091952,72008700
2021-08-23,420.2444763183594,421.15588723398355,416.6552062239017,418.27131541425854,54973000
2021-08-24,420.9114990234375,421.44707648763705,420.39473186101094,420.9114990234375,38744700
2021-08-25,421.7947692871094,422.3115365062703,420.7236142411114,421.0994762269488,40529700
2021-08-26,419.3048400878906,421.74777094308087,419.21087459171173,421.5128715397554,57829600
2021-08-27,423.0538635253906,423.4296968697422,420.05654457482467,420.11291814276507,77235100
2021-08-30,424.914306640625,425.7035653205543,423.48609968949273,423.7304042836071,48357400
2021-08-31,424.2846984863281,425.1585173900656,423.68337092085335,424.8202760109067,59300200
2021-09-01,424.51025390625,425.74112467039447,424.2753544676843,425.2243573752491,48721400
2021-09-02,425.8162536621094,426.62429386298294,424.61356983864454,425.93840594229823,42501000
2021-09-03,425.712890625,426.22968653702213,424.27530736753846,424.67935614944514,47170500
2021-09-07,424.19073486328125,425.45919738921737,423.5142234277316,425.3652318920659,51671500
2021-09-08,423.67401123046875,424.3881146731991,421.7478187005373,423.6552295988036,56181900
2021-09-09,421.8605651855469,425.233717323856,421.6162606196501,423.47667429804756,57970400
2021-09-10,418.5343933105469,424.2189478107895,418.4122410241399,423.796146058895,89948200
2021-09-13,419.6054992675781,421.8041829670538,417.28469196190423,421.54109677619476,83738600
2021-09-14,417.341064453125,421.25917025465293,416.4484352937043,421.0524576426946,78197100
2021-09-15,420.8269348144531,421.3249203447633,416.65511960141504,417.7638377746732,78792200
2021-09-16,420.1598815917969,421.2779763825917,417.2001261406688,420.30081550036397,77786700
2021-09-17,416.0671081542969,419.80926254964635,415.7089125610423,419.3851062677207,118425000
2021-09-20,409.1295471191406,411.5049087070392,404.2468162615164,409.9213343151068,166445500
2021-09-21,408.74298095703125,412.7773407564991,408.21512294709,411.4765375298209,92526100
2021-09-22,412.730224609375,414.7756961285755,408.85612048010717,411.0241068459511,102350100
2021-09-23,417.7449645996094,419.35684482939774,414.3704409554604,414.6060929318038,76396000
2021-09-24,418.4330139160156,419.1494050182944,415.8879614592612,416.10477159971555,62094800
2021-09-27,417.2359924316406,418.56504431306104,416.5384429949807,417.39621967244216,61371100
2021-09-28,408.82781982421875,414.7851074945161,408.092586956221,414.4551890406225,130436300
2021-09-29,409.5159606933594,411.95731138665417,408.95039027329,410.2134812439846,82329200
2021-09-30,404.5107116699219,411.70278478161407,404.17135791481275,410.9958289550851,140506000
2021-10-01,409.31805419921875,411.0053304314514,402.71039223736494,406.2451719392957,129240100
2021-10-04,404.0393981933594,409.0540495415791,401.89022491627236,408.1491541596147,128570000
2021-10-05,408.243408203125,410.49622568957915,404.7463416257037,405.54753517269626,90682500
2021-10-06,409.9400939941406,410.1474688443581,403.00251494341944,404.6332078979385,113032200
2021-10-07,413.4842834472656,416.3309482512412,413.050691974127,413.22978973248706,72437500
2021-10-08,412.730224609375,414.64374599907245,412.0986935121197,414.25727336121037,74557400
2021-10-11,409.7421569824219,414.99248894914547,409.6761675373717,412.07039922916306,65233300
2021-10-12,408.7335510253906,411.07122850437753,407.94176400011384,410.66591409252834,71181200
2021-10-13,410.2041015625,411.02416583800897,406.77302374359545,409.76107469610764,72974000
2021-10-14,417.10394287109375,417.2547635679065,413.4089077144482,413.88021160469805,70236800
2021-10-15,420.2804870605469,420.64811786818393,418.602646519307,419.22477104800544,66260200
2021-10-18,421.5248107910156,421.86413581254226,417.8297753264415,418.48961233422193,62213200
2021-10-19,424.7767639160156,424.842724595289,422.54275941839205,423.1554774596146,46996800
2021-10-20,426.44512939453125,426.7467707456928,425.1254844408274,425.2385927559874,49571600
2021-10-21,427.5574035644531,427.78362019691554,425.4082592577517,425.84185072533893,41305400
2021-10-22,427.11444091796875,428.5755002648435,425.1632358718283,427.123876201105,58845100
2021-10-25,429.4049377441406,429.7348562012091,426.42632264643316,428.2078362888348,45214500
2021-10-26,429.7914123535156,432.1762087588682,429.4143750148794,430.96026549922436,56075100
2021-10-27,427.88739013671875,430.92258842537706,427.8119654031517,430.25334493703315,72438000
2021-10-28,432.0159912109375,432.09138717390806,429.31071156896627,429.32011808552153,51437900
2021-10-29,432.89263916015625,433.1848452815996,429.41441402054215,429.7066201419855,70162400
2021-11-01,433.6373291015625,434.25945374272055,431.9029340865654,433.88238758484846,48433600
2021-11-02,435.3905029296875,435.7015795883174,433.6749499643309,433.80692885371445,48908400
2021-11-03,438.0487060546875,438.4540205123054,434.38194783725373,434.824974662078,52509800
2021-11-04,440.11297607421875,440.19780731748654,438.30315658619134,438.6519168416605,52847100
2021-11-05,441.63995361328125,443.6382771948116,440.12236913025,442.3469093387907,66390600
2021-11-08,442.01702880859375,443.24243609752784,441.3289435870791,442.74285515931524,50405200
2021-11-09,440.5560302734375,442.6203436197412,439.1421185987696,442.38469167396323,51149100
2021-11-10,437.01190185546875,440.5561170230126,435.52259392198033,438.85940541964885,69429700
2021-11-11,437.1531677246094,438.58594985547217,437.13432592618915,438.5105251295823,34848500
2021-11-12,440.452392578125,441.0085277991881,437.47374809793996,438.4257913026316,53466700
2021-11-15,440.60308837890625,441.9038915427437,439.47197645486267,441.74366435073625,46980500
2021-11-16,442.346923828125,443.48747104813094,440.26376894323073,440.3391648993365,48857500
2021-11-17,441.2723388671875,442.26206534791413,440.65021439475026,442.08296760132913,47858300
2021-11-18,442.771240234375,443.03516930825526,439.5757854940028,442.30934278050086,50625600
2021-11-19,441.9793701171875,443.9117045350223,441.61173927995986,442.65802009464244,57315600
2021-11-22,440.73516845703125,446.3625385887317,440.52779357509166,443.86463348771593,72762000
2021-11-23,441.319580078125,442.17735669005066,437.7942358564973,440.4052492954006,73206500
2021-11-24,442.497802734375,442.6203463495124,438.49171963144255,439.31178380523045,61858800
2021-11-26,432.62872314453125,437.2757729097936,431.49758222572393,435.80530697500916,112669600
2021-11-29,437.9355773925781,439.78308057442894,435.23029768476994,437.43599642318605,86268800
2021-11-30,429.4144592285156,437.3983494149785,429.1693719655901,435.48485649918706,148559600
2021-12-01,424.64483642578125,438.00160231739363,424.4468968317913,435.14550168253277,131939200
2021-12-02,431.1487731933594,432.72294077139185,424.46568778929884,424.86159569596447,127637800
2021-12-03,427.39715576171875,433.8822719637705,423.15542151097804,432.81714952655415,137331600
2021-12-06,432.458984375,434.3441997298268,427.5291358663307,429.95164450114794,98977500
2021-12-07,441.40435791015625,441.9699283158001,432.3270406361957,437.7564705046071,95484700
2021-12-08,442.5732421875,443.02570432644137,440.0376246848535,441.80032558687594,72238800
2021-12-09,439.5850830078125,442.6768349468973,439.3871434559667,441.28176527012516,61272600
2021-12-10,443.72314453125,443.87396521689504,439.73593232528253,442.29982644903924,77159800
2021-12-13,439.7925720214844,443.55356831350923,439.50977239360935,443.2048079952957,87724700
2021-12-14,436.7666931152344,439.010104059482,433.8351969554868,436.5121993902541,97264100
2021-12-15,443.5912170410156,443.8362754973497,434.29708958094557,436.82330023675024,116899300
2021-12-16,439.6794738769531,445.73100058799474,438.12414780283325,445.44822971966965,116568600
2021-12-17,434.9999694824219,439.60659254948297,433.28785760056076,436.58910721798844,135511600
2021-12-20,430.3743896484375,430.771659603725,426.742062864258,429.90142998069797,107134800
2021-12-21,438.0174560546875,438.159338198056,431.63249979857073,433.80810297600897,69806300
2021-12-22,442.3970031738281,442.51050887196607,437.56334050223455,437.7620043411423,58890200
2021-12-23,445.149658203125,446.653666526917,443.2956643336112,443.39970160734777,56439700
2021-12-27,451.449462890625,451.4967473096525,446.4833864717361,446.5306708907636,56808600
2021-12-28,451.0805969238281,452.9156829394374,450.31440448987655,451.88463421803556,47274600
2021-12-29,451.6575927734375,452.67917299508804,450.1819608604042,451.18463308676866,54503000
2021-12-30,450.40899658203125,453.095404283241,449.9455053015741,452.083263571022,55329000
2021-12-31,449.27386474609375,451.0711058110778,448.99956890774945,449.9171118694179,65237400
2022-01-03,451.87518310546875,452.0076256878553,448.2239477980202,450.5414331852414,72668200
2022-01-04,451.7237854003906,454.02239141771696,449.86032307936296,453.3034834561525,71178700
2022-01-05,443.0497741699219,452.1306070232727,442.9551764477384,451.3549461154086,104538900
2022-01-06,442.633544921875,445.3577975269539,440.25927789073734,442.58626049675826,86858900
2022-01-07,440.8836975097656,443.8255227076331,439.5215708694633,442.64312311481353,85111600
2022-01-10,440.3349304199219,440.5524733976893,431.90678546000674,437.6768993282456,119362000
2022-01-11,444.3456726074219,444.4402703281914,437.0620811157376,440.07012698004945,74303100
2022-01-12,445.54693603515625,447.6090622228809,443.57943642604664,446.086117009949,67605400
2022-01-13,439.40789794921875,447.3063299976346,438.37684936061635,446.6536433613465,91173100
2022-01-14,439.58770751953125,439.93769311285763,435.0283686395281,436.2486128671345,95890900
2022-01-18,431.8027038574219,435.08504507309425,430.6865259809416,434.8769416667024,109709100
2022-01-19,427.319091796875,434.7540044741665,427.04476708624003,433.3540622278281,109357600
2022-01-20,422.5894775390625,433.93104152080394,420.4611589616414,429.2109131132616,122379700
2022-01-21,414.2937927246094,423.8286476560766,414.265416297055,421.46384913598195,202271200
2022-01-24,416.0531311035156,416.5639355956219,398.0050040098035,408.6655038635692,251783900
2022-01-25,410.9736022949219,415.93967913794035,404.0494653685355,409.6398524787366,167997300
2022-01-26,409.9425354003906,420.0260392062578,405.66696143338,416.885580014085,186391100
2022-01-27,407.91827392578125,417.7085455157903,406.225098979547,414.5586466067945,149878300
2022-01-28,418.04913330078125,418.0964177287686,404.6832861876728,409.2804410874524,164457400
2022-01-31,425.5785827636719,425.9285683081596,416.02479145329517,417.3774492101084,152251400
2022-02-01,428.4541931152344,429.09741136310794,422.76920842520514,426.30693765567827,123155400
2022-02-02,432.61627197265625,433.3446195666415,428.54880096336996,430.8663151934965,117361000
2022-02-03,422.4476318359375,428.4731341093042,421.60574966980835,426.5623872138765,118024400
2022-02-04,424.43408203125,428.2934208063521,419.8274299173056,422.21116548081926,118454400
2022-02-07,423.0719299316406,426.6001909007989,421.7381800825274,425.2002486311931,84472900
2022-02-08,426.55291748046875,427.4799289301471,421.1422570922283,422.5706046938253,81012000
2022-02-09,432.79595947265625,433.1175685965065,430.4027846055387,430.6014195917351,92589900
2022-02-10,425.0205078125,432.95675649430774,423.0151633217596,426.9312545906798,140103700
2022-02-11,416.63970947265625,427.18670649344455,415.2019221745051,425.1057008408973,153214600
2022-02-14,415.2775573730469,417.7180457832857,411.79658063441923,416.12890799397803,123006300
2022-02-15,421.9747009277344,422.1449595121164,419.21260324556744,419.73287629852035,88482700
2022-02-16,422.4476318359375,423.82866614912444,418.03964373808554,419.92201420472077,84863600
2022-02-17,413.423583984375,422.41928787627376,412.8182105012126,419.2504517040746,102259100
2022-02-18,410.74658203125,414.9369979489971,408.46691286548753,413.6789090102442,132642900
2022-02-22,406.3385925292969,411.9478874905425,402.82921086642835,408.53313240570213,124391800
2022-02-23,399.1307067871094,409.8290530099485,398.56314936740426,409.2614955902434,132578000
2022-02-24,405.1372985839844,405.57244232576124,388.43238610030824,388.7918112514867,213942900
2022-02-25,414.07623291015625,414.16136219529494,404.72107583636694,406.376434848572,121804500
2022-02-28,413.01678466796875,414.5018850268596,407.40748965693734,408.665549734316,145615000
2022-03-01,406.72637939453125,413.52754127673785,404.01156683261695,411.51272860651227,137785900
2022-03-02,414.2086181640625,415.9396377899964,408.230401230632,408.98712512747574,117726500
2022-03-03,412.1465759277344,417.25453543776126,410.3398662245235,416.64916197065094,105501700
2022-03-04,408.79803466796875,409.93312072448435,404.7400320130342,408.4007357845267,113978200
2022-03-07,396.7469482421875,408.92092572544067,396.6807269592001,408.2114862090071,137896600
2022-03-08,393.73895263671875,404.10622124075445,392.67005908949244,396.92669641529477,164772700
2022-03-09,404.29541015625,406.28184664972684,399.9536436179305,402.1481835320033,116990800
2022-03-10,402.4697570800781,403.3683631013067,397.7023156906367,399.6698151473772,93972700
2022-03-11,397.3523864746094,405.581868290295,396.84158189370584,404.96702642713234,95636300
2022-03-14,394.4483642578125,401.5900437184911,393.3038099407346,398.12800434178155,95729200
2022-03-15,403.12249755859375,403.75624741323844,395.79162195110837,397.0685900922245,106219100
2022-03-16,412.06134033203125,412.1180931778324,401.8264870874721,406.64124148786703,144954800
2022-03-17,417.2166442871094,417.2166442871094,409.7627953751919,410.1411573323763,102676900
2022-03-18,421.7862854003906,422.1088935978911,414.8596346068089,415.5997425791556,106345500
2022-03-21,421.6629638671875,423.6270776560964,418.142680311221,421.6155035994551,88349800
2022-03-22,426.5970764160156,427.53643659552324,423.05782555472354,423.05782555472354,74650400
2022-03-23,421.1031494140625,425.5532955455607,421.01775567281896,424.0541127156518,79426100
2022-03-24,427.4510192871094,427.4605171330371,422.01408163043,423.1337270897033,64736900
2022-03-25,429.53851318359375,429.8136901005225,425.4963689988191,428.08676165984116,77101300
2022-03-28,432.5939025878906,432.5939025878906,427.04307687633553,428.9407930883645,68529800
2022-03-29,437.9454040527344,438.43882875157925,433.7988991715261,436.49365245199573,86581500
2022-03-30,435.2411804199219,437.6133254430153,433.1252166348571,436.79729249751,79666900
2022-03-31,428.5422058105469,435.2980695823939,428.086743583502,434.4725678233123,121699900
2022-04-01,429.7568054199219,430.26916792356127,426.1701231101965,430.12684500588364,89048800
2022-04-04,433.4383544921875,433.5427439373771,429.13055970631194,429.9560615935425,59601000
2022-04-05,427.9634094238281,434.4156320427128,426.81529938704466,431.93912663814103,74214500
2022-04-06,423.6841125488281,425.97086406711,420.7901068981446,424.0352143730315,106898000
2022-04-07,425.8189392089844,427.6407590745725,420.8469331976844,422.8015781085471,78097200
2022-04-08,424.68035888671875,427.5838618920814,423.1337157978344,425.0598962746841,79272700
2022-04-11,417.4216613769531,422.2418477063847,416.9187677503184,421.3973501116836,89770500
2022-04-12,415.87493896484375,422.95341082268646,414.3187981025761,420.41994747730763,84363600
2022-04-13,420.63824462890625,421.3973194587367,415.44799012468565,415.62827546421886,74070400
2022-04-14,415.4005126953125,421.9855889099312,415.29612326761054,420.8659145684745,97869500
2022-04-18,415.5713806152344,417.2603468643932,413.33206045568215,414.4707017512987,66002500
2022-04-19,422.2797546386719,423.00086699763705,415.29614499530715,415.4669324784689,77821000
2022-04-20,421.9666442871094,424.6803932967964,420.7995674484736,424.06364137177405,65224400
2022-04-21,415.6567077636719,426.9955717535205,414.745812247252,425.6007494204808,85417300
2022-04-22,404.25146484375,415.6756941570096,403.68214426024474,414.5655465281797,132471800
2022-04-25,406.5950927734375,406.7658802394009,397.41962448292884,402.00262418418777,119647700
2022-04-26,394.81982421875,404.251475165839,394.79135963669034,404.05219413457274,103996300
2022-04-27,395.9299011230469,401.2909710933324,393.785502091776,395.90143654607385,122030000
2022-04-28,405.9309387207031,407.66736507678297,396.24310664725425,400.69325298442976,105449100
2022-04-29,390.9295349121094,404.09019204899124,390.17992890957805,401.9267967519265,145491100
2022-05-02,393.28265380859375,394.64901157407303,384.3064367465445,390.9959026727131,158312500
2022-05-03,395.08551025390625,397.50508664209,392.21994047752736,393.78557938889816,100028200
2022-05-04,407.1169738769531,407.68629441618054,392.5519991195414,395.7496456535838,144247900
2022-05-05,392.64691162109375,403.26463455087514,388.5004069530426,402.83763688449426,172929100
2022-05-06,390.30322265625,393.58626302991394,384.98014349725037,390.075506016204,151770800
2022-05-09,377.8067626953125,385.62534252328646,376.2221572616727,384.3823409911259,155586100
2022-05-10,378.6797790527344,385.31228796506707,374.62816535383854,383.8036070473492,132497200
2022-05-11,372.66400146484375,383.3766170241636,371.91439549274446,377.7119332720128,142361000
2022-05-12,372.2749328613281,375.5579733330181,365.4526417334001,369.4568235292296,125090800
2022-05-13,381.17523193359375,382.56055648756023,375.3776945718479,376.4214441495683,104174400
2022-05-16,379.6285705566406,383.3101440048578,377.2659235471476,379.52421008230226,78622400
2022-05-17,387.4377136230469,387.6749281280144,381.99124889833473,385.73924965956155,83029700
2022-05-18,371.8194885253906,383.1488555613553,370.57648684005943,382.86420973908423,117674500
2022-05-19,369.5422058105469,373.98288298423296,367.3123838565206,368.74516861446125,98510700
2022-05-20,369.70355224609375,376.72509575107233,361.07843638256344,373.1384136201305,131432200
2022-05-23,376.6207580566406,377.38933077714205,370.41521816810126,372.739903066548,76414900
2022-05-24,373.7457275390625,374.94126904362616,367.17011895813306,372.4837300616024,91448800
2022-05-25,377.0477600097656,379.02140118585976,371.84803585839853,372.2465400672282,91472900
2022-05-26,384.5816345214844,386.2231692896121,378.072482526249,378.2812324449887,82168300
2022-05-27,394.0227966308594,394.13665496189145,386.84943220734834,387.0486842866544,84768700
2022-05-31,391.81195068359375,395.1614184678653,389.06026810856656,392.40023804607233,95937000
2022-06-01,388.6427307128906,394.9526303936965,386.1187650491988,393.93737437755783,86585800
2022-06-02,396.0439147949219,396.0913461194014,386.22322720889935,388.4815142256935,79609600
2022-06-03,389.544189453125,392.8651926067963,388.56686682617567,391.3090515155026,71874300
2022-06-06,390.7302551269531,395.3037288108325,389.5536514825728,393.5673313620774,57508900
2022-06-07,394.478271484375,394.933733813302,386.7640502194845,387.2290103959471,59272400
2022-06-08,390.1893615722656,394.55411386892246,389.3923243809042,392.7607584707246,64350000
2022-06-09,380.9095764160156,390.68280270998093,380.9095764160156,388.4055491902739,86289800
2022-06-10,369.8648376464844,375.539018923671,369.81740632911726,374.6850525131261,132893900
2022-06-13,355.8218078613281,362.28352957554165,354.2087374162823,360.42377570103855,170004900
2022-06-14,354.7495422363281,358.6114013157457,351.6372890983715,357.5771495518812,104011800
2022-06-15,359.80694580078125,364.26656078644334,353.0890153068255,358.0610216928037,125666800
2022-06-16,347.8988342285156,351.9694437920059,345.46026183812063,351.56144173794524,134473300
2022-06-17,348.6487731933594,352.00319986018303,345.1323892326363,348.3152615671358,111113900
2022-06-21,357.4255065917969,358.81681534819097,354.3188581815829,354.3951110098947,76811900
2022-06-22,356.7774658203125,360.90375545370335,352.7654972536225,353.18480051988905,90059400
2022-06-23,360.2748718261719,361.0086381463317,355.3481010957897,358.92168935710464,79292100
2022-06-24,371.7293701171875,371.7389089912618,363.4291246578567,363.45771219814634,98050300
2022-06-27,370.3094787597656,372.9491586215477,369.21358425811263,372.65374434063085,66009600
2022-06-28,362.74298095703125,374.6644792020002,362.6286308001763,371.87232290504204,86548900
2022-06-29,362.44757080078125,364.2867703688928,360.61791010649307,363.29571627695856,65676000
2022-06-30,359.5029296875,362.75251565641565,355.03356025628176,358.54043407516025,112508300
2022-07-01,363.3052673339844,363.7436484326006,356.21526590396945,358.84543616792405,74839700
2022-07-05,363.99139404296875,364.0104717926043,355.3576072193394,358.19742913117045,81438000
2022-07-06,365.2207336425781,367.7174760792101,361.7424467576076,364.1343488121394,70426200
2022-07-07,370.6906433105469,371.49112350460933,365.2397294426553,367.0027052771426,64525900
2022-07-08,370.3857421875,372.2630682971359,367.5173328363373,369.05157936616473,72397800
2022-07-11,366.154541015625,368.6703314278366,365.45887219748874,367.6983261225162,58366900
2022-07-12,362.9145202636719,367.9937962223962,361.16108326606883,365.6018653816874,62219200
2022-07-13,361.00860595703125,363.9532680138976,357.0347924506578,357.4540957624864,84224600
2022-07-14,360.1319580078125,361.2183137887282,353.58514853179514,356.0342257471146,89704800
2022-07-15,367.01220703125,367.1265571785603,362.63813940505406,364.55356253636046,79060400
2022-07-18,363.98187255859375,370.7859691967166,362.7525501059406,370.1093779909023,63203600
2022-07-19,373.8162841796875,374.3880639700949,367.25996703972453,367.9174803544756,78506000
2022-07-20,376.19873046875,377.6186558198573,372.6346814850552,374.00694154890255,71843800
2022-07-21,380.0296630859375,380.0772992947523,373.20648868060636,375.61746830171614,64903900
2022-07-22,376.50372314453125,381.35427008262405,374.2738075771249,380.15356421213477,72197300
2022-07-25,376.9611511230469,377.8188064784601,374.7121578166086,377.1326763777424,53631500
2022-07-26,372.50128173828125,375.5221383804845,371.6055000576572,375.3124867300845,52946400
2022-07-27,382.1738586425781,383.9272959190515,375.5126698687743,375.8080841930643,82342100
2022-07-28,386.9671936035156,387.66283348896036,379.41976258385523,382.9838409651642,73966600
2022-07-29,392.60870361328125,393.59978693143717,387.63426743595056,388.40616019778315,87003700
2022-08-01,391.4460754394531,393.9618954868596,389.1875723544022,389.9022899930606,69997500
2022-08-02,388.863525390625,393.5711340175346,387.68186833804964,389.8736572094908,63435400
2022-08-03,394.9529724121094,396.12509070824535,390.71230285807104,390.9981782761689,67820600
2022-08-04,394.6861877441406,395.5628918410747,393.0375617721677,394.87676168254734,45656600
2022-08-05,394.0190734863281,394.66707717050787,390.3311350966772,390.388310181638,56814900
2022-08-08,393.5616455078125,397.9738404362048,392.4562120570023,395.715337324213,53886100
2022-08-09,391.9988098144531,393.3329436008308,390.92196391054046,392.82787762877587,44931800
2022-08-10,400.2323913574219,400.37535816948497,397.1162325129598,399.0793215585019,68665700
2022-08-11,400.2323913574219,404.9590789010792,399.4890860788374,403.0912622876605,59489700
2022-08-12,407.00787353515625,407.1126848285764,401.2234185174377,402.1763753606097,61694500
2022-08-15,408.68505859375,409.20920230766916,404.73029350332524,404.7874685874713,54048300
2022-08-16,409.4855651855469,411.4200664046575,406.79821992098886,407.60823905019834,59289000
2022-08-17,406.5789489746094,409.2948812439527,404.5682244020966,405.87377035970786,63563400
2022-08-18,407.7606506347656,408.4467515305424,405.4830701942073,406.77907732880357,49023200
2022-08-19,402.28118896484375,405.25440946456814,401.4044559314192,404.98758272951426,68016900
2022-08-22,393.90472412109375,397.6022013931033,392.9994034708054,397.43064705593497,77695600
2022-08-23,392.9517517089844,395.87733613472665,392.39902046586167,393.4758663287654,49105200
2022-08-24,394.20965576171875,395.5818868105569,392.0369154016521,392.72301638510424,49177800
2022-08-25,399.77490234375,399.8225385492928,394.609863874263,395.70575833914074,50942300
2022-08-26,386.242919921875,400.2037312847819,386.1857448401869,399.6605680087445,103087000
2022-08-29,383.68902587890625,386.74800926201755,382.3263045463414,383.27926140804027,65370800
2022-08-30,379.4769592285156,385.08988933213567,377.3709326212233,384.851650106996,85652400
2022-08-31,376.5894470214844,382.3643626848254,376.456048197128,381.115991650528,76029700
2022-09-01,377.77117919921875,378.11422971671993,371.69130965116875,374.4072425757973,78740100
2022-09-02,373.7877197265625,382.6692829844878,371.96756897369653,381.44949959452725,99632100
2022-09-06,372.3774108886719,375.57933179810465,370.1474954520454,374.6359138662064,76637400
2022-09-07,379.0671691894531,379.83906190032036,371.8437691661729,372.06293062608904,70964200
2022-09-08,381.54486083984375,382.00226150651457,375.57934176857907,376.7896155569929,80821700
2022-09-09,387.47222900390625,388.33942315556953,383.52697401163135,383.79380074430213,76706900
2022-09-12,391.63665771484375,392.360914189905,389.2447268378426,389.5496799938614,69256300
2022-09-13,374.6072998046875,384.1368671918231,373.48281783266907,382.9265935212206,122947100
2022-09-14,376.0366516113281,377.56138787188934,372.7203524257519,375.91276260963076,85023700
2022-09-15,371.7674560546875,377.3327195866275,370.4904975908934,374.4738495411969,87633800
2022-09-16,368.93133544921875,369.59157905276464,365.63011743148934,367.57259441105026,103084800
2022-09-19,371.7923889160156,371.7923889160156,365.6971224730672,365.7736885415829,73278500
2022-09-20,367.5247497558594,369.467197620889,364.75940646491324,368.45291622543897,77274900
2022-09-21,361.11370849609375,372.51959913129366,361.1041304377305,369.457598997585,106746600
2022-09-22,358.0804138183594,361.98443625276843,357.3340552999548,360.33861628892794,89472600
2022-09-23,352.08087158203125,354.6357020723969,347.6218469958117,354.5974190369315,122346900
2022-09-26,348.59783935546875,354.24337513079183,347.373045054377,350.6072752623192,92581200
2022-09-27,347.7079162597656,354.42514263246454,345.3061598238864,352.14778414446056,108294100
2022-09-28,354.549560546875,356.2432124213187,346.96157731312644,348.66480724606794,110802200
2022-09-29,347.14337158203125,351.27703369645445,344.18664256070633,350.9899839667711,112952300
2022-09-30,341.7753601074219,350.12885893091953,341.64141328029035,346.19610182658244,153711200
2022-10-03,350.7986755371094,352.6550087363578,343.7178316932625,345.5071768736486,89756500
2022-10-04,361.6686706542969,361.6973756271638,350.7603429439157,356.3388901479635,103602800
2022-10-05,360.8266296386719,363.0944101650707,354.9514544776004,357.2862230097623,88065700
2022-10-06,357.1043701171875,362.3862890220764,356.6067783672369,359.4199822408717,82333500
2022-10-07,347.14337158203125,357.19052094050096,345.3731537119263,353.0568296246811,107789500
2022-10-10,344.4928283691406,348.50212184161734,342.24420395687974,348.2629039933855,76042800
2022-10-11,342.31121826171875,347.37307692739586,340.36877018719497,342.7896540357532,92482800
2022-10-12,341.18206787109375,344.3014780144964,340.93327195985853,342.7226460270839,76991800
2022-10-13,350.18621826171875,351.6598083555464,333.09648032022864,334.14904467296265,147254500
2022-10-14,342.20587158203125,354.2911602043447,341.5647549925979,352.6548893333673,123737000
2022-10-17,350.9995422363281,352.1095164641869,341.87098172888943,348.3107361814287,93168200
2022-10-18,355.12371826171875,359.25741007782193,351.66939702235186,358.95120419483646,97162900
2022-10-19,352.6071472167969,355.8126725772297,349.7843646155051,353.07600490663964,79746900
2022-10-20,349.650390625,356.5972865092172,348.8848759647924,352.15738908420826,88283100
2022-10-21,358.14739990234375,358.6353844531529,347.8610324838875,349.3728764279388,131038400
2022-10-24,362.5298767089844,363.6685560552677,357.0182878867323,359.67841851526555,85436900
2022-10-25,368.31890869140625,368.6346633675463,362.33846314683217,362.4532830290649,78846300
2022-10-26,365.5440673828125,370.86427098643634,364.90297978242853,365.1613245943351,104087300
2022-10-27,363.5919494628906,368.3954326435596,362.9699597869233,366.5486781324081,81971800
2022-10-28,372.2420959472656,372.7205316401089,363.30492070912123,363.4867286085135,100302000
2022-10-31,369.5532531738281,371.6488036375308,368.64424296808414,369.77334408329176,96631300
2022-11-01,367.93621826171875,373.55307848970085,366.7592850069132,373.31386061496465,85407600
2022-11-02,358.702392578125,371.86895295670394,358.59715073623875,367.3429405262177,126990400
2022-11-03,355.0088195800781,358.0612412705242,352.88456419051056,355.44897218832546,87100100
2022-11-04,360.1185607910156,362.5298662303547,354.04242150065716,360.74052136688584,103505200
2022-11-07,363.56329345703125,364.15654904195054,359.3339090978177,361.4198817033071,68286900
2022-11-08,365.52490234375,368.51033666449064,361.4294936112006,364.6732727169054,84641100
2022-11-09,357.9942626953125,364.701939825667,357.49667093242965,363.54410453233925,78495500
2022-11-10,377.6675720214844,378.0024828489434,369.0078976049732,371.31393196232233,141455800
2022-11-11,381.32281494140625,382.1265833794771,376.6341219172314,378.5287377221533,93839900
2022-11-14,378.07904052734375,382.9208077010258,377.8015396320112,379.55263072845537,71903500
2022-11-15,381.3036804199219,384.9589362297327,377.4761947639268,383.8489618853264,93194500
2022-11-16,378.394775390625,380.6242727188842,377.76323681489697,379.6674013983378,68508500
2022-11-17,377.2369689941406,377.9163687088292,373.3138196401911,373.6199962931831,74496300
2022-11-18,378.9497985839844,380.65302859427004,376.0887622973976,380.58604058453875,92922500
2022-11-21,377.5718078613281,378.74876996403566,375.7250534313708,377.6196689427408,51243200
2022-11-22,382.6529235839844,382.8156045946471,378.1077837621158,379.52396415596064,60429000
2022-11-23,385.0641784667969,385.55216299448375,382.088293407133,382.31793318486797,68261600
2022-11-25,384.97802734375,385.5330290650388,384.22212002199467,384.49959168124366,30545400
2022-11-28,378.8349304199219,383.52359408000194,378.0694158378015,381.8777742301874,67881600
2022-11-29,378.1842346191406,380.1649359134202,376.33745091373254,378.9688468510178,52310000
2022-11-30,390.0972900390625,390.0972900390625,376.5097349096026,378.4330263925904,144566700
2022-12-01,389.8102111816406,392.3172091630941,387.29363514332283,391.1402470231034,76398200
2022-12-02,389.3605041503906,390.26951436446797,384.7962385623238,384.9014803886444,85342700
2022-12-05,382.3561706542969,387.465859509814,380.99742986274117,386.528144394868,77289800
2022-12-06,376.8446044921875,382.73893509896084,374.7490832479397,382.1935406607727,77972200
2022-12-07,376.20355224609375,378.576603761954,375.0648729769194,375.9930393761272,65927900
2022-12-08,379.1507568359375,380.2224482522507,376.3088472902423,378.09822153867344,60737900
2022-12-09,376.3183288574219,380.4711466315057,376.1939309211038,377.906738656957,81447700
2022-12-12,381.7438659667969,381.7438659667969,376.442790105869,377.112582581271,75405800
2022-12-13,384.633544921875,392.7860776160368,381.8586240838293,392.52773288607386,123782500
2022-12-14,382.1744079589844,388.01132898247715,379.2176790178847,384.28908544733156,108111300
2022-12-15,372.8258056640625,378.2034182224786,371.16085878407677,377.29437871823495,117705900
2022-12-16,368.42413330078125,371.60591903070724,366.28053050111725,370.2601535058197,119858000
2022-12-19,365.300048828125,368.95287477023777,363.62745650152823,368.6164260296432,79878100
2022-12-20,365.79986572265625,367.4244062499485,363.21405999982943,364.5406106633448,74427200
2022-12-21,371.26953125,372.4038173364099,367.86664365527946,368.40494991105,78167400
2022-12-22,365.97296142578125,371.25029904353386,360.2534206059007,368.2126968828108,100120900
2022-12-23,368.0780334472656,368.22221734927666,363.3870549319492,364.9442997446356,59857300
2022-12-27,366.6265869140625,368.30880122283816,364.94437260528684,367.9627597889249,51638200
2022-12-28,362.0701904296875,368.5395164418001,361.8394961456738,366.559282940557,70911500
2022-12-29,368.58758544921875,369.46234043156596,364.3964532994833,364.92516683940227,66970900
2022-12-30,367.61669921875,367.7608831535474,363.77163783487043,365.89605537101687,84022200
2023-01-03,366.0691223144531,371.4618075052157,363.1949186189587,369.48160298932663,74850700
2023-01-04,368.8951721191406,370.93304981286974,365.2808052899679,368.3376218305615,85934100
2023-01-05,364.6848449707031,367.04954946455626,364.08886516079207,366.9342023188302,76970500
2023-01-06,373.0478210449219,374.172514342468,364.71366740381876,367.78969873225174,104189600
2023-01-09,372.83636474609375,378.4501802079773,372.6537513181587,375.2491501630905,73978100
2023-01-10,375.45098876953125,375.51828438119253,371.3079376645078,372.24998822129896,65358100
2023-01-11,380.1996154785156,380.2765331252474,376.21999265701146,377.0370739744866,68881100
2023-01-12,381.5838928222656,383.05462766402485,377.21976916675254,381.3051469866937,90157700
2023-01-13,383.0642395019531,383.64100457532766,378.1041068077167,378.37325993055947,63903900
2023-01-17,382.3625183105469,384.7272522586673,381.68002810706065,383.0450378495243,62677300
2023-01-18,376.3258361816406,384.6215624704066,376.1239786325473,383.55457180398867,99632300
2023-01-19,373.586181640625,375.93164211812586,372.2596307570735,374.27826453413996,86958900
2023-01-20,380.5457458496094,380.6995518316875,373.3362554518386,374.9896330898137,91806400
2023-01-23,385.1117248535156,387.0534702139708,380.39190867323447,381.35317398077467,84178800
2023-01-24,384.6983947753906,385.61157923279035,382.23755789038205,383.4295175059516,59524900
2023-01-25,384.8425598144531,385.1790085287634,378.31556036459153,380.6129984594492,84800300
2023-01-26,389.0721435546875,389.2355715689227,384.53497000924045,387.5148984088141,72287400
2023-01-27,389.96612548828125,392.35007414970727,387.8129004621486,388.02438001546454,68346200
2023-01-30,385.0733337402344,389.4374872178155,384.7753437893362,387.197722229523,74202000
2023-01-31,390.735107421875,390.78315894993915,385.2462617503417,385.59233249306016,86811800
2023-02-01,394.8877868652344,397.64664301137975,386.7651124067299,389.51431717670346,101459200
2023-02-02,400.6361999511719,402.1069348680651,396.8872706861001,398.79055744002517,101654500
2023-02-03,396.3777770996094,400.81881836953994,395.16657335854075,395.647206038585,94736800
2023-02-06,393.9553527832031,395.35882127051354,392.2923825560251,393.91692329199503,60295300
2023-02-07,399.1077880859375,400.3574213852453,391.78295035245776,393.0325836517656,90990700
2023-02-08,394.74359130859375,398.47330538262435,394.0514791161398,397.1275398238218,76227500
2023-02-09,391.3215637207031,398.5118401267793,390.0911450703286,398.3580341285456,78694900
2023-02-10,392.2347412109375,392.6192415030363,389.3221082284389,390.13916034833926,70769700
2023-02-13,396.83917236328125,396.9737635969899,392.42696780662374,392.8883857479932,64913500
2023-02-14,396.6565246582031,398.9731481995332,392.6864943036978,395.3107297793623,88389300
2023-02-15,397.94464111328125,398.02152943385084,393.6093249869712,394.4552431906893,61555700
2023-02-16,392.4654541015625,396.9161177986782,392.33089219392804,392.9557088651088,76431500
2023-02-17,391.4849853515625,391.7253017194627,388.39930206616765,390.3314550514437,89257800
2023-02-21,383.63140869140625,388.50503135725484,383.3718775916629,387.4476335398875,82655900
2023-02-22,383.1026916503906,385.59236532715204,381.6415495785843,384.04471289617135,83742300
2023-02-23,385.1405334472656,386.6208901264533,380.90135023106023,386.0056662936268,96242400
2023-02-24,381.0263671875,381.86266335503956,378.39250949469886,380.1035606580243,108194400
2023-02-27,382.3241271972656,385.7462299348449,381.3820764727994,384.38122005535257,80444700
2023-02-28,380.9110412597656,383.81405224104327,380.8052868100692,381.8434698821235,96438600
2023-03-01,379.44989013671875,381.32436937882426,378.1425832891619,380.0939508547448,99706800
2023-03-02,382.4009094238281,383.24682749916593,377.1331655318064,377.4696142211548,85127800
2023-03-03,388.5337829589844,388.7837212979694,383.5736510140776,384.22730430859224,90120000
2023-03-06,388.8030090332031,391.6675904235153,388.3608351727829,389.3605300454294,72795900
2023-03-07,382.8431091308594,388.99523033703184,382.22791461153497,388.75491401914974,108310600
2023-03-08,383.4679870605469,384.2273655669412,381.228222362903,382.95851759749536,74746600
2023-03-09,376.3930358886719,385.9288005055939,375.4029338100162,384.2561789471598,111945300
2023-03-10,370.96197509765625,377.93115001910456,369.43356646272906,375.84519096258424,189253000
2023-03-13,370.43316650390625,375.26835892366137,365.90561534334864,367.02068656518105,157790000
2023-03-14,376.5564880371094,378.20986562096294,372.05774388118834,375.3741210898015,149752400
2023-03-15,374.2013854980469,374.4032430136639,368.84713029743835,370.9427111182641,172996900
2023-03-16,380.76678466796875,381.11285543111916,371.3271816979503,371.83665113455567,143254200
2023-03-17,376.31463623046875,380.56999909987053,374.925128785462,379.43138394137793,140553400
2023-03-20,379.93310546875,380.34804947070256,376.39181416317825,377.096197140022,93055800
2023-03-21,384.9218444824219,385.4043115062477,381.70859761316973,383.31039166596554,91524200
2023-03-22,378.36029052734375,388.3763110569279,378.32171436604824,384.74817891591067,111746600
2023-03-23,379.3830871582031,385.2884781128937,376.6619664014507,381.23574381783914,119351300
2023-03-24,381.87261962890625,381.95946015274023,375.7452830138486,378.0997242626186,107682400
2023-03-27,382.5867004394531,384.9315126123636,381.6893188206897,384.15954768698845,74010400
2023-03-28,381.7278747558594,382.5866506547417,379.88484738613244,381.89189703603546,62871700
2023-03-29,387.2762756347656,387.5175091402753,384.69988883904426,385.9060563665928,77497900
2023-03-30,389.5438537597656,390.1710549480257,387.67187951037874,389.9201626937426,69840000
2023-03-31,395.0343322753906,395.3334594504177,390.36402594491756,390.47018399433404,112062600
2023-04-03,396.5396423339844,396.94489812673964,394.1176485509198,394.51327502786114,67391100
2023-04-04,394.339599609375,397.47563517993467,392.95972157826725,397.18613730495184,66601500
2023-04-05,393.3070983886719,394.3685316622369,391.64741075567434,393.60622556838814,65200200
2023-04-06,394.84136962890625,395.12120875106916,391.45444166145506,392.50621625119436,63743300
2023-04-10,395.24658203125,395.32379323799756,391.73423775786677,392.3517801746106,63681000
2023-04-11,395.352783203125,396.76157868174016,394.5808477361319,395.87385583944314,59297900
2023-04-12,393.7413024902344,397.7168552613543,393.1527068916333,397.4273573961428,86420400
2023-04-13,398.9712829589844,399.3283038460065,393.68343376221134,394.83170763787456,85814800
2023-04-14,397.9967041015625,400.5344854544586,395.6808681891024,398.33443692050383,78161500
2023-04-17,399.4248046875,399.4440927674988,396.6747367439795,397.90985115526007,66436400
2023-04-18,399.685302734375,401.14236249332856,398.30545418576855,401.0072575989454,63560000
2023-04-19,399.6178283691406,400.5248393452402,397.70724822108326,397.7651419121651,55227300
2023-04-20,397.4370422363281,399.19322927918245,395.8834830992031,396.79052346430586,75840400
2023-04-21,397.74578857421875,398.2089380268862,395.7869738207864,397.7361298114724,73457400
2023-04-24,398.16070556640625,398.58527886560444,396.2018908008796,397.54313369577346,64332100
2023-04-25,391.8404235839844,396.7423052676906,391.78252989419235,396.18262700309856,97766700
2023-04-26,390.1806945800781,393.5386754708215,389.6210458220118,392.4579541121772,80447000
2023-04-27,397.94842529296875,398.2186056288377,392.47723668231237,392.72812893970786,92968400
2023-04-28,401.34503173828125,401.354690502432,397.00282830350733,397.0607219935082,89433100
2023-05-01,400.93975830078125,402.97575502045316,400.7081541034972,400.9011526933255,62122300
2023-05-02,396.43353271484375,400.2739811366578,393.51944225597487,400.2257167618957,103998500
2023-05-03,393.7123718261719,399.3572417840884,393.4711383189741,396.9352479486394,91531800
2023-05-04,390.9237365722656,392.98868012756435,389.5824641073576,392.6606060841038,94901900
2023-05-05,398.16070556640625,399.2124800515957,394.31062848009987,394.57115004883383,87891800
2023-05-08,398.26690673828125,398.74937380733377,396.8581111419347,398.4888521911285,50046800
2023-05-09,396.52032470703125,397.6396516896296,396.2887499683726,396.7133232875461,49220100
2023-05-10,398.373046875,400.00378785079255,394.5325985771212,399.36692781461454,96142900
2023-05-11,397.67828369140625,397.96775213394324,395.59402256278725,397.50460262588405,70157100
2023-05-12,397.1572265625,399.13535915528234,394.72560320784424,398.92307247331183,70481500
2023-05-15,398.5274353027344,398.9326911272858,395.84491972814425,397.76512913138123,54289400
2023-05-16,395.8641357421875,398.34402295304176,395.85447697992515,397.41766519923533,57705500
2023-05-17,400.6695861816406,401.2774699124527,396.240542315304,397.89057133669587,87287000
2023-05-18,404.529296875,404.95387019652003,400.1292001314732,400.3511161080979,97177200
2023-05-19,403.940673828125,405.9670411550364,402.71521822657564,405.4363392242152,103793300
2023-05-22,404.1047058105469,405.64860605306404,402.71519853702625,403.9599716044401,60745400
2023-05-23,399.5695495605469,404.0371990614997,399.1739230541448,402.45469303589124,86383500
2023-05-24,396.6746826171875,398.3440289039843,395.5071208163936,397.9580612245218,89213700
2023-05-25,400.10986328125,401.5669229937081,397.94842061968114,400.1967038045329,90961600
2023-05-26,405.2915954589844,406.015296007875,400.6888705691221,400.7660523374588,93830000
2023-05-30,405.4459533691406,407.76178903576425,404.0564460796768,407.23108712480087,72216000
2023-05-31,403.19769287109375,404.5196477889496,401.6248456806696,403.6126074392259,110811800
2023-06-01,407.0284423828125,408.0898756082437,402.1748258336311,403.42922817894714,88865000
2023-06-02,412.9145202636719,413.70574366785263,409.08373156939723,409.6144334261893,91426200
2023-06-05,412.1233215332031,414.5549446371605,411.41890910486813,413.26193659754,65460200
2023-06-06,413.0207214355469,413.55142338559835,411.0522477225799,411.70842525853584,64022200
2023-06-07,411.5926513671875,414.5550062856108,411.1680779838814,413.41639105195054,85373300
2023-06-08,414.0821533203125,414.53567350141725,410.888223972674,411.6601594331947,61952800
2023-06-09,414.82513427734375,416.84184286960624,413.8312534027369,414.88302796344124,85742800
2023-06-12,418.5883483886719,418.6655595975771,415.08566278011017,415.8093632644941,76104300
2023-06-13,421.34808349609375,421.9945727847897,419.38926865621204,420.05507547125325,95899700
2023-06-14,421.8498229980469,423.66390356059924,418.38571360357616,421.6858007148604,100612100
2023-06-15,427.0797424316406,428.3341447003462,420.9331183095818,421.02958813990904,110303100
2023-06-16,425.62506103515625,429.6444062311506,425.1504965071728,429.072983957888,114165800
2023-06-20,423.4168395996094,424.56937878552253,421.3345310858184,423.6783584670495,76160400
2023-06-21,421.24737548828125,423.2328262923549,420.65656392245774,422.4289690630937,76982300
2023-06-22,422.76800537109375,422.874528215152,419.9496130860849,420.28860046080854,70637200
2023-06-23,419.57183837890625,421.36360329009193,418.8551442371661,419.3006544152612,92074500
2023-06-26,417.8575439453125,420.92773045025166,417.61541436670325,419.0003884627084,72823600
2023-06-27,422.4386901855469,423.05852660175333,418.2837379082009,418.7389427456429,72813700
2023-06-28,422.6517333984375,423.6686658346734,420.7340564410632,421.35389281030996,75636000
2023-06-29,424.3175964355469,424.48225757414235,421.8285265262779,422.23528771625286,67882300
2023-06-30,429.3248291015625,430.3127072151387,427.2231311982605,427.542758817571,104964000
2023-07-03,429.8187561035156,430.099605137091,428.6952712987132,428.9761498891222,32793400
2023-07-05,429.1795959472656,429.9156794454101,427.9883075842431,427.9980022271676,58418400
2023-07-06,425.8187561035156,426.24490651683845,423.3006026311988,425.5863211714605,80658300
2023-07-07,424.74371337890625,428.7049794666193,424.5015837898049,424.82121139924607,86134200
2023-07-10,425.8187561035156,425.99308230255696,423.81391614404225,424.3853383898995,62443500
2023-07-11,428.5306091308594,429.0245629340207,425.6056944344112,426.5839073993123,64463800
2023-07-12,431.9785461425781,433.3926042220803,430.9035049555948,432.3369227617404,91924500
2023-07-13,435.4070739746094,436.20126605489855,433.3635145986812,433.7993300889627,72425200
2023-07-14,435.1359558105469,437.15046112494997,434.3708179806255,436.29818974063414,69815800
2023-07-17,436.6468811035156,437.70256273163255,434.942279069281,434.99072272884047,52680200
2023-07-18,439.8913269042969,440.54021761031777,435.88164697449844,436.317492030114,80668200
2023-07-19,440.86962890625,442.06088773375006,439.8139177410891,440.68560802842114,65891700
2023-07-20,437.94464111328125,440.7727278339868,437.2279469585864,439.87201281954555,70591600
2023-07-21,437.94464111328125,439.87201281954555,437.93497602797174,439.6686026755085,71275600
2023-07-24,439.9010314941406,440.7145833337671,438.0608230459974,439.09714473903944,54023400
2023-07-25,441.10205078125,442.36111295935297,439.58146970198135,439.6299133591932,55191200
2023-07-26,441.1698303222656,442.6032186524467,439.1068813802226,440.16256290012274,71052900
2023-07-27,438.2448425292969,444.97605663564536,437.33443294941236,444.5692659386792,92194400
2023-07-28,442.5354919433594,443.3684036772158,438.244932467781,441.52822441397353,80011800
2023-07-31,443.3780517578125,443.73639884087777,441.69280962360494,443.0100100324472,62040400
2023-08-01,442.1092529296875,442.8550013949116,441.1503996951611,441.9058428017626,55291500
2023-08-02,435.9591979980469,439.24246004875226,435.2037548181366,438.9809707176882,93933400
2023-08-03,434.70977783203125,436.598400459704,433.2860546583424,433.93497496555943,64276100
2023-08-04,432.7436828613281,438.6419560832141,432.2206746748888,436.53059316769526,100128900
2023-08-07,436.52093505859375,436.67590155483515,433.88656373616396,434.58389819083175,58357500
2023-08-08,434.62261962890625,436.5112422778829,431.2521650523819,433.9736993143693,71361300
2023-08-09,431.71710205078125,435.0585025489514,430.9519641941149,434.89384140631273,78789600
2023-08-10,431.8720397949219,437.47976956144277,430.7001408163222,434.08026054677345,93005500
2023-08-11,431.6202087402344,432.6371707700478,429.39262829617013,429.9931049607352,68690900
2023-08-14,434.0027770996094,434.0027770996094,430.390222291899,430.70015528143995,47867400
2023-08-15,428.9471435546875,432.57908768331487,428.37569166843355,432.22071103488054,75707500
2023-08-16,425.7994079589844,430.19645984639186,425.6928555743393,428.5306071554129,80107200
2023-08-17,422.5549011230469,427.5330703308015,422.0318929109953,427.2715810031936,95711300
2023-08-18,422.75830078125,423.7946226099103,419.3781808700758,419.7268333226135,98852000
2023-08-21,425.5088195800781,426.25456801870916,421.6153867167136,423.7751635748503,68719000
2023-08-22,424.3563232421875,427.29093275792906,423.79459558552884,427.29093275792906,64994200
2023-08-23,429.08270263671875,429.7025685957629,425.27643244437724,425.42170429201707,68441000
2023-08-24,423.1360168457031,431.203762091387,423.10693291921746,430.6904485230162,88517300
2023-08-25,426.1190490722656,427.4071655617542,421.30551135792575,424.86965203853134,102325100
2023-08-28,428.8211975097656,429.4410338891343,426.1190230158921,428.31754904739176,61595400
2023-08-29,435.0196838378906,435.300562421232,428.5305993952666,428.71462023709375,83081900
2023-08-30,436.8114929199219,437.4507186105633,434.65168624806546,435.35871532032854,69053900
2023-08-31,436.1722412109375,438.5741477826128,435.9882203614193,437.43130323274573,66084600
2023-09-01,436.9858703613281,439.3878069146696,435.52339794812025,438.90354765804074,58944100
2023-09-05,435.0971984863281,436.8599090757818,435.02942466122306,436.540311007373,55166200
2023-09-06,432.1722717285156,434.39018708961373,429.838138891174,434.2836346985003,70758500
2023-09-07,430.8454284667969,431.52337363207397,428.8115338572922,429.16018630397696,70355400
2023-09-08,431.4942932128906,433.0342338731247,430.53546948555345,430.89381655306994,61659700
2023-09-11,434.3320617675781,434.64196517344953,432.41438481227607,434.12865163508343,60180100
2023-09-12,431.9494934082031,434.4095383156122,431.36840603835697,432.87929231362625,67565400
2023-09-13,432.453125,433.61532925118615,431.0681213376737,432.17224641097573,60199300
2023-09-14,436.1819152832031,436.87924968605284,433.6250421773107,434.9325478772583,83430800
2023-09-15,430.92669677734375,434.9213639440362,430.4893439452129,434.5909096949505,111848900
2023-09-18,431.17938232421875,432.48177122246517,430.13940510883424,430.6156436055034,55752200
2023-09-19,430.28521728515625,430.8489560404354,427.59296875309155,430.2560604296138,66514600
2023-09-20,426.3294372558594,431.9666464690887,426.1253096194747,431.54872168026867,82562600
2023-09-21,419.2829284667969,423.7343763843457,419.1274153539834,423.471964690838,104095800
2023-09-22,418.34014892578125,421.91686152279107,417.9221944600517,420.31317519118926,100829700
2023-09-25,420.09930419921875,420.13816022735995,416.6878042505996,417.1251866864549,70874500
2023-09-26,413.92755126953125,417.7569763279254,413.09167201085535,417.04745332495224,96168400
2023-09-27,414.0927429199219,415.667301957409,410.4382888305996,415.1035632540751,104705800
2023-09-28,416.4934387207031,418.1748963964089,412.94588306815257,413.53877864718345,92258300
2023-09-29,415.4826354980469,419.72998517929483,413.9566909765415,419.55504406068815,115111300
2023-10-02,415.3173828125,416.57118678559624,412.5473631951858,414.6467455474316,83798600
2023-10-03,409.7579345703125,415.37571578475433,408.3875031242602,413.13054906663035,103760600
2023-10-04,412.7417297363281,413.4901086621517,408.7567921474305,410.22442281009756,87453000
2023-10-05,412.58624267578125,413.4318210422045,409.34971346962845,412.4501575928168,70142700
2023-10-06,417.4848327636719,419.0302053529861,408.795734309722,410.12728008196234,113273300
2023-10-09,420.15765380859375,420.7310917141289,415.0258398518271,415.57982008053864,80374400
2023-10-10,422.3444519042969,424.94922940579903,420.3908539476259,420.78935067645915,78607300
2023-10-11,424.0745544433594,424.3272372952325,421.0226652550823,423.41364596754795,62451700
2023-10-12,421.48919677734375,425.06590928014145,419.12740262422676,424.68687017880916,81154200
2023-10-13,419.38983154296875,424.2009202698343,417.8153020428582,422.9957010478843,95143100
2023-10-16,423.802490234375,424.8716245266584,421.4018099121516,421.64479363034786,75433200
2023-10-17,423.78302001953125,425.8435468042141,420.3132351687491,420.663117475276,75324700
2023-10-18,418.1360168457031,422.9665334664685,417.04745473303933,422.0043276099341,93559800
2023-10-19,414.4620666503906,420.67274301604505,413.7817302232839,418.8552300497727,121323000
2023-10-20,409.3691711425781,414.56902762423476,409.2622429037748,414.02474657512494,123919900
2023-10-23,408.6596984863281,412.53773851530804,406.07434835404024,407.8335479725251,92035100
2023-10-24,411.7406921386719,412.89729677768196,408.931786683621,410.7881854768129,78564200
2023-10-25,405.8313293457031,410.0787089756388,405.31620513197595,410.0495521205634,94223200
2023-10-26,400.97161865234375,405.61746498467414,400.04829855300767,404.76218742791497,115156800
2023-10-27,399.15411376953125,402.9641106372074,397.72536865178915,402.5656138725483,107367700
2023-10-30,403.9263610839844,404.9857664071122,400.650945706927,401.95333471869225,86562700
2023-10-31,406.46307373046875,406.7837991071731,402.58503439104294,404.4997467967024,79665200
2023-11-01,410.79791259765625,411.6143341639396,406.9004450659712,407.4350269329694,98068100
2023-11-02,418.6706237792969,418.82613689913995,414.58848595142564,414.6079139684955,94938900
2023-11-03,422.49029541015625,424.04539685609643,420.8574522394109,420.9838084956757,100167800
2023-11-06,423.4622497558594,423.9093314316939,421.5086514345454,423.24842292635685,67831700
2023-11-07,424.6673889160156,425.30886932835017,422.3153237318798,423.4621994716184,64256100
2023-11-08,424.97845458984375,425.7948761919887,422.6652452198862,425.2700231402192,61746000
2023-11-09,421.66412353515625,426.1641856948334,421.2364699177512,426.12530000386255,83174400
2023-11-10,428.2441101074219,428.5551363127825,421.6543943944366,423.74407761206675,89462200
2023-11-13,427.8359680175781,428.9439582296362,426.11565415573483,426.90291894514576,52236100
2023-11-14,436.1361999511719,437.4288598477966,433.57027850978193,433.79383413358266,97176900
2023-11-15,437.0595703125,438.71187109713105,436.20426306686005,437.47749509718125,77327600
2023-11-16,437.5941467285156,437.9148721110953,435.54334919989805,436.6124832436495,66665800
2023-11-17,438.1383972167969,438.7507207474031,436.6804953481496,437.6038154016392,83133200
2023-11-20,441.5110168457031,442.3565951941878,437.87596130543926,437.885690142899,69936200
2023-11-21,440.5488586425781,441.384737961191,439.2756264779716,440.4613880733794,49244600
2023-11-22,442.24969482421875,443.57154137515226,441.15143358240533,442.2108387941116,59394900
2023-11-24,442.5218200683594,442.71621885655264,441.96783987808084,442.29829408913685,29737400
2023-11-27,441.724853515625,442.70648730503876,441.3360559416218,441.8900657895949,50506000
2023-11-28,442.1622314453125,443.4646203412509,440.7723719885752,441.3360810451993,62115000
2023-11-29,441.8511962890625,445.4570951907533,441.45272918496346,444.3199186012006,63146000
2023-11-30,443.5909729003906,443.9408848017652,440.6168552136203,442.69680962338475,79752700
2023-12-01,446.2152099609375,446.7497621614447,442.385785013724,442.97865092115586,89183400
2023-12-04,443.87286376953125,446.23465798918113,441.5888112755702,442.81345849809685,72430900
2023-12-05,443.7853698730469,444.74757569096187,442.1039122401313,442.482980993305,69793500
2023-12-06,441.9970397949219,445.96252037504996,441.5596573094173,445.93336352008924,69124700
2023-12-07,445.3695983886719,446.02077795454375,443.4840429089197,444.0866376096692,66995400
2023-12-08,447.2843933105469,447.81894556995786,444.37828817680423,444.6212718694629,83194400
2023-12-11,449.0240783691406,449.1990491481444,446.5748137350945,446.78864054401777,65002200
2023-12-12,451.0748596191406,451.1720590126142,447.673088475197,448.67417993968536,68327600
2023-12-13,457.2952880859375,457.54800060597285,451.0943397950226,451.4539508974767,93278000
2023-12-14,458.76287841796875,460.4346071833905,456.0803293229431,459.2391168995005,119026000
2023-12-15,458.0075378417969,459.3445120086127,456.15338074265475,458.1636814623305,141553700
2023-12-18,460.5838623046875,461.56950587867277,458.5540548031128,459.61775529658735,70375300
2023-12-19,463.38458251953125,463.46266921411814,461.052256247002,461.1303131602408,55761800
2023-12-20,456.96337890625,464.41905073476056,456.5339913904281,462.5258502644597,102921000
2023-12-21,461.2962646484375,461.5695085402511,457.5293705169891,459.9592904756651,86667500
2023-12-22,462.22332763671875,463.9116026187795,460.3203886798005,462.4282531099421,67160400
2023-12-26,464.1750793457031,465.0826362249441,462.5551227779302,462.6332094792943,55387000
2023-12-27,465.0143127441406,465.16068807154204,463.4333996455085,463.9701191064298,68000300
2023-12-28,465.19000244140625,466.0292409103148,464.770383206952,465.37542113223043,77158100
2023-12-29,463.84326171875,465.5217683364712,461.8817429403466,464.9947873638026,122283100
2024-01-02,461.2474670410156,462.2428789339532,459.1395727623468,460.76929766113875,123623700
2024-01-03,457.4805908203125,459.82268558708614,456.8755528985423,459.08101082809003,103585900
2024-01-04,456.00701904296875,459.59823307859364,455.78255699773547,457.00240114962037,84232200
2024-01-05,456.6315612792969,459.09075619444957,455.1774869016725,456.21191228687286,86118900
2024-01-08,463.15045166015625,463.2968270078377,457.00241902536396,457.1292875871387,74879100
2024-01-09,462.4477844238281,463.4724415596584,459.97882114615163,460.4862655726299,65931400
2024-01-10,465.0631103515625,465.9316536258223,462.4380035262674,462.7210156897323,67310600
2024-01-11,464.85821533203125,466.5855039297226,460.8668888410367,466.0682912006048,77940700
2024-01-12,465.18023681640625,467.0539305202065,463.7652354820875,466.31225575267183,58026400
2024-01-16,463.4724426269531,465.1119059605971,461.64756060638337,463.79449814902443,85014900
2024-01-17,460.89617919921875,461.3841168761338,458.53454773915473,460.43751659166446,68843900
2024-01-18,464.99481201171875,465.5510680800572,461.02302217587135,462.5746603285912,91856200
2024-01-19,470.79150390625,471.07451607606174,465.04361399672933,466.12682126184484,110834500
2024-01-22,471.78692626953125,473.51421483133913,471.1330767139442,472.33341405568575,75844900
2024-01-23,473.1628723144531,473.4068411336017,471.2404266096584,472.333402154428,49945300
2024-01-24,473.6800842285156,476.9785174341802,473.18237833954385,476.04168556789347,81765000
2024-01-25,476.25640869140625,476.529652576822,473.6801134548218,475.817252905647,72525000
2024-01-26,475.6513671875,477.3201055543282,474.8023604707163,475.8270175879346,76641600
2024-01-29,479.4182434082031,479.564648526909,475.4171785408518,475.9636663212125,61322800
2024-01-30,479.0474548339844,479.75982476451486,478.2862434868122,478.72539929766515,58618400
2024-01-31,471.2306823730469,477.2810915278646,471.21114580645406,476.8321972165028,126011100
2024-02-01,477.3982238769531,477.4274989456315,472.128473264039,472.9384664663924,91891600
2024-02-02,482.4239501953125,484.08292030102734,477.49576216688445,477.8373244708508,99228200
2024-02-05,480.6673583984375,482.45322684265506,478.4033503772612,481.7896387981956,75757100
2024-02-06,482.0628967285156,482.3946907604105,480.17943474492984,481.6139726429951,55918600
2024-02-07,486.08349609375,486.5031153279947,483.40957750278733,484.3171641716027,70556500
2024-02-08,486.2981872558594,486.67876313703624,485.26376181906494,486.08349349833503,52343600
2024-02-09,489.10870361328125,489.5478296216965,486.46406015452993,486.805622459753,63979400
2024-02-12,488.8940124511719,491.3532074553824,488.171844486811,489.0794311383801,56502300
2024-02-13,482.1604309082031,485.0978249437322,478.8815043599049,482.5995866836909,113099200
2024-02-14,486.5421447753906,487.0300824146668,482.4727317600331,484.8050879708214,68387800
2024-02-15,489.8991394042969,490.08455808264773,486.76655843722136,487.24475755676514,61683000
2024-02-16,487.45947265625,490.73839931554534,486.71779791035453,489.5966419107854,75532900
2024-02-20,484.7758483886719,486.386036759877,482.5215787127143,485.712680385879,71736700
2024-02-21,485.2149658203125,485.3711094473026,481.6530268123209,483.46817041739837,59293400
2024-02-22,495.2567443847656,496.2228514595425,490.88481205787525,491.8509489140047,76402500
2024-02-23,495.5982666015625,497.8232610473495,494.8663601420095,496.98399282076,61321800
2024-02-26,493.7831115722656,496.4765368105967,493.65624302388784,496.03738103257336,50386700
2024-02-27,494.700439453125,494.92490148468676,492.5730385293385,494.47600720291285,48854500
2024-02-28,494.046630859375,494.63213220475586,492.7779751212326,493.13904421133424,56506600
2024-02-29,495.82275390625,497.442710623684,493.1586331577478,495.81301540369276,83924800
2024-03-01,500.47760009765625,500.90698759184596,496.29111670133034,496.70099741172936,76844800
2024-03-04,499.94091796875,501.79510491460894,499.64816728327304,499.6774721331723,49799300
2024-03-05,494.94439697265625,498.3794968768046,492.72917089960293,497.9305728239268,72855600
2024-03-06,497.452392578125,499.71643023233077,496.15449164144957,498.2330808403037,68382400
2024-03-07,502.3904113769531,503.44437348459263,497.5110343858354,500.7607161394779,58652100
2024-03-08,499.37493896484375,505.7180990051288,498.7991760778728,503.02473305199794,86532500
2024-03-11,498.9454650878906,499.5309961571461,496.2325332556427,498.1647768497815,62557200
2024-03-12,504.3128356933594,504.89833701294907,498.53561138081784,501.063154462892,73114400
2024-03-13,503.5223388671875,504.8105013823562,502.07806251504394,504.63485097974683,55104100
2024-03-14,502.5269775390625,504.654378460411,499.4724832072711,504.4982050635474,110171800
2024-03-15,499.07635498046875,500.90693694327877,497.4024316630392,499.44834457853835,107646300
2024-03-18,502.0424499511719,504.6071826366265,501.63132556015915,503.15841876026013,88893300
2024-03-19,504.8323669433594,505.11622858588777,500.3391555977347,501.3474589189953,60755300
2024-03-20,509.50177001953125,509.6388314126387,504.21570522772976,504.8911538105891,69594600
2024-03-21,511.1854553222656,513.0551421639301,510.90153393819924,512.3503575161087,60256100
2024-03-22,510.2163391113281,511.58677360023546,509.9813511510512,511.09731990824747,79070800
2024-03-25,508.80670166015625,509.96180518438194,508.65004302256665,508.8360378123517,48512100
2024-03-26,507.86688232421875,510.5784746025735,507.4655566293988,510.23582120674314,65463700
2024-03-27,512.1348876953125,512.1740822237578,508.5325161960011,510.7057213532242,82999800
2024-03-28,512.037109375,513.5446052867917,511.75324773349064,512.1741707527357,96294900
2024-04-01,511.146240234375,513.3194456399708,509.98133808737305,512.7810585421283,62477500
2024-04-02,507.8963928222656,508.0333944637519,505.58612571744646,507.30901247448907,74230300
2024-04-03,508.4542541503906,509.9618097488042,506.7509648748843,506.79989829415746,59155800
2024-04-04,502.248046875,512.8202352661735,501.94458795883435,512.4776415616462,96858100
2024-04-05,507.4949035644531,509.4625167939743,503.1681500346875,503.60867026854095,74546500
2024-04-08,507.77874755859375,509.20797367394556,506.96629754745067,508.1997302603524,48401800
2024-04-09,508.3661804199219,509.76601078340246,503.5009797426477,509.52128394193176,68049200
2024-04-10,503.2758483886719,505.2727978988181,501.288697511792,502.6493333372583,82652800
2024-04-11,507.0740661621094,508.5228300890004,501.2789507067751,504.8029936767474,70099000
2024-04-12,500.0748291015625,504.93999985889445,498.3421439610696,503.52057224224995,92561100
2024-04-15,493.8098449707031,504.43096625601453,492.95817044710765,504.26456872904316,92101400
2024-04-16,492.90924072265625,495.81659688850766,491.6170757880816,494.2895037381496,73484000
2024-04-17,489.9920654296875,495.5424832864925,488.5922350793865,495.3760558913513,75910300
2024-04-18,488.98382568359375,493.49660444266914,488.04408292123793,491.3919594558385,74548100
2024-04-19,484.7157897949219,489.90398704424035,483.44319225577453,488.9055122549044,102212600
2024-04-22,489.1795349121094,491.7834317965979,484.98001442133955,487.32938585975756,67961000
2024-04-23,494.9844970703125,495.4152186955436,488.99358884976584,491.19613039401867,64633600
2024-04-24,494.7495422363281,496.6681921802562,492.51763478656846,495.87527965691265,55928100
2024-04-25,492.8700866699219,493.6336332615344,486.9966421578613,488.6509980853357,69122400
2024-04-26,497.5394592285156,499.1252843555603,495.03345880263834,495.66974260530816,64306100
2024-04-29,499.301513671875,499.9769621780909,496.5507862258181,499.3308796993677,46415400
2024-04-30,491.3919372558594,498.8120420500729,491.3919372558594,497.83313467029427,77483600
2024-05-01,489.7962646484375,497.47089415641,489.32637839836104,490.8045379541996,80242800
2024-05-02,494.3775634765625,495.21943930763115,489.0131405991214,493.51612025365716,62550200
2024-05-03,500.5055847167969,501.7389877556503,497.83315669716075,500.37832197197366,72756700
2024-05-06,505.6742248535156,505.7133596420275,502.47317839654846,502.9136986953244,47264700
2024-05-07,506.232177734375,507.6320081205366,505.55672925106126,506.64330210533313,52561300
2024-05-08,506.2810363769531,506.8194234078402,504.2742884903253,504.3917525789641,42047200
2024-05-09,509.1982116699219,509.23740620188596,505.8112305297066,506.4670817147218,43643700
2024-05-10,509.8542175292969,511.61623911063947,508.6305831328405,510.80372914201587,52233200
2024-05-13,509.9226379394531,511.6455245585536,508.77733298725667,511.5378590818016,36716400
2024-05-14,512.2621459960938,512.7809955114608,509.5799497220426,510.11833675370696,57535900
2024-05-15,518.6055908203125,518.8992510906287,514.1025809336553,514.7388946424787,59504900
2024-05-16,517.5385131835938,520.3088376274046,517.3916531865508,518.7034152838155,50244800
2024-05-17,518.282470703125,518.3510013823711,516.1973934194888,517.6559557052394,59187600
2024-05-20,518.879638671875,520.3479997283454,518.0083967722392,518.399983619737,37764200
2024-05-21,520.1522216796875,520.308880322423,517.9105452430766,518.1161373062547,33437000
2024-05-22,518.654541015625,520.1718355844711,516.4715368155097,519.4572522789621,48390000
2024-05-23,514.8661499023438,521.8261670726438,513.6522545564001,521.7185015997201,57211200
2024-05-24,518.272705078125,519.085214900637,515.766704674741,516.7162161167117,41291100
2024-05-28,518.635009765625,519.3202570042628,515.9919474153226,519.0853287505071,36269600
2024-05-29,515.0031127929688,516.187612149335,514.2885295747019,514.5919884514224,45190300
2024-05-30,511.5867614746094,514.1221578280299,510.33379112165585,513.4565079924353,46377600
2024-05-31,516.2463989257812,516.373661669616,507.42643355259685,512.5461599640777,90785800
2024-06-03,516.667236328125,518.145395840209,511.57690666155213,517.8615342459523,46835700
2024-06-04,517.2448120117188,517.9887910753831,513.8871673409229,515.3555282041269,34632700
2024-06-05,523.3924560546875,523.4120533239656,517.5777431174533,519.5747526551082,47610400
2024-06-06,523.382568359375,524.1265474920779,521.4443509593684,523.6958258756584,30808500
2024-06-07,522.746337890625,525.5655959158784,521.3073129777647,522.4036844600561,43224500
2024-06-10,524.3614501953125,524.684506328859,521.3366601422468,521.9337792468638,35686100
2024-06-11,525.624267578125,525.6829996240797,520.8275980833798,522.8050098767842,36383400
2024-06-12,529.9412841796875,532.6430781044711,528.9036447482033,530.2056082912144,63251300
2024-06-13,531.0083618164062,531.8698051580913,528.2087008298147,531.6936089856242,44760900
2024-06-14,531.3314208984375,531.3607570534568,528.4631694567662,529.4714728215465,40089900
2024-06-17,535.560302734375,536.960193124675,530.1861097840249,530.6462274065474,55839500
2024-06-18,536.9208374023438,537.0481001268946,535.1979510525092,535.618874007655,41376400
2024-06-20,535.4623413085938,538.5165275797466,533.6807226924603,537.8508777255481,70328200
2024-06-21,534.7444458007812,535.8640147535098,533.2811779308804,534.6364329914431,64338600
2024-06-24,533.0061645507812,537.1406814551851,532.8883214982557,534.5676749075179,45528700
2024-06-25,535.0587768554688,535.4221363045356,532.7116258646143,534.2338154405055,37936200
2024-06-26,535.7265014648438,536.4433900198844,533.2909984741738,533.9391352589275,38550600
2024-06-27,536.571044921875,537.1504898569925,534.8426003010983,535.588979563753,35041500
2024-06-28,534.4595947265625,540.4109684989184,533.2124124479245,537.3468693543182,76144500
2024-07-01,535.5596923828125,536.0899862398126,532.7902601374216,535.8444698344466,40297800
2024-07-02,539.1637573242188,539.1637573242188,533.8999009464727,533.9489922304165,40434800
2024-07-03,541.5698852539062,541.9332447091265,538.8102834790983,538.8495445221813,32789900
2024-07-05,544.6927490234375,545.0953694497009,541.2358597539028,541.8742262180542,41488400
2024-07-08,545.3212890625,546.273863702814,544.2508114321598,545.4783931483458,36110500
2024-07-09,545.8516235351562,547.1872181563506,545.5570158893808,546.283734729133,27289700
2024-07-10,551.2529907226562,551.596689657151,546.7846048716298,547.079212521271,38701200
2024-07-11,546.4996948242188,552.244812960266,545.8613883249984,551.370760432176,53054200
2024-07-12,549.94677734375,553.5607707150377,547.1577452576701,547.6291174546383,53084400
2024-07-15,551.4592895507812,554.709924079379,549.5933410549901,551.9503223190923,40584300
2024-07-16,554.7294311523438,555.024038775581,552.0189211375351,552.7751306542716,36475300
2024-07-17,546.951416015625,550.4573961079295,546.6273177037635,548.7780429724711,57119000
2024-07-18,542.7481689453125,549.4851822920305,540.5581825612591,548.4932867729995,56270400
2024-07-19,539.14404296875,544.1427819375705,538.0833956151523,542.5125199017892,65509100
2024-07-22,544.7025756835938,545.3114514113106,541.1376736329704,543.0821438640331,43346700
2024-07-23,543.8482666015625,546.7551421476373,543.3572338468313,544.5945860387156,34439600
2024-07-24,531.5232543945312,539.3208563195052,530.6001104911534,539.0164184333124,74515300
2024-07-25,528.7537841796875,537.6415236413737,527.8110397958803,531.6410587361225,61158300
2024-07-26,534.6757202148438,537.3764002236553,531.7786151263786,532.5544851999327,53763800
2024-07-29,534.9899291992188,537.2388372702122,532.9864775250034,536.227341129643,39515800
2024-07-30,532.2794189453125,537.5236742807023,528.861850713122,536.4630269208627,46853600
2024-07-31,540.9314575195312,543.5732159258974,537.7594053591405,539.1342609978949,65663400
2024-08-01,533.2714233398438,544.9187063649712,529.7556118911635,542.6599675904316,76428700
2024-08-02,523.3426513671875,527.3592651002363,519.1197223906057,526.1415136511895,82789100
2024-08-05,508.1010437011719,514.189861675624,501.1185425419697,502.46399742687476,146267400
2024-08-06,512.7855224609375,520.249196250666,508.58225336867037,509.9080178114113,84826300
2024-08-07,509.35809326171875,522.0562536075904,508.75904766021273,518.9921539374498,70698300
2024-08-08,521.1329956054688,521.7614718670237,512.4810023749844,514.5138248770706,63276600
2024-08-09,523.4310913085938,524.9238500782335,519.0805482528909,520.3081301514704,45619600
2024-08-12,523.7059936523438,526.1218359834986,521.4275949115357,524.6291374530116,42542100
2024-08-13,532.3186645507812,532.5544105776438,526.6620186567962,526.9075349868316,52333100
2024-08-14,533.9981079101562,535.1864287265759,530.4332054014179,533.1142249967176,42446900
2024-08-15,543.1510009765625,543.4357784074974,539.0361439240991,539.6450197699079,60846800
2024-08-16,544.3687133789062,545.066001447727,541.3734256554437,541.5305297582873,44430700
2024-08-19,549.5736083984375,549.5736083984375,543.926732304356,544.7811244137845,39121800
2024-08-20,548.679931640625,550.7815659083177,547.3345068852593,549.1218730431605,33732300
2024-08-21,550.5655517578125,552.0288197515467,544.7811716197107,549.7308200651719,41514600
2024-08-22,546.2444458007812,553.079643286425,545.0266941664444,552.4707674692565,56121500
2024-08-23,552.0484619140625,552.9912663344013,547.2952387130678,549.4951156938582,50639400
2024-08-26,550.7324829101562,553.7965224345438,549.023698553154,553.0796338099561,35788600
2024-08-27,551.4886474609375,551.9796801643517,548.3067651332959,549.4557648759409,32693900
2024-08-28,548.287109375,551.5770644805714,545.085566530633,551.1449533002178,41066000
2024-08-29,548.336181640625,553.5706069059922,547.187181927915,550.2610513664456,38715200
2024-08-30,553.5706176757812,554.0813108649274,547.1479315360851,550.7128337345928,62700100
2024-09-03,542.1786499023438,550.7520611429293,539.6547347846964,550.4181325533738,60600100
2024-09-04,541.0689697265625,544.486538299349,539.6057018017893,540.3324206417021,47224900
2024-09-05,539.7528686523438,543.8677244549775,537.2878752798619,541.009940946082,44264300
2024-09-06,530.6688842773438,541.7072905965744,529.7654008260863,540.0770882862281,68493800
2024-09-09,536.6103515625,537.8870845889743,532.9472666463545,534.8819667353457,40445800
2024-09-10,538.9476318359375,539.3012209232795,533.6346845678008,538.525350920473,36394600
2024-09-11,544.4766845703125,545.3998284478084,530.2760571886295,538.8592992301786,75248600
2024-09-12,549.06298828125,549.367426167289,542.8268368290717,545.0561445387712,51819600
2024-09-13,551.9306030273438,552.9323289489466,549.4165179190511,549.6718645218532,39310500
2024-09-16,552.7457275390625,553.0108444429941,549.8584528057411,551.6654196124157,36656100
2024-09-17,552.9715576171875,556.4186166721934,550.7324197918623,554.9651191583721,49321000
2024-09-18,551.3316040039062,558.4908400284567,550.7718194675883,553.6296037419249,59044900
2024-09-19,560.7396850585938,562.6056333019461,557.8917313519955,560.769175792154,75315500
2024-09-20,559.7704467773438,560.8146268159833,556.7363903893743,559.3665913435013,77503100
2024-09-23,561.169189453125,561.8193743965802,559.6226102686882,560.844157105768,44116900
2024-09-24,562.77490234375,562.8340046033333,559.1301026711176,561.9671313798626,46805700
2024-09-25,561.53369140625,563.3561212938423,560.4205487537844,562.6173129912877,38428600
2024-09-26,563.760009765625,566.1340809200134,561.395859133459,565.8089884130038,48336000
2024-09-27,562.9423217773438,565.651285439919,561.908002221962,564.8337142422162,42100900
2024-09-30,565.1981811523438,565.8089245059994,559.6029471264981,561.9079952356186,63557400
2024-10-01,560.1348876953125,565.4937128909536,557.5539888818164,564.8435880512217,72668800
2024-10-02,560.3712158203125,561.3957349796159,556.8348209898014,559.2384126817892,38097800
2024-10-03,559.3468017578125,561.2972362765911,557.0515539848665,558.8936443913503,40846500
2024-10-04,564.4298095703125,564.804143911743,559.6226255139783,563.8092058002762,42939100
2024-10-07,559.3270874023438,563.425044167477,558.1745633665616,562.7748592374886,49964700
2024-10-08,564.616943359375,565.2178864241666,561.0313063853904,561.9079798048728,37398700
2024-10-09,568.5277709960938,569.0892725126486,564.0062377966648,564.6071207773316,37912200
2024-10-10,567.5328369140625,568.9612116462271,565.9172950083815,567.1782233614125,44138100
2024-10-11,570.9312744140625,571.6700825909913,567.3159964454156,567.4539217349562,42268000
2024-10-14,575.6006469726562,576.5364828744649,572.0641913408873,572.5468698259319,36217200
2024-10-15,571.1283569335938,576.1719497636773,569.9068101256781,575.8665780927906,54203600
2024-10-16,573.6107177734375,574.1328378005626,570.3205920106161,571.1283629185417,30725400
2024-10-17,573.6599731445312,577.3737353042621,573.4728059770134,577.1668473429936,34393700
2024-10-18,575.8666381835938,576.6546883722069,573.8866222523045,575.3543785050263,37416800
2024-10-21,574.9208984375,576.1226643625554,571.936084169767,575.1375866701346,36439000
2024-10-22,574.615478515625,575.7778628801683,571.7193479380794,572.3793331017681,34183800
2024-10-23,569.3650512695312,573.0295715850681,565.8483166590198,572.5862745943635,49314600
2024-10-24,570.596435546875,571.4042065299044,567.966294746531,571.3253834738008,34979900
2024-10-25,570.3992919921875,575.7384556877671,569.4536560087178,572.8324648441098,47268200
2024-10-28,572.1627197265625,574.0146706850179,571.8573480325817,573.8866057690544,30174700
2024-10-29,573.0886840820312,574.2116269876768,569.798498044357,571.1972915711463,42899700
2024-10-30,571.35498046875,574.615585559352,570.6456931929514,572.6158487794029,41435800
2024-10-31,560.1546020507812,567.0402856066526,559.957574484397,566.9713229521994,60182500
2024-11-01,562.518798828125,566.9615092751701,562.1050829916865,562.7946494686686,45667500
2024-11-04,561.30712890625,563.9569903576214,559.4157965332372,562.6566805623088,38217000
2024-11-05,568.0943603515625,568.1337418174742,562.0065869653796,562.2232752144567,39478300
2024-11-06,582.2202758789062,583.0970094221752,576.6546231997903,580.4077666623799,68182000
2024-11-07,586.7221069335938,587.7466262080364,584.1510685994552,584.2298916492671,47233200
2024-11-08,589.263671875,590.6920466620936,587.2737955457643,587.2737955457643,46444900
2024-11-11,589.8251953125,591.2141285608711,588.0914487582369,590.8595149814204,37586800
2024-11-12,587.992919921875,590.3472099973874,585.5006444102133,589.7463270131273,43006100
2024-11-13,588.2786254882812,590.2881625954766,586.0819211903879,588.4559322808827,47388600
2024-11-14,584.4957885742188,588.8892564552813,583.8062823316938,588.406578035767,38904100
2024-11-15,577.0092163085938,581.3928237454572,575.1474051756758,580.9199456029655,75988800
2024-11-18,579.3734741210938,580.6934445713057,576.6054081851684,577.4722212479682,37001700
2024-11-19,581.4913330078125,582.2202808592402,575.3149369393851,575.9847825359503,49412000
2024-11-20,581.6884155273438,581.9740664321081,575.9060139035164,581.5702110064499,50032600
2024-11-21,584.8110961914062,586.2394709664421,578.6839413917952,584.5451660811236,46750300
2024-11-22,586.6236572265625,587.2541214128702,584.2988881794737,584.8012273246769,38226400
2024-11-25,588.6134643554688,591.8937295695996,586.3182166457023,590.5737592167452,42441400
2024-11-26,591.6869506835938,592.3567963116076,589.1454333564441,589.8645208450938,45621300
2024-11-27,589.89404296875,591.883858859544,588.3671846956962,591.4997242855515,34000200
2024-11-29,593.5585327148438,594.3465828189082,590.4358533637491,590.7116438442056,30177400
2024-12-02,594.6224975585938,595.3022036230897,593.4797736787345,593.9723125624453,31746000
2024-12-03,594.8982543945312,595.1445238224464,593.3517352966707,594.3860548690404,26906600
2024-12-04,598.59228515625,598.8385545797807,595.9227630847732,596.5926087018526,42787600
2024-12-05,597.6072387695312,599.4000874816838,597.2526252109184,598.5923165152608,28762200
2024-12-06,598.7401123046875,599.9813199050982,597.9619225172376,598.3756383425828,31241500
2024-12-09,595.65673828125,598.7892779517493,595.0657157488416,598.6218315882949,34742700
2024-12-10,593.8048095703125,596.7600425908593,593.1448243638806,596.3364664061719,37234500
2024-12-11,598.3953247070312,599.3508212217944,596.4645507592219,596.7404013764967,28677700
2024-12-12,595.31201171875,598.0997382660831,595.31201171875,597.5284365007215,31543800
2024-12-13,595.19384765625,598.0702578450652,593.8147147595496,597.3511703289549,35904700
2024-12-16,597.7352294921875,598.710506843877,596.1788501366708,596.9570398144291,43695200
2024-12-17,595.2725830078125,596.1394561956839,593.8935102993782,595.1740992873428,55773500
2024-12-18,577.5313720703125,597.3609304879477,577.1471773446116,594.9671989364094,108248700
2024-12-19,577.35400390625,584.1510639445604,577.1077344863745,582.5355221203287,85919500
2024-12-20,584.2886352539062,588.8352196171104,574.1674387147792,575.0175026728227,125716700
2024-12-23,587.7875366210938,588.3904419763173,580.8391036798633,584.0316546408188,57635800
2024-12-24,594.32080078125,594.3603751171399,588.5584517113257,589.1416302251183,33160100
2024-12-26,594.3603515625,595.4870738828115,591.1381803052061,592.5416816588521,41219100
2024-12-27,588.1038208007812,590.8416891446476,583.9031498920888,590.6044241129971,64969300
2024-12-30,581.3926391601562,584.8718026484725,577.6268633515982,581.0665128281782,56578800
2024-12-31,579.2774047851562,583.7844745956663,577.6366385699235,583.0629066605094,57052700
2025-01-02,577.8541870117188,584.268848917565,573.7622248829753,582.5490544849214,50204000
2025-01-03,585.0792846679688,585.7217039617416,579.623335665357,580.7106042287589,37888500
2025-01-06,588.44970703125,592.7393596690575,586.7101255067332,589.3491785436146,47679400
2025-01-07,581.7978515625,590.8119920606497,579.9693484070148,590.4858054370367,60393100
2025-01-08,582.6478271484375,583.7252021495292,578.4076425523384,581.867018332763,47304700
2025-01-10,573.7523193359375,579.148967552338,571.8348342474784,579.0797727939155,73105000
2025-01-13,574.6419067382812,574.9977137931114,568.6719735158341,569.0871420731995,47910100
2025-01-14,575.4326171875,578.2099995586356,571.6371609030458,577.5774134567713,48420600
2025-01-15,585.8997802734375,587.0462899008115,582.3613155434388,583.4782047431863,56900200
2025-01-16,584.7728881835938,587.4513947839769,584.0711073889483,587.2734912712623,43319700
2025-01-17,590.6439819335938,592.4032903303786,588.6968161028142,590.0311830207747,58070600
2025-01-21,596.0504760742188,596.0603696579795,591.7213092581105,593.6980955549004,42532900
2025-01-22,599.401123046875,600.7651103716523,598.3336415912388,598.887139322545,48196000
2025-01-23,602.6727294921875,602.6727294921875,598.4918457286775,598.7685644436611,41152100
2025-01-24,600.913330078125,603.6907726306447,599.7569270310084,602.7319999441287,34604700
2025-01-27,592.4131469726562,592.7294399928927,587.738067076367,587.9060770060557,70361100
2025-01-28,597.5034790039062,598.3435890966371,590.3178411060637,593.6487213775014,44433300
2025-01-29,594.8248901367188,597.1179695261326,592.2649252873389,596.7126945442042,37177400
2025-01-30,598.017333984375,599.5592247930683,593.747468592595,596.9499128814751,39281300
2025-01-31,594.8347778320312,602.880312619884,594.0736957955036,600.4488437325783,66566900
2025-02-03,590.831787109375,593.3224968021361,583.6362560871698,585.7909458950113,65857200
2025-02-04,594.7952270507812,595.3091504392034,590.3474581129256,590.8910622510958,33457800
2025-02-05,597.206787109375,597.3550701894691,591.6322964600274,593.6683836187973,30653100
2025-02-06,599.2825317382812,599.4110276717307,595.6353586638426,598.9563451128535,35771500
2025-02-07,593.7969360351562,601.0714946997704,593.0852616403969,599.8458969203407,50788500
2025-02-10,597.8295288085938,598.4720084396736,595.7440338934362,597.0190995725444,26048700
2025-02-11,598.2842407226562,598.8278448766438,595.4376636934635,595.5562660424524,30056700
2025-02-12,596.3568725585938,597.5330628123784,591.5631899435128,592.2451836255683,45076100
2025-02-13,602.6529541015625,602.860538386905,596.198778008583,597.4638899085884,40921300
2025-02-14,602.623291015625,603.8982964094444,602.0005985304107,602.8604957096632,26910400
2025-02-18,604.3924560546875,604.3924560546875,601.3185681498265,603.7895507730377,26749000
2025-02-19,605.8157958984375,606.1123017730542,602.4849158656623,602.9988995994843,31011100
2025-02-20,603.2954711914062,604.5803703391965,599.974484380483,604.4419808070575,36554000
2025-02-21,592.9766235351562,603.2163626901448,592.5120473575615,603.0779731626286,76519800
2025-02-24,590.2783203125,596.0307759330515,589.5666458438759,595.0324891561768,50737200
2025-02-25,587.3427734375,590.9504327968516,582.7171004383193,590.2190314712642,58266500
2025-02-26,587.6392211914062,592.620761102799,584.9903348809851,589.013102100412,43321600
2025-02-27,578.2593994140625,591.0788899188873,577.8640783507352,589.9224264999975,74196700
2025-02-28,587.283447265625,587.8171578604871,575.6797210871997,578.7635029554216,88744100
2025-03-03,576.9942626953125,590.4067643806418,573.1691862018861,589.2601945949107,74249200
2025-03-04,570.1644897460938,578.5955127414016,565.608011549554,572.9814465763258,109648200
2025-03-05,576.29248046875,578.0913631561872,566.4283366011412,569.9964212260836,71230500
2025-03-06,566.0626220703125,573.4359958315716,563.5026574515875,568.800429877349,80094900
2025-03-07,569.2353515625,570.6883208259039,559.0648080255879,564.2736590980126,81158800
2025-03-10,554.073486328125,562.9294509409499,549.1414138289008,561.0021324297065,99326600
2025-03-11,549.467529296875,557.4735503902486,545.6128320238284,552.9071786453155,88102100
2025-03-12,552.3832397460938,556.574016783005,547.2633707942651,555.6449248680879,69588200
2025-03-13,545.019775390625,552.6205217060727,543.2999808309211,552.00772273254,74079400
2025-03-14,556.2775268554688,557.2857071377122,545.0889095501292,549.655280917059,62660300
2025-03-17,560.567138671875,563.0974224498057,555.8228038023716,556.2576991545186,49008700
2025-03-18,554.5083618164062,558.4619345411708,552.571089463648,558.244456671408,66041400
2025-03-19,560.54736328125,564.3230320254004,555.1112014285828,556.2972851708735,66556000
2025-03-20,558.9264526367188,563.9475069089323,556.0699818531248,556.7915499004863,62958200
2025-03-21,559.11083984375,560.0130172119408,553.2122577806573,554.4514658625183,83763000
2025-03-24,569.1236572265625,570.1844265679264,565.2771506364932,565.8719462913679,58766800
2025-03-25,570.4917602539062,571.4335099767462,568.7370222712309,570.3331077369899,38355700
2025-03-26,563.6810302734375,571.3541962868256,562.2930931538029,570.2240241043976,51848300
2025-03-27,562.18408203125,565.971108987233,560.062543386952,562.2831944691987,42164200
2025-03-28,550.8626708984375,561.3811152230641,550.2777985606353,560.6475137101825,71662700
2025-03-31,554.5604858398438,555.869096797962,542.1485586831927,545.0830251203251,95328200
2025-04-01,556.1267700195312,558.0797932554686,548.8997308809147,552.6372015020189,54609600
2025-04-02,559.6461791992188,562.5211054527999,550.019989677278,550.2579079318416,76014500
2025-04-03,532.06640625,543.2390654249921,532.06640625,540.4037717910755,125986000
2025-04-04,500.9176330566406,521.3298644038904,500.69953122991006,519.1488461365848,217965100
2025-04-07,500.025390625,518.653143533525,477.6403203280687,484.9665325599909,256611400
2025-04-08,492.1936340332031,520.4475480659574,484.93682423959376,517.3544895320528,165816600
2025-04-09,543.8834838867188,543.8834838867188,488.7932402716448,489.17988772825765,241867300
2025-04-10,520.0510864257812,528.8940591891369,504.9228230551959,527.5755247234605,162331200
2025-04-11,529.3302001953125,531.7986929533369,515.5799524923516,518.4945722506925,97866300
2025-04-14,534.4654541015625,539.580938661594,529.2508571038156,539.3528832417228,68034000
2025-04-15,532.9684448242188,538.5399188279399,532.175363851926,535.0106570692674,56892900
2025-04-16,521.1217041015625,533.2461579222,515.7980706703437,527.0897499812648,83484800
2025-04-17,521.8651733398438,526.5840872057769,519.3867572764926,523.0845951885916,79868100
2025-04-21,509.443359375,517.1958517151049,504.0701402922449,516.6604751455176,69368100
2025-04-22,522.697998046875,524.7302873126982,514.7075863102422,515.6493966065633,75948100
2025-04-23,530.79736328125,540.7209502963145,529.2706808590098,535.7641184612734,90590700
2025-04-24,541.9701538085938,542.7037553366079,530.8272040401201,532.086198348384,64150400
2025-04-25,545.885986328125,546.2924199116221,538.9959780328687,541.9304442378503,61119600
2025-04-28,546.0941772460938,548.770878725811,540.3145544882295,546.6295538469604,47613800
2025-04-29,549.5341796875,550.6544284573699,543.8139767217216,544.1708540710082,47775100
2025-04-30,549.7523803710938,551.7153272696712,536.8448291409326,542.8425846178815,93101500
2025-05-01,553.6483764648438,559.2000647311057,553.0436574695955,555.5319968692943,63186100
2025-05-02,561.8668212890625,563.4728299899488,557.52463168794,559.8543184862792,60717300
2025-05-05,558.6448974609375,561.7578025218996,556.850526672483,557.7130106117388,38659200
2025-05-06,553.9755249023438,558.486229861133,552.151444635027,553.1130409863903,48264700
2025-05-07,556.3052978515625,558.9522292842823,551.239369394788,555.3139314189718,55588000
2025-05-08,560.1815185546875,565.3861923682981,556.850541835946,560.3599572530266,65130800
2025-05-09,559.4677734375,562.6004648206437,557.9013974918248,561.5892516710271,37603400
2025-05-12,577.9567260742188,577.9666494201874,572.0580835025086,576.4498296839446,78993600
2025-05-13,581.7734985351562,583.9941496422729,577.8080328415324,578.3730584556538,67947200
2025-05-14,582.5170288085938,583.8949821637985,580.4846792150129,582.7351003798474,66283500
2025-05-15,585.3622436523438,585.8677897044162,580.0484736048338,580.5045239452851,71268100
2025-05-16,589.0699462890625,589.3673441171694,584.1924403834937,586.1454032115668,76052100
2025-05-19,589.7142944335938,590.3983396880136,583.0225710566098,583.0225710566098,68168500
2025-05-20,587.7315673828125,588.9212192076606,584.5096264657933,587.9695461543464,60614500
2025-05-21,577.827880859375,587.4639949903343,576.7968814516564,583.3597230362551,95197700
2025-05-22,578.0558471679688,581.5553390131786,576.3902984080268,577.629506378804,70860400
2025-05-23,574.1102294921875,576.7869310981343,570.6305234552773,571.0072475595028,76029000
2025-05-27,586.0463256835938,586.2049176986301,573.4361124467979,581.0101669642168,72588500
2025-05-28,582.65576171875,587.6522871583933,581.9221602554891,586.452712017421,68445500
2025-05-29,584.9557495117188,588.0785779673218,581.0101304856973,587.9397721452495,69973300
2025-05-30,584.3014526367188,586.026420478472,578.2045251191539,583.8454023131852,90601200
2025-06-02,587.5928344726562,587.6721002233023,580.008856873824,582.6855584091887,61630500
2025-06-03,590.9436645507812,591.9251076728165,586.7402198994458,587.226040295674,63606200
2025-06-04,590.7849731445312,592.7875526407612,590.3487695069823,591.8061095833268,57314200
2025-06-05,587.9298095703125,593.8284515327539,585.9470768439928,592.4702844558809,92278700
2025-06-06,593.96728515625,595.6426968087642,591.7069406984755,593.4913881340742,66588700
2025-06-09,594.5026245117188,596.0590770966814,593.322896017802,594.5422573867003,53016400
2025-06-10,597.873291015625,598.2598779419187,593.9177485918233,595.0379370041686,66247000
2025-06-11,596.1681518554688,599.8362200559476,594.0962297274801,598.9737360301211,73658200
2025-06-12,598.5374755859375,598.5374755859375,594.3440149953893,594.8297748594797,64129000
2025-06-13,591.8457641601562,596.6538671866508,590.338867810054,593.3328138188501,89506000
2025-06-16,597.4766845703125,599.2314224312138,595.0379014846701,595.2164006808653,79984100
2025-06-17,592.3711547851562,596.5546916720157,591.6077833451126,595.0280093001275,82209400
2025-06-18,592.281982421875,596.0293161899417,591.3203254879343,593.2733488854554,76605000
2025-06-20,590.8909301757812,596.041382049652,589.4789845501997,594.9675241520906,94051400
2025-06-23,596.7274780273438,597.1152078061239,588.5145735944315,591.6465733053511,87426000
2025-06-24,603.3196411132812,604.3834856367664,599.9688039561656,600.8836010096178,67735300
2025-06-25,603.65771484375,605.1392079707367,602.086708265907,604.4431877891288,62114800
2025-06-26,608.380615234375,608.8181084243395,604.9005750782753,605.517034479532,78548400
2025-06-27,611.4032592773438,612.8748603878714,607.3465704310272,609.3848675360332,86258400
2025-06-30,614.3265380859375,615.6887204777686,611.5325652115941,613.8592475033348,92502500
2025-07-01,614.127685546875,615.3009489521946,612.0098276707645,612.8450033281383,70030100
2025-07-02,616.9116821289062,616.9514321677677,613.0935543503272,613.7199664131181,66510400
2025-07-03,621.7738037109375,622.7084454552534,618.880365032573,618.9002703953504,51065800
2025-07-07,617.140380859375,620.471312902668,614.3464081455963,619.8050900817584,74814500
2025-07-08,616.8023681640625,618.5622329876766,615.9870371559156,617.8065573856337,59024600
2025-07-09,620.5010986328125,621.1573080723725,617.3690382262929,619.2184771119485,66113300
2025-07-10,622.2510986328125,623.2950985850023,619.4571258490619,620.6403419781,57529000
2025-07-11,620.0635986328125,621.2965174183169,617.9855515244625,619.1886122649546,63670200
2025-07-14,621.2467651367188,621.5947448449341,618.2539211725837,619.6061506560952,51898500
2025-07-15,618.592041015625,624.2793915612978,618.5124802515571,623.9413645164026,74317300
2025-07-16,620.66015625,621.1672575214722,614.5253596449445,620.1829130237127,88987500
2025-07-17,624.4583740234375,624.8163671275224,620.6204015046147,620.8391784397268,68885700
2025-07-18,624.0010375976562,625.8802131347736,622.8874296174818,625.7111996075373,65621600
2025-07-21,625.1842651367188,627.9384270926762,624.7567246264017,625.1842651367188,63375000
2025-07-22,625.2737426757812,626.1387764125508,622.6189860590433,625.5123643014988,60046300
2025-07-23,630.59326171875,630.59326171875,626.1387689061065,627.9483971288857,70511000
2025-07-24,630.802001953125,632.5221773472229,630.3744614468128,630.9809681636451,71307100
2025-07-25,633.4667358398438,633.9440397736063,631.2196750953526,631.4682494008442,56865400
2025-07-28,633.3076782226562,634.4013808975731,631.9156378299562,633.8445768779104,54917100
2025-07-29,631.63720703125,635.0277335557481,630.7224706603868,634.7095511904303,60556300
2025-07-30,630.841796875,634.0434045947875,627.9384054781906,632.2934318863223,80418900
2025-07-31,628.4754028320312,636.2010509521909,627.1728759033415,635.8133211591798,103385200
2025-08-01,618.1743774414062,622.7680859762785,615.7582427178595,622.7282752516747,140103600
2025-08-04,627.5704956054688,627.6201983240026,622.0124086950358,622.1018614509808,73218000
2025-08-05,624.3887329101562,629.0022861088522,623.4640438716077,628.1869551885334,68051400
2025-08-06,629.17138671875,629.8275961427472,624.5478806448895,625.462617040701,64357500
2025-08-07,628.6443481445312,633.347354057562,625.5222406525087,632.6115839056886,74205800
2025-08-08,633.5462646484375,634.0136158764692,630.125879949944,630.4440623273716,64051600
2025-08-11,632.29345703125,635.3062066703783,631.0406328520911,633.824713555593,58742300
2025-08-12,639.02490234375,639.1839632015094,633.1585242910344,634.6499701667667,64730800
2025-08-13,641.2123413085938,642.5049155421342,639.0149226306152,641.2321859855442,60092800
2025-08-14,641.27197265625,641.9381347685223,638.6768716045066,639.1242567818475,59327500
2025-08-15,639.7706298828125,642.4055418903916,638.8558933981693,642.3060757523746,68592500
2025-08-18,639.63134765625,640.327367802147,638.5177396976476,639.1938544805789,43804900
2025-08-19,636.1612548828125,640.4367204754008,634.8388226855677,639.4523760102862,69750700
2025-08-20,634.470947265625,636.0120957287904,629.3404006137462,635.7536294439067,88890300
2025-08-21,631.925537109375,634.3317192031022,630.1954697904521,632.6514152909955,54805800
2025-08-22,641.6299438476562,642.8131599802851,633.6159105915494,634.1230118894028,84083200
2025-08-25,638.8060302734375,641.6099553847616,638.6867194761113,640.3670840067143,51274300
2025-08-26,641.4807739257812,641.8288143683822,637.9112808564007,638.5376929659955,51581600
2025-08-27,642.9423828125,643.6781530071313,640.7449642231398,640.8941330732226,48341100
2025-08-28,645.2192993164062,645.7761033013204,641.6597591604225,643.548887361664,61519500
2025-08-29,641.3713989257812,644.1455269630451,639.472317969575,643.777581165663,74522200
2025-09-02,636.61865234375,636.8373685858147,631.2991262066306,633.8644298326893,81983500
2025-09-03,640.06884765625,640.5361988813526,636.8075845104526,639.0049424066366,70820900
2025-09-04,645.4181518554688,645.4480098993379,639.8401594892221,640.7449431803722,65219200
2025-09-05,643.5488891601562,648.4905776412766,639.6612139364762,647.7646994415851,85178900
2025-09-08,645.1298217773438,646.1340715853498,643.5389099622073,644.9209975333657,63133100
2025-09-09,646.6212768554688,647.148222783044,643.5289666240282,645.2689866211995,66133900
2025-09-10,648.4906005859375,650.8172220560821,646.9195940128865,649.8925329397852,78034500
2025-09-11,653.8796997070312,654.5757199134183,649.8627606991871,650.4493620868353,69934400
2025-09-12,653.660888671875,655.3512060315065,653.1538480823614,653.8498075653706,72780100
2025-09-15,657.1409301757812,657.2701936656516,655.5799369896564,655.8782140097094,63772400
2025-09-16,656.2361450195312,658.0060231465056,655.450672087237,657.6977327581834,61169000
2025-09-17,655.4208374023438,657.9463305061431,650.5686620900484,656.2461210913638,101952200
2025-09-18,658.4832763671875,661.0982828700095,656.5046346401509,658.1153912564865,90459200
2025-09-19,661.74462890625,662.5921003065068,658.4244226642126,660.3786700487054,97945600
2025-09-22,664.8753662109375,665.3239917254978,660.2190812650523,660.2490220888672,69452200
2025-09-23,661.256103515625,665.3739407705357,660.0296859026699,664.7557113987294,81708900
2025-09-24,659.1522216796875,662.6518901422049,657.7264420940938,662.5522091075384,68082200
2025-09-25,656.1112670898438,657.4672457066506,652.4819765077987,656.0016057727498,89622100
2025-09-26,659.8701782226562,660.4185456623683,655.9417836675868,657.5669862915963,69179200
2025-09-29,661.7246704101562,663.3199930316334,659.9100251593522,662.4026597035332,73499000
2025-09-30,664.21728515625,664.6859320813617,659.6607420426623,660.976860345401,86288000
2025-10-01,666.4806518554688,667.3979243492374,661.1065170498754,661.2161783670498,72545400
2025-10-02,667.248291015625,668.5943501107935,664.8155382515555,668.4747085274895,56896000
2025-10-03,667.2384033203125,670.6981508367895,666.1914481336265,668.0160736487628,70494400
2025-10-06,669.6312866210938,670.5286593813627,667.4876574687494,669.6412668959266,54623300
2025-10-07,667.1486206054688,671.0072138668005,665.7028804529681,670.5585274945992,72020100
2025-10-08,671.1268920898438,671.2266339865188,667.4477610054765,668.2753327277967,60702200
2025-10-09,669.1826171875,671.9544560264949,667.2384109165724,671.5456907353398,66501900
2025-10-10,651.0960693359375,671.9643973425017,650.9166069608107,670.1497521868876,159422600
2025-10-13,661.0865478515625,663.170417127303,657.8262232173948,658.7036354539871,79560500
2025-10-14,660.2789306640625,663.8683609233883,651.2456255038628,655.2338407773344,88779600
2025-10-15,663.2102661132812,668.2553559603689,656.988660072404,664.855429242796,81702600
2025-10-16,658.6936645507812,666.7398963555108,655.1740352792065,664.8554499895176,110563300
2025-10-17,662.4326171875,663.7985760836355,656.2010306703355,657.5570092911896,96500900
2025-10-20,669.3222045898438,670.2295576279439,665.3041094156895,665.3539499346838,60493400
2025-10-21,669.3121948242188,671.0071983826805,668.0060568363804,669.4617772299453,56249000
2025-10-22,665.83251953125,670.0201576878661,661.3457774038759,670.0201576878661,80564000
2025-10-23,669.7808837890625,670.7280970890292,665.8325287543602,666.1515932793667,65604500
2025-10-24,675.2546997070312,676.4710761570719,673.6594379369009,674.4670490970213,74356500
2025-10-27,683.2211303710938,683.5202343374859,680.1103274099472,680.7185156175003,63339800
2025-10-28,685.0357666015625,686.8802917495992,682.8123561492805,685.0257863269245,61738100
2025-10-29,685.3648071289062,687.6679989086465,680.8581046045199,686.6908448301914,85657100
2025-10-30,677.8270874023438,683.919071384824,677.8270874023438,681.8851035842282,76335800
2025-10-31,680.050537109375,683.0616591685175,677.2388379885472,683.0217380676526,87164100
2025-11-03,681.3267822265625,683.7794956694769,677.9367749059246,683.6498738048132,57315000
2025-11-04,673.2506103515625,677.9567360174515,672.5925816080086,674.1180423048241,78427000
2025-11-05,675.583740234375,678.8540450990596,672.1837526501265,672.9913638051393,74402400
2025-11-06,668.3351440429688,675.384321857154,666.7498016918889,674.4769688014325,85035300
2025-11-07,668.9931640625,669.1028862313885,659.2619700189845,665.9421818455136,100592400
2025-11-10,679.432373046875,680.1701831536659,673.0412846911101,675.2447347362015,75842900
2025-11-11,680.9877319335938,681.5560598909952,676.7302928180768,677.9467300747958,58953400
2025-11-12,681.3666381835938,682.9420002443612,678.9438047256676,682.7724572806613,62312500
2025-11-13,670.0599975585938,678.8540191634994,668.5445172010542,678.4950944095032,103457800
2025-11-14,669.9503784179688,673.669369761962,661.3159189526839,663.4196879466924,96846700
2025-11-17,663.7088012695312,671.7251529532939,660.2191128892804,667.7269573864955,90456100
2025-11-18,658.1353149414062,663.1604443809363,653.9277160969795,660.1493223141129,114467500
2025-11-19,660.6777954101562,665.3739409367662,656.8092216159307,658.8332701356088,94703000
2025-11-20,650.6075439453125,673.5696612658603,649.969414909385,670.9274443593279,165293500
2025-11-21,657.08837890625,662.5920743656175,648.9324254696204,653.1200634979649,123956200
2025-11-24,666.759765625,668.0858642133718,659.6408477705503,660.7375826041805,80437900
2025-11-25,673.03125,674.2177464111714,662.5222643995295,666.6600618545837,81077100
2025-11-26,677.6775512695312,679.6916195137131,674.7262499751725,675.6336030547216,71879600
2025-11-28,681.3765869140625,681.6557303234264,678.4950869285864,678.8540116786253,49212000
2025-12-01,678.2658081054688,680.9777652313311,676.7402865806703,676.8100876493213,61201200
2025-12-02,679.5220947265625,681.8053259843603,677.3285642303521,679.91089945233,62953800
2025-12-03,681.8751220703125,682.8920755410956,677.6874840363832,678.5648962284573,57238500
2025-12-04,682.3736572265625,683.3507504660292,679.3326553413237,683.2809493981625,61970300
2025-12-05,683.6697998046875,686.3618571461667,682.5630847287977,683.4504163312143,79241000
2025-12-08,681.6159057617188,684.6170474876437,679.5619773329797,684.5672069678625,55231500
2025-12-09,681.027587890625,683.3707007727439,680.5789623765876,681.1373100558188,58310100
2025-12-10,685.5443115234375,686.9401503769751,679.3027447895911,680.5490620813229,85671300
2025-12-11,687.1395263671875,687.2193077079016,680.1601500103427,683.1214313379483,86173700
2025-12-12,679.7514038085938,686.8504219479569,677.1690077077839,686.1424918468441,113160300
2025-12-15,678.7244262695312,683.7396361862291,677.2488060921288,683.7196756361553,90811000
2025-12-16,676.8699340820312,679.0734449717613,672.9913800472318,677.2288588584025,122030600
2025-12-17,669.4219360351562,678.4352803496147,669.2225131069573,677.8869129385677,110625200
2025-12-18,674.4769287109375,678.7343677454887,672.9116078583543,675.603604329658,108650100
2025-12-19,680.5900268554688,681.0900268554688,676.469970703125,676.5900268554688,103599500
2025-12-22,684.8300170898438,685.3599853515625,680.5900268554688,683.9400024414062,69556700
2025-12-23,687.9600219726562,688.2000122070312,683.8699951171875,683.9199829101562,64840000
2025-12-24,690.3800048828125,690.8300170898438,687.7999877929688,687.9500122070312,39445600
2025-12-26,690.3099975585938,691.6599731445312,689.27001953125,690.6400146484375,41613300
2025-12-29,687.8499755859375,689.2000122070312,686.0700073242188,687.5399780273438,62559500
2025-12-30,687.010009765625,688.5599975585938,686.5800170898438,687.4500122070312,47160700
2025-12-31,681.9199829101562,687.3599853515625,681.7100219726562,687.1400146484375,74144800
2026-01-02,683.1699829101562,686.8699951171875,679.8200073242188,685.7100219726562,89377200
2026-01-05,687.719970703125,689.4299926757812,686.3800048828125,686.5399780273438,71927200
2026-01-06,691.8099975585938,692.3200073242188,687.780029296875,687.9299926757812,69273800
2026-01-07,689.5800170898438,693.9600219726562,689.3200073242188,692.1900024414062,75588300
2026-01-08,689.510009765625,690.6199951171875,687.489990234375,688.8200073242188,64019200
2026-01-09,694.0700073242188,695.3099975585938,689.1799926757812,690.6300048828125,80125500
2026-01-12,695.1599731445312,696.0900268554688,690.6300048828125,690.6799926757812,63976000
2026-01-13,693.77001953125,696.0900268554688,691.3499755859375,695.489990234375,78309700
2026-01-14,690.3599853515625,691.719970703125,686.0399780273438,691.0,94676700
2026-01-15,692.239990234375,695.4500122070312,691.25,694.5700073242188,77862000
2026-01-16,691.6599731445312,694.25,690.0999755859375,693.6599731445312,79289200
2026-01-20,677.5800170898438,684.77001953125,676.5700073242188,681.489990234375,111623300
2026-01-21,685.4000244140625,688.739990234375,678.1300048828125,679.6500244140625,127844500
2026-01-22,688.97998046875,691.1300048828125,686.9199829101562,689.8499755859375,77112200
2026-01-23,689.22998046875,690.9600219726562,687.1599731445312,688.1500244140625,63059600
2026-01-26,692.72998046875,694.1300048828125,689.9199829101562,690.489990234375,60473800
2026-01-27,695.489990234375,696.530029296875,693.5700073242188,694.1799926757812,55506100
2026-01-28,695.4199829101562,697.8400268554688,693.9400024414062,697.0499877929688,61172200
2026-01-29,694.0399780273438,697.0599975585938,684.8300170898438,696.3900146484375,97486200
2026-01-30,691.969970703125,694.2100219726562,687.1199951171875,691.7899780273438,101835100
2026-02-02,695.4099731445312,696.9299926757812,689.4199829101562,689.5800170898438,79286500
2026-02-03,689.530029296875,696.9600219726562,684.030029296875,696.2100219726562,107904600
2026-02-04,686.1900024414062,691.4500122070312,681.760009765625,690.3499755859375,105204600
2026-02-05,677.6199951171875,683.6900024414062,675.7899780273438,680.9400024414062,113610800
2026-02-06,690.6199951171875,692.3099975585938,680.8499755859375,681.4600219726562,88754500
